Filename,Segment,WC,WPS,Sixltr,Dic,funct,pronoun,ppron,i,we,you,shehe,they,ipron,article,verb,auxverb,past,present,future,adverb,preps,conj,negate,quant,number,swear,social,family,friend,humans,affect,posemo,negemo,anx,anger,sad,cogmech,insight,cause,discrep,tentat,certain,inhib,incl,excl,percept,see,hear,feel,bio,body,health,sexual,ingest,relativ,motion,space,time,work,achieve,leisure,home,money,relig,death,assent,nonfl,filler,Period,Comma,Colon,SemiC,QMark,Exclam,Dash,Quote,Apostro,Parenth,OtherP,AllPct
393.Poe.6.9.09.docx,1,189,11.81,32.28,65.61,38.62,6.35,2.65,0.53,0.53,0,0,1.59,3.7,6.88,10.58,7.41,2.65,5.82,0.53,3.7,8.47,6.88,0.53,1.59,1.06,0,7.94,0,0,1.59,1.06,0,1.06,0.53,0.53,0,10.05,0,2.12,0.53,0.53,0.53,0.53,4.76,1.06,2.65,0,2.12,0.53,0.53,0,0,0,0.53,12.7,0.53,7.94,3.17,3.7,1.06,0.53,0,1.59,0,0.53,0,0,0,9.52,4.76,0,0,0,0,0,0,2.65,0,0,16.93
394.Royce.6.9.09.docx,1,151,12.58,21.85,71.52,45.03,9.27,2.65,0.66,0.66,0,0.66,0.66,6.62,4.64,15.23,10.6,5.96,5.3,1.99,1.99,9.93,3.31,3.31,1.99,2.65,0,3.31,0,0,1.32,5.3,0,5.3,1.32,2.65,1.32,13.91,1.32,0.66,2.65,1.99,3.31,1.32,2.65,1.32,1.32,0,0.66,0.66,0,0,0,0,0,13.91,1.99,5.96,4.64,1.32,0.66,0,0,0,0,1.32,0,0,0,8.61,5.96,0,0,0,0,0,0,4.64,0,0,19.21
458.Adams.3.6.12.docx,1,387,22.76,27.39,68.22,43.93,5.68,2.07,0.78,0.26,0,0.26,0.78,3.62,11.89,7.49,5.68,0.26,3.62,2.33,3.1,13.95,2.84,1.55,2.07,0.26,0,3.88,0,0.26,0,6.98,2.33,4.65,0,3.88,0.26,10.85,1.03,1.03,2.07,1.29,1.29,0.52,2.58,1.81,1.55,0,0.78,0,0.26,0,0.26,0,0,11.89,1.03,7.75,3.1,2.58,1.03,0,0.26,1.81,0.26,0,0,0,0,4.39,4.13,0,0.26,0,0,0.26,0,0.26,0,0,9.3
459.Andrews.2.8.07.docx,1,639,24.58,30.67,74.96,49.77,14.55,5.95,2.66,1.72,0.16,0.63,0.78,8.61,7.04,11.27,8.14,1.1,6.42,1.72,1.41,13.46,4.38,1.1,0.78,0.63,0,6.89,0,0.16,0.94,5.16,2.35,2.82,0.16,2.03,0.47,14.24,2.03,0.78,3.13,2.35,1.25,1.1,3.13,2.19,0.94,0.16,0.78,0,0.47,0.47,0,0,0,11.11,1.88,6.57,3.13,2.19,2.5,0,0.47,0,0.63,1.1,0,0,0,4.07,5.01,0,0.31,0,0,0.31,0,1.41,0,0,11.11
460.Andrews.3.3.04.docx,1,6090,20.1,28.87,74.52,48.9,12.22,6.06,0.99,2.23,0.1,0.89,1.86,6.16,8.33,12.1,7.42,2.43,5.94,1.53,2.3,12.07,4.14,1.36,1.69,0.66,0,9.06,0.16,0.07,1.17,6.26,2.82,3.4,0.97,1.64,0.25,14.42,2.25,1.56,2.13,1.43,1.22,0.66,4.24,2.17,0.94,0.34,0.44,0.1,0.66,0.1,0.43,0.08,0.07,11.38,1.64,5.55,3.94,2.55,2.35,0.25,0.13,0.46,0.71,0.28,0.07,0.05,0.08,5.12,5.07,0.03,0.2,0.23,0,0.15,0,0.23,0.02,0.05,11.12
461.Andrews.11.11.11.docx,1,2956,21.58,31.09,74.12,48.38,12.48,6.26,1.66,2.3,0.37,0.58,1.35,6.22,7.71,12.14,7.92,1.96,7.48,1.22,3.38,11.16,5.58,1.01,1.76,0.54,0,8.19,0.1,0.17,0.88,5.48,2.3,3.11,0.78,1.32,0.34,14.75,2.1,1.62,2,2,0.98,0.58,4.57,2.17,1.22,0.3,0.74,0.07,0.47,0.07,0.3,0.03,0.14,11.16,0.95,5.72,4.3,3.38,2.6,0.61,0.24,1.01,0.34,0.24,0.07,0.17,0.1,5.14,6.39,0.27,0.24,0.44,0,0.27,0,2.27,0,0.14,15.16
462.Armey.9.19.02.docx,1,271,14.26,28.41,75.65,45.76,8.86,6.27,0,3.32,0,0,2.95,2.58,7.38,10.7,6.27,1.11,6.64,0.74,1.11,14.76,4.8,1.85,1.11,1.48,0,11.81,0,0,3.69,5.54,1.85,3.69,0.37,2.95,0,12.55,1.48,1.85,1.48,1.48,0,0,5.54,2.95,1.85,0.37,0.74,0.37,0.74,0.37,0,0.37,0,15.13,2.21,8.12,4.06,2.95,1.85,0,0.37,0,2.95,1.48,0,0,0,6.64,7.01,0,0,0.37,0,0.37,0,0.37,0,0,14.76
467.Bartlett.7.10.08.docx,1,7666,19.02,19.27,83.89,59.82,14.52,7.58,1.49,2.56,1.71,0.69,1.13,6.94,8.3,14.65,10.24,3.03,7.89,1.58,5.39,12.95,7.42,1.4,2.67,1.02,0,9.18,0.05,0.01,0.57,4.47,1.87,2.5,0.3,1.54,0.26,17.3,1.71,2.23,2.28,2.62,1.12,0.42,6.17,2.5,1.57,0.55,0.51,0.4,1.02,0.29,0.46,0,0.27,12.63,1.54,6.67,4.1,2.02,2.03,0.53,0.31,0.56,0.01,0.22,0.09,0.22,0.12,5.64,5.92,0.01,0.21,0.23,0,0.39,0,2.05,0,0.08,14.53
531.SmithNJ.4.5.06.docx,1,1970,22.64,33.1,70.05,43.86,7.36,3.76,1.47,1.52,0.05,0.1,0.61,3.6,7.77,7.87,4.11,1.73,4.06,0.46,2.69,13.71,6.35,0.46,2.99,1.02,0,6.75,0.1,0.2,2.13,5.79,3.55,2.23,0.41,1.12,0.46,13.05,1.52,1.07,0.86,1.02,0.91,1.47,5.58,0.96,1.12,0.36,0.71,0.1,0.56,0.25,0.1,0.1,0.1,11.32,1.78,5.79,3.55,2.94,2.69,0.51,0.25,0.86,0.15,0.76,0,0.2,0.05,6.5,6.6,0.15,0.3,0,0,0.2,0,0.76,0.2,0.15,15.08
532.Pelosi.4.5.06.docx,1,1285,14.6,28.09,74.47,47.7,11.21,6.15,1.01,2.65,0.7,0.62,1.17,5.06,6.77,10.74,5.76,3.35,5.29,0.7,4.2,12.92,5.14,1.09,1.87,0.78,0.08,11.6,0,0.16,3.74,4.2,2.8,1.32,0.31,0.78,0.08,13.31,1.25,1.01,1.63,1.48,1.32,0.93,5.06,1.48,1.63,1.32,0.23,0,1.01,0.31,0.31,0.08,0.31,13.15,1.95,6.61,4.36,2.96,2.33,0.39,1.01,0.39,0.23,0.62,0.08,0.08,0.08,7.55,8.4,0,0,0.16,0,0.23,0,1.32,0,0.16,17.82
533.Lantos.4.5.06.docx,1,767,16.67,37.29,67.01,37.81,5.87,3.39,2.22,0.91,0,0.26,0,2.48,8.47,6.13,4.04,0.52,3.39,0.65,1.04,12.13,4.04,0.39,2.48,0.78,0,6.52,0,1.04,2.87,5.48,3.65,1.83,0,1.43,0.26,11.99,1.04,1.3,0.65,1.17,1.3,1.96,3.91,0.65,1.43,0.26,1.17,0,0.52,0.26,0.13,0.13,0,11.21,1.3,5.22,4.56,4.17,2.74,0.13,0.39,0.65,0.26,1.69,0,0.13,0,8.47,6.39,0.13,0,0,0,0.52,0,0.52,0.13,0,16.3
534.Payne.4.5.06.docx,1,650,19.12,29.38,72,42.77,9.85,4.62,1.85,0.77,0.46,1.08,0.46,5.23,6,11.23,5.54,2.15,4.62,0.77,2.46,12.77,5.23,0,0.92,1.08,0,8.92,0,0.15,2.15,5.69,3.08,2.46,0.77,1.23,0.15,12.46,1.38,1.38,0.77,0.77,1.23,1.69,5.08,0.62,1.54,0.77,0.77,0,1.08,0.31,0.46,0.31,0,12.31,2,5.54,5.23,4.31,3.08,0.31,0.15,0.15,0.46,2.15,0,0,0.31,5.54,8.15,0,0.31,0.15,0,0.31,0,0,0,0.15,14.62
535.Lee.4.5.06.docx,1,663,15.42,30.47,73.15,46.76,12.37,6.64,1.51,3.02,1.36,0.3,0.45,5.73,4.68,11.16,6.49,1.96,6.94,0.6,4.07,10.41,7.54,0.75,1.96,1.36,0,9.65,0,0,2.56,4.98,3.92,1.06,0.15,0.45,0.3,15.08,0.75,2.56,1.66,0.75,1.96,0.75,5.43,1.36,1.66,0.75,0.9,0,0.45,0.3,0,0.15,0,10.56,3.32,3.17,3.62,3.62,3.77,0.15,0.3,0.6,0,1.36,0,0.15,0,6.49,6.79,0,0,0,0,0.3,0,0.75,0,0,14.33
536.Langevin.4.5.06.docx,1,279,13.95,32.26,73.12,44.44,8.24,4.66,2.51,1.43,0,0.36,0.36,3.58,7.17,8.96,4.66,1.08,5.02,0.36,2.87,16.49,6.09,0.36,1.79,0.36,0,7.53,0,0,3.94,6.81,3.94,2.87,1.08,0.36,0.72,11.83,0.36,2.15,1.43,0.72,1.08,1.79,3.23,0.72,2.15,0,1.79,0.36,0.36,0,0.36,0,0,12.9,2.87,6.45,3.58,3.94,2.15,0,0,0.36,0,0.72,0,1.08,0,8.24,6.81,0,0,0.72,0,0,0,0.36,0,0,16.13
537.Capuano.4.5.06.docx,1,313,18.41,22.04,81.15,55.91,18.53,8.31,4.47,2.56,0,0,1.28,10.22,5.75,14.7,8.95,0.96,11.5,1.28,3.51,11.5,5.43,1.28,2.24,0.64,0,8.31,0,0,1.92,4.47,3.51,0.96,0.32,0.64,0,18.53,1.6,0.64,2.88,2.88,3.19,0.32,5.75,2.88,1.92,0.32,1.6,0,0.64,0,0.64,0,0,9.9,2.56,4.15,3.19,0.32,1.28,0.32,0.64,2.24,0,0.64,0,0,0,5.43,4.15,0.32,0.64,0,0,0.32,0,0.64,0,0,11.5
538.Waters.4.5.06.docx,1,294,12.78,27.89,77.55,49.32,14.29,9.18,2.04,3.4,0.34,1.36,2.04,5.1,7.14,14.97,9.18,4.42,7.14,2.04,2.04,12.93,3.06,0.34,1.02,0.68,0,10.2,0,0,1.7,4.08,2.38,1.7,0,1.02,0,13.27,1.36,1.02,1.7,0.34,1.02,1.36,5.44,0.68,2.04,1.02,0.34,0.68,1.02,0.34,0.68,0,0,13.95,2.72,7.48,3.74,2.38,2.72,0.68,0.34,0.68,0,2.04,0,0,0.34,8.84,4.76,0,0,0,0,0,0,2.04,0,0,15.65
539.Jackson-Lee.4.5.06.docx,1,695,24.82,28.35,75.83,51.08,12.81,6.19,2.59,1.29,0.72,0,1.58,6.62,6.76,10.94,7.91,1.15,6.62,0.86,2.16,13.53,5.47,1.58,2.01,0.58,0,10.5,0,0.58,3.17,4.03,2.59,1.44,0,1.15,0.29,12.95,1.58,0.58,1.15,1.29,1.15,0.43,5.32,2.16,2.73,0.72,1.44,0.58,1.01,0.43,0,0.29,0.29,11.94,2.3,6.19,3.17,3.17,2.45,0.29,0.43,0.86,0,0.72,0,0,0.14,4.46,8.63,0,0.14,0,0,0.29,0,0.72,0,0,14.24
540.Olver.4.5.06.docx,1,305,23.46,34.43,71.48,44.26,4.92,1.64,0.98,0,0,0,0.66,3.28,9.84,8.52,5.9,1.64,5.9,0,0.66,14.43,5.9,0.33,0.98,1.97,0,5.25,0,0.33,0.98,5.57,2.3,3.28,0.66,1.97,0,11.8,0.98,0,0.66,0.66,0.66,2.62,4.92,1.97,0.33,0,0.33,0,0,0,0,0,0,13.77,2.62,7.21,3.93,3.61,1.64,0,0.98,0.66,0,1.31,0,0,0,5.57,3.93,0,0,0,0,0.66,0,0,0,0,10.16
541.Andrews.4.5.06.docx,1,578,21.41,28.72,74.22,45.16,7.96,3.11,1.9,0.69,0,0,0.52,4.84,9.34,8.48,5.19,1.38,5.36,0.35,1.21,13.84,5.71,0.35,1.9,1.04,0.17,5.54,0,0.52,2.08,7.09,4.84,2.25,0.35,1.04,0.35,9.69,0.17,1.04,0.69,0.69,0.17,0.35,4.84,0.87,1.04,0.17,0.87,0,0.69,0.35,0.17,0.17,0,13.32,2.25,7.44,3.63,3.46,3.46,0,0.17,1.38,0.35,1.56,0.17,0.17,0,5.88,6.23,0.17,0,0,0,0.35,0,0.69,0,0,13.32
542.McNulty.4.5.06.docx,1,338,17.79,28.99,71.6,44.67,9.76,5.92,2.96,2.66,0,0.3,0,3.85,6.51,11.54,5.33,2.96,5.33,0.3,1.48,13.02,6.51,0.89,1.78,0.89,0,5.62,0,0.59,1.48,4.73,3.25,1.48,0,0.59,0.59,13.02,1.48,2.07,0.59,0.3,0.89,0,6.21,1.78,1.78,0.89,0.59,0,1.18,0.3,0,0,0.89,14.2,2.37,4.73,6.8,1.78,2.07,0.3,0.89,1.48,0,2.37,0,0,0,7.69,4.44,0.3,0,0,0,0.89,0,1.48,0,0,14.79
543.GreenTX.4.5.06.docx,1,287,20.5,36.24,69.69,41.81,8.01,3.83,3.14,0.7,0,0,0,4.18,7.67,10.1,6.62,0.7,6.97,0.35,1.05,14.63,3.83,0.35,0.7,0.35,0,4.88,0,0.35,1.74,6.62,4.18,2.44,0,1.74,0.7,8.71,1.39,1.39,0.35,0.7,0.35,0.35,4.53,1.05,1.39,0.35,0.35,0.7,1.39,0.7,0,0.35,0.35,12.54,2.79,5.57,4.18,2.79,2.09,0.35,0,0.7,0.35,2.09,0,0,0,8.01,6.62,0,0,0,0,0.35,0,1.74,0,0,16.72
544.Larson.4.5.06.docx,1,515,22.39,31.65,72.23,42.33,6.21,1.75,0.39,0.58,0,0,0.78,4.47,9.32,9.51,4.85,1.36,5.24,0.58,1.75,13.79,4.85,0.97,1.94,0.58,0,6.6,0,0,2.14,6.99,3.69,3.3,0.39,0.78,0.78,8.54,0.58,0.39,0.39,0.58,0.39,1.36,4.27,0.58,0.97,0.39,0.39,0.39,1.17,0,0.97,0.19,0,16.31,2.72,7.77,5.44,2.91,2.72,0,0.19,0.97,0.19,0.58,0,0,0,5.44,6.41,0,0.19,0,0,0,0,1.36,0,0,13.4
545.Schiff.4.5.06.docx,1,788,26.27,38.45,71.83,38.45,2.54,0.76,0.51,0,0,0,0.25,1.78,9.39,6.85,3.81,1.78,3.05,0.25,1.02,12.56,5.46,0.51,1.14,2.28,0,5.58,0,0,3.17,8.5,4.57,3.93,0.51,2.92,0.25,11.29,0.89,1.52,0.25,0.76,1.27,1.78,4.57,0.51,0.51,0,0.51,0,1.52,0.25,0.51,0.51,0.25,16.12,2.79,6.98,6.35,3.05,3.3,0.51,0.25,1.14,0.25,2.28,0,0,0,7.11,7.99,0,0,0,0,0,0,3.81,0.25,0,19.42
546.Cardin.4.5.06.docx,1,384,22.59,37.5,71.35,40.89,7.29,2.34,0.78,1.04,0,0,0.52,4.95,7.55,8.07,3.91,1.82,3.12,0.78,1.04,14.06,4.95,0,1.56,2.08,0,4.17,0,0,1.82,5.73,3.39,2.34,0,2.08,0,12.5,0.52,2.08,1.04,1.3,0,3.12,5.47,0.52,0.78,0,0.26,0,0.78,0.26,0.26,0.26,0,12.5,3.12,5.73,2.86,3.91,2.08,0.26,0.78,2.08,0,1.56,0,0,0,6.51,6.25,0,0,0,0,0.26,0,0,0.26,0.26,13.8
547.McGovern.4.5.06.docx,1,492,17.57,31.1,73.78,41.67,8.94,5.08,2.24,1.42,0,0,1.42,3.86,7.11,7.52,3.66,0.41,5.28,0.81,2.03,10.77,7.32,1.42,2.85,0,0,8.33,0,1.02,2.85,7.72,4.27,3.46,1.02,1.42,0.61,14.84,0.41,0.61,0.81,0,1.63,2.03,7.93,1.42,1.63,0.2,1.42,0,1.42,0.81,0.2,0.2,0.61,13.82,3.25,5.28,5.28,4.07,2.64,0,0.41,1.22,0.2,1.63,0,0.2,0.2,8.33,11.18,0,0.81,0,0,0.61,0,0,0.2,0,21.34
548.Tancredo.4.5.06.docx,1,597,25.96,39.03,69.85,39.87,6.03,3.02,2.35,0.34,0,0.17,0.17,3.02,7.04,8.38,5.03,1.34,4.86,0.84,1.51,12.9,5.53,1.17,1.84,0.34,0,4.69,0,0.17,2.01,6.53,2.85,3.69,0.5,1.51,0.5,11.89,1.01,0.84,1.68,1.17,1.17,1.17,4.69,0.67,1.01,0,1.01,0,1.68,0.17,1.01,0.5,0,12.06,2.01,4.86,4.86,3.52,3.02,0,0,0.67,0,2.35,0,0,0,6.03,6.87,0.34,2.01,0,0,0.34,0,0.34,0.17,0,16.25
549.Engel.4.5.06.docx,1,201,18.27,34.33,72.64,41.29,9.45,4.48,2.49,1.99,0,0,0,4.98,6.47,9.45,4.98,1.99,4.48,1,1,11.94,4.48,1,1.49,1.49,0,5.47,0,1.49,1,6.97,4.48,2.49,1.49,0,0.5,12.44,1,0.5,0.5,0.5,1.99,1,5.97,1,1,0.5,0.5,0,0,0,0,0,0,11.44,1.99,4.48,4.98,4.48,2.49,0,1,3.48,0,1.99,0,0,0,7.46,4.48,0,0,0,0,1,0,0.5,0,0,13.43
550.Holt.4.5.06.docx,1,561,14.02,32.09,76.65,45.28,9.09,4.63,1.07,2.67,0,0,0.89,4.46,8.91,7.49,4.63,0.71,4.63,1.07,2.14,13.19,4.46,0.36,1.78,1.25,0,9.98,0.89,0.18,1.6,7.66,4.28,3.39,0.89,1.43,0.89,13.73,0.71,0.71,1.43,0.53,1.78,1.78,6.24,1.07,0.71,0.36,0.36,0,0.53,0,0.36,0.18,0,14.62,1.96,6.24,6.24,2.67,2.14,0.18,0.36,1.25,1.25,2.85,0,0,0,8.73,4.63,0.18,0,0,0,0.18,0,0,0.18,0.18,14.26
551.Hoyer.4.5.06.docx,1,309,22.07,34.3,74.43,47.57,6.15,3.56,1.29,1.62,0,0,0.65,2.59,11,7.44,5.83,0.32,4.53,1.62,1.94,15.21,6.15,0.97,1.94,0.32,0,6.15,0,0.32,2.59,7.12,2.59,4.53,0.65,1.94,1.62,12.94,2.27,0.97,0.97,0.97,1.29,0.97,5.18,1.62,1.62,1.29,0.32,0,0.97,0.32,0,0.65,0,14.24,0.97,8.09,5.18,1.62,1.94,0,0,0.32,0,2.27,0,0,0,4.85,5.18,0.32,0,0.32,0,0,0,0.32,0,0,11
552.Rangel.4.5.06.docx,1,765,19.12,29.93,71.9,46.14,8.63,4.97,0.13,1.05,0.65,0.65,2.48,3.66,9.41,9.67,6.67,1.18,5.75,1.05,2.88,12.03,5.1,0.92,0.65,1.05,0,9.54,0.26,0.13,2.35,4.97,2.61,2.35,0.65,1.31,0.39,12.16,0.65,2.09,1.57,1.18,1.18,1.7,4.31,0.92,1.18,0.65,0.39,0,2.35,1.57,0.13,0.52,0.39,11.9,1.96,5.23,4.31,2.48,3.79,0,0.26,0.65,0,2.09,0,0.26,0,6.14,4.97,0.26,0.78,0,0,0.39,0,2.09,0.39,0,15.42
553.MoranVA.4.5.06.docx,1,174,17.4,34.48,77.59,43.68,4.6,2.3,0.57,1.72,0,0,0,2.3,7.47,9.77,6.32,2.3,5.75,0.57,1.15,14.94,6.9,0,1.72,1.72,0,6.9,0,0,4.6,9.2,5.17,4.02,0,2.3,1.72,13.22,1.72,0.57,1.15,0.57,2.3,0.57,6.32,0.57,1.15,0,1.15,0,1.72,0,1.15,0.57,0,16.09,1.72,6.9,6.9,0,1.15,0,0.57,1.72,0,0.57,0,0,0,6.32,2.87,0,0,0,0,0,0,1.15,0,0,10.34
554.Honda.4.5.06.docx,1,251,20.92,31.47,72.51,45.02,6.37,3.19,1.59,1.2,0,0,0.4,3.19,11.55,9.96,6.37,0.4,4.78,1.59,1.59,15.54,1.2,0.4,1.59,0.8,0,9.96,0,0.4,1.99,3.59,2.79,0.8,0,0.8,0,8.37,1.59,0.4,1.59,1.2,0.4,0.4,3.59,0.4,0.8,0,0.8,0,0,0,0,0,0,11.95,3.98,5.18,2.39,3.59,1.99,0,0,0.4,0,1.59,0,0,0,8.76,4.78,0,0,0,0,0,0,0.4,0,0,13.94
555.Pallone.4.5.06.docx,1,331,19.47,31.72,73.11,41.99,7.25,3.32,0.91,1.51,0,0,0.91,3.93,7.25,9.67,4.83,1.51,5.44,0.6,2.11,14.2,5.14,0.3,1.21,1.81,0,6.04,0,0.3,1.51,6.04,3.63,2.42,0.3,0.3,0.6,11.18,1.51,1.81,1.51,0.6,0.6,0.91,4.23,0,0.91,0.3,0.6,0,0,0,0,0,0,15.41,2.42,6.04,7.25,3.32,2.11,0,0.91,0.91,0.3,1.21,0,0,0,6.65,4.53,0,0,0,0,0.6,0,1.81,0,0,13.6
556.Schwartz.4.5.06.docx,1,348,15.82,32.47,75,43.1,8.62,5.17,1.72,2.59,0,0.29,0.57,3.45,7.47,10.63,6.03,2.3,4.6,1.44,2.01,11.78,5.75,0.57,1.15,1.44,0,8.05,0.86,0.57,1.72,5.75,2.87,2.59,0.29,0.86,0.57,12.64,0.86,1.72,1.15,0.29,2.01,0.86,6.61,0.29,0.57,0,0.57,0,0,0,0,0,0,15.52,3.16,5.46,6.61,4.6,2.87,0.29,0.29,0.86,0.29,2.87,0,0,0,6.61,7.76,0,0,0,0,1.15,0,1.15,0,0,16.67
557.Lowey.4.5.06.docx,1,450,18,30,75.78,48,10.22,4.22,0.67,2.89,0,0,0.67,6,8.89,10.22,7.56,1.11,4.89,2,2.89,10.89,6,1.78,1.56,0.44,0,6.67,0,0.22,0.89,5.56,2.44,3.11,0.44,0.67,1.33,14.67,1.11,1.33,2.22,1.11,2.22,0.89,6.44,1.11,2,0.44,1.11,0.44,0.44,0.22,0.22,0,0,13.56,2,3.33,8.22,1.56,2.22,0.44,0.22,1.56,0.44,2.44,0,0,0,7.33,5.56,0,0,0,0,0.22,0,3.11,0.22,0,16.67
559.Bereuter.6.12.01.docx,1,580,23.2,39.14,68.28,39.48,5,2.76,0.34,1.38,0,0,1.03,2.24,8.62,7.07,5.34,0.34,3.79,1.38,2.24,12.07,4.66,0.52,2.07,0.17,0,6.72,0,0.17,1.55,3.62,1.55,1.72,0.17,1.21,0.17,14.14,1.9,1.03,1.9,3.45,1.03,0.34,3.79,1.9,1.03,0,0.69,0.17,0.17,0,0,0,0.17,13.45,2.07,7.76,3.97,3.97,1.55,0,0.17,0.69,0,0.34,0,0,0,5.17,7.59,0.17,0.52,0,0,0.86,0,1.21,0,0,15.52
560.Waters.4.15.08.docx,1,2453,22.71,30.33,69.14,43.21,8.03,3.71,0.65,1.59,0.16,0.69,0.61,4.32,7.99,11.25,7.58,2.94,5.34,1.02,2.36,12.84,3.63,0.65,1.79,0.57,0,6.44,0,0.08,0.57,6.11,2.08,4,0.53,2.81,0.24,11.94,1.3,1.63,0.98,1.59,0.61,0.77,4.12,1.06,1.79,0.41,1.1,0.12,0.12,0,0.12,0,0,12.47,2.24,5.63,4.2,2.73,1.96,0.45,0.24,0.2,0.04,1.75,0.08,0.12,0.04,6.97,5.34,0.2,0,0.29,0,0.9,0,3.67,0,0.12,17.49
561.Lee.4.15.08.docx,1,1982,23.05,30.78,72.81,46.67,11.25,5.6,1.16,2.52,0.61,0.4,0.91,5.65,6.21,11.71,6.61,2.12,7.27,0.66,2.42,12.36,4.79,1.21,2.22,1.06,0,7.52,0.25,0.15,0.5,4.89,2.07,2.83,0.45,1.77,0.2,15.59,1.56,1.97,1.36,1.56,1.16,0.91,5.45,1.72,1.72,0.4,1.21,0.1,0.5,0.15,0.3,0.05,0,11.05,1.61,5.35,4.34,2.98,2.07,0.25,0.66,1.01,0.05,0.71,0.05,0.1,0.1,4.39,6.71,0,0.05,0.2,0,0.3,0,0.86,0,0.2,12.71
562.Ellison.4.15.08.docx,1,1480,18.05,26.22,74.66,49.86,10.88,6.22,2.57,2.16,0.68,0.27,0.54,4.66,6.69,13.72,8.18,2.03,9.19,0.88,4.32,12.43,4.26,2.7,2.5,0.74,0,8.92,0.07,0.07,0.74,4.32,2.84,1.42,0,0.41,0.61,16.69,1.89,1.49,1.76,1.28,1.35,0.41,5.47,3.04,1.76,0.47,1.15,0.14,0.61,0.2,0.34,0.07,0,10.88,0.74,5.41,4.46,1.82,2.7,0.34,0.07,0.74,0.07,0.27,0.27,0.07,0,5.81,8.51,0.07,0.07,0.47,0,0.34,0,4.26,0,0,19.53
563.Jackson-Lee.4.15.08.docx,1,1976,20.8,32.74,72.82,47.27,9.16,5.11,2.73,1.67,0.1,0.1,0.51,4.05,8.5,11.54,8.25,1.52,6.93,1.52,2.58,12.04,5.16,1.42,1.57,0.61,0,5.62,0,0.4,0.76,5.77,2.48,3.24,0.46,2.13,0.15,16.55,2.99,1.67,1.82,2.02,1.16,1.52,4.96,1.77,1.11,0.56,0.51,0.05,0.3,0,0.3,0,0,10.98,1.57,6.17,2.88,3.69,2.38,0.1,0.15,0.66,0.1,1.27,0.15,0.05,0.05,6.02,5.72,0.05,0.2,0.2,0,0.71,0,0.56,0.1,0.15,13.82
564.Berkley.4.14.10.docx,1,200,22.22,25.5,74,49,12.5,6,2,3,0,0.5,0.5,6.5,8.5,8.5,5,0.5,6,2,3,13,4.5,1.5,3,0.5,0,6,0,0,0.5,5.5,2,3.5,1,2.5,0,15.5,1,1,3.5,2,2,0.5,5.5,2.5,2,0.5,1,0.5,0.5,0.5,0,0,0,13,2.5,7.5,4,1,2.5,0,0,1.5,0.5,0,0.5,0,0,6,4,0,0,0,0,0,0,2,0,0.5,12.5
565.Blumenauer.12.7.05.docx,1,152,25.33,32.89,76.32,45.39,8.55,3.95,1.32,1.97,0,0.66,0,4.61,7.89,12.5,7.24,1.32,5.92,1.32,1.32,13.82,3.29,2.63,1.97,0,0,9.21,0,0,3.29,6.58,4.61,1.97,0,0.66,1.32,18.42,1.97,1.97,1.97,3.29,2.63,1.32,2.63,4.61,1.32,0,1.32,0,0,0,0,0,0,13.82,1.32,5.92,6.58,1.97,1.32,0.66,0,0.66,0,1.32,0,0,0,5.26,5.92,0,0,0,0,0,0,0.66,0.66,0,13.16
566.Blumenauer.12.8.05.docx,1,168,14,23.21,74.4,50.6,13.1,7.14,0.6,3.57,2.98,0,0,5.95,8.33,14.29,7.74,0.6,10.12,0,4.17,11.9,2.38,1.19,2.38,1.19,0,11.9,0,0,2.38,7.14,4.17,2.98,0,2.38,0,11.9,0,1.19,0.6,1.19,1.79,1.19,3.57,2.38,1.19,0,1.19,0,0.6,0,0,0.6,0,8.33,1.79,4.17,2.38,2.98,1.19,0.6,0.6,0,0,1.19,1.19,0.6,0,7.74,6.55,0,0,0,0,0,0,0.6,0,1.19,16.07
567.Bonior.3.10.98.docx,1,356,16.18,27.53,75,48.03,8.43,5.34,0,3.37,0,0.84,1.12,3.09,8.15,14.61,9.27,3.93,6.18,2.25,2.53,12.08,4.49,1.4,2.81,0.84,0,8.99,0,0,3.09,5.9,1.97,3.93,0.56,2.53,0.28,20.79,1.69,3.93,2.81,1.69,2.53,1.97,6.18,1.4,1.12,0.28,0.84,0,0.84,0.84,0,0,0,10.96,1.97,5.06,3.65,1.12,1.4,0,0,0,0,1.12,0,0,0,6.18,2.81,0,0,0,0,0.56,0,0,0,0,9.55
568.Brooks.9.11.13.docx,1,557,15.91,40.75,66.61,34.11,6.1,3.41,2.15,0.54,0,0.72,0,2.69,5.03,8.98,4.85,1.26,5.03,1.44,2.33,8.44,4.49,2.15,1.62,1.08,0,4.49,0,0,0.72,11.67,3.77,7.9,0.36,6.28,0.36,12.21,0.9,1.97,0.72,1.08,0.9,2.15,3.77,1.97,0.72,0.36,0.36,0,0.72,0.18,0.36,0.18,0.18,9.69,1.62,5.03,2.87,6.28,3.77,0,0.36,1.26,0.72,1.62,0,0,0.18,7.18,6.1,0,0,0,0,0.36,0,4.49,0,0,18.13
569.BrownOH.2.5.03.docx,1,155,19.38,39.35,73.55,41.29,4.52,2.58,0,1.94,0,0.65,0,1.94,8.39,12.9,9.03,1.29,6.45,2.58,1.29,8.39,3.87,1.94,3.87,2.58,0,5.81,0,0,1.94,12.26,5.16,7.1,0,5.81,0,16.13,1.29,2.58,1.94,0.65,1.29,1.94,3.87,2.58,0.65,0,0.65,0,0,0,0,0,0,12.26,1.94,6.45,3.87,1.94,1.94,0,0.65,0.65,0,1.94,0,0,0,2.58,5.16,0.65,0,2.58,0,0,0,0.65,0,0,11.61
570.BrownOH.2.27.03.docx,1,762,25.4,31.89,69.95,44.88,8.79,4.72,0,3.02,0.26,0.26,1.18,4.07,8.53,8.92,5.25,1.44,5.38,0.66,1.97,12.47,4.72,2.1,2.49,0.66,0,9.06,0.26,0.26,1.18,6.43,1.71,4.72,0.66,3.94,0,17.59,1.31,1.97,1.05,3.54,1.05,1.71,5.38,3.28,1.57,0,1.44,0.13,0.39,0.13,0.26,0,0,9.97,1.57,6.43,1.84,1.71,0.79,0.39,0.26,0.26,0,0.39,0.39,0,0,6.3,9.06,0,0,0,0,0.79,0,1.05,0,0,17.19
571.BrownOH.3.11.03.docx,1,756,18,36.38,71.96,42.86,6.61,3.17,0.26,1.72,0,0.93,0.26,3.44,8.2,9.13,5.95,0.53,4.1,2.12,2.51,12.3,4.63,1.19,1.72,1.46,0,7.28,0,0,1.19,6.22,2.12,3.97,0.66,2.51,0.53,17.33,2.38,2.51,1.06,2.25,1.59,2.12,5.56,1.06,0.66,0.13,0.53,0,0.13,0,0.13,0,0,9.92,1.06,4.76,3.84,5.56,3.17,0.13,0.26,1.59,0,1.06,0,0,0,6.35,7.01,0.26,0,1.32,0,0.53,0,2.91,0.26,0,18.92
572.Burton.4.15.10.docx,1,721,18.02,23.16,81.55,54.23,15.81,9.71,2.22,2.91,0.28,1.39,2.91,6.1,6.1,13.87,7.63,1.39,9.57,0.69,4.85,12.34,8.6,1.25,2.08,0.28,0,11.37,0,0,1.11,3.74,1.25,2.5,0,1.66,0,19.69,1.94,1.53,2.22,3.61,1.66,1.39,6.93,3.74,1.94,0,1.25,0.69,0.97,0.69,0.14,0,0.14,14.42,2.22,5.96,6.24,1.94,1.66,0.14,0,0.14,0.28,0,0,0.14,0.14,5.69,8.18,0,0,0.14,0,0,0,3.47,0,0,17.48
573.Burton.4.25.06.docx,1,178,19.78,28.65,76.97,46.63,11.24,7.3,1.12,4.49,0,0,1.69,3.93,6.74,14.61,7.87,3.37,6.18,2.25,3.93,7.3,6.18,2.81,1.69,2.25,0,12.36,0,1.12,2.25,7.3,1.12,6.18,1.12,5.06,0,16.85,2.25,1.69,1.12,1.69,1.12,0,7.3,3.37,1.69,0,1.69,0,0,0,0,0,0,10.11,2.25,3.37,4.49,3.93,3.37,0,0,0.56,0,1.12,0,0.56,0,5.06,10.67,0,0.56,0,0,0.56,0,0.56,0,0,17.42
574.Burton.2.23.10.docx,1,503,27.94,27.24,73.56,48.31,11.93,6.96,0.4,3.78,0.2,0.8,1.79,4.97,7.75,13.32,8.75,0.2,8.95,0.99,3.78,9.54,4.97,0.6,2.39,0.2,0,9.74,0,0.4,0.6,5.57,3.18,2.39,0.4,1.39,0.4,16.5,0.4,2.19,2.58,2.19,2.98,0.4,5.77,2.19,0.8,0,0.8,0,0.4,0.4,0,0,0,12.72,1.99,6.96,3.38,2.58,3.18,0,0,0.4,0.2,0.2,0,0,0.2,3.98,3.78,0,0,0,0,0.2,0,0.8,0,0,8.75
575.Burton.3.11.03.docx,1,566,20.96,23.14,75.8,53.18,12.19,7.95,0.88,1.41,0,4.24,1.41,4.24,5.3,14.49,7.6,3.89,7.42,0.35,3,13.07,8.13,1.59,2.12,1.06,0,11.13,0,0.35,1.41,5.12,1.59,3.53,0.53,1.94,1.06,16.61,1.41,1.77,1.77,2.12,0.71,0.71,6.89,2.83,1.41,0,1.24,0.18,0.53,0.35,0.18,0,0,10.78,2.3,3.71,4.77,3,2.47,0,0,1.24,0.18,0.53,0.35,0.18,0,5.65,8.66,0.18,0.71,0.18,0,0.18,0,0,0,0,15.55
576.Burton.5.18.10.docx,1,684,27.36,26.17,74.71,46.64,9.36,4.82,0.88,2.78,0.29,0,0.88,4.53,6.87,14.47,10.09,1.17,7.75,1.75,3.22,11.4,5.26,0.73,2.49,0.58,0,5.56,0,0.29,0.15,5.85,2.49,3.36,0.44,2.05,0.29,15.06,0.88,2.49,1.9,1.17,0.58,1.32,6.29,1.32,0.88,0.29,0.44,0.15,0.29,0,0.29,0,0,16.37,2.49,9.06,4.39,2.19,2.34,0.15,0.29,0.73,0.29,0.88,0,0,0.15,4.68,4.97,0,0,0,0,0.58,0,2.92,0,0,13.16
577.Burton.10.14.09.docx,1,795,17.67,21.01,80.25,56.35,15.72,11.57,1.38,5.79,0.25,0,4.15,4.15,5.66,17.23,11.19,1.51,10.31,2.14,3.9,11.7,6.79,2.14,2.14,0.88,0,12.2,0,0.13,0.13,5.16,1.51,3.65,0.88,1.13,0.25,20,2.01,1.64,3.65,2.26,1.01,0.88,8.3,3.27,1.01,0.13,0.5,0,0.5,0.13,0.25,0,0.13,12.7,2.26,6.54,4.03,2.26,1.38,0.13,0.25,0.75,0.38,0.13,0,0.13,0.25,5.41,4.78,0,0,0.5,0,0.38,0,2.77,0,0.13,13.96
578.Buyer.3.6.03.docx,1,4265,16.66,29.14,71.96,46.4,10.95,5.89,1.76,0.91,0.42,1.69,1.1,5.06,6.66,14.44,7.71,3.02,6.75,1.15,2.95,11.16,4.85,1.29,1.69,0.54,0,8.51,0.26,0.07,0.87,4.76,2.34,2.39,0.4,1.48,0.28,15.57,2.84,1.85,1.48,1.1,1.64,1.01,5.21,1.41,1.52,0.26,1.08,0.14,0.87,0.3,0.35,0.09,0.12,11.16,1.45,5.09,4.62,2.32,1.64,0.3,0.23,0.54,0.14,0.33,0.02,0.02,0.16,8.82,6.21,0,0.21,0.33,0,0.49,0,1.01,0.05,0.02,17.19
579.Hunter.3.6.03.docx,1,2816,23.08,25.96,77.95,53.55,15.23,7.32,2.1,2.2,0.18,1.14,1.7,7.92,6.21,13.25,8.95,2.66,8.38,0.64,3.34,12.22,5.58,1.17,2.31,0.78,0,9.59,0.43,0.07,1.49,4.72,1.7,2.88,0.25,1.92,0.32,15.73,2.59,1.85,0.96,2.38,0.71,0.85,5.22,2.41,1.28,0.25,0.85,0.18,0.43,0.25,0.14,0.04,0,11.83,1.81,6.46,3.62,1.78,2.1,0.57,0.18,0.21,0.36,0.53,0.21,0.07,0.28,4.44,7.24,0.11,0.36,0.18,0,0.21,0,0.64,0,0,13.17
580.Cummings.10.29.07.docx,1,586,25.48,35.84,70.82,44.2,8.19,3.24,0.68,1.02,0.17,0,1.37,4.95,5.8,9.9,7.34,1.54,4.61,1.02,2.56,13.31,5.97,0.17,1.54,0.85,0,7.51,0,0.34,2.39,5.29,2.05,3.24,0.34,2.05,0.51,13.31,2.22,0.68,0.68,1.71,1.88,1.02,4.61,1.88,1.71,0.68,0.68,0.17,1.02,0,0.51,0.34,0.17,10.07,1.37,5.12,3.24,3.24,1.71,0.51,0.51,0.34,0.17,0.51,0,0,0,4.27,7.51,0,0.17,0,0,0.34,0,0.68,0,0,12.97
582.DavisIL.2.5.03.docx,1,97,19.4,19.59,86.6,51.55,17.53,9.28,6.19,3.09,0,0,0,8.25,1.03,20.62,10.31,4.12,15.46,1.03,1.03,11.34,7.22,2.06,2.06,0,1.03,9.28,0,0,1.03,8.25,5.15,3.09,0,3.09,0,28.87,3.09,1.03,5.15,4.12,4.12,2.06,10.31,3.09,7.22,3.09,4.12,0,0,0,0,0,0,7.22,2.06,4.12,2.06,2.06,2.06,0,0,0,2.06,2.06,0,0,1.03,5.15,9.28,1.03,2.06,0,0,0,0,0,0,0,17.53
583.DavisCA.9.20.06.docx,1,422,14.55,26.3,74.17,47.39,8.77,3.55,1.66,1.42,0.24,0,0.24,5.21,6.4,10.9,7.35,2.84,5.45,0.47,4.74,11.61,4.74,2.37,1.42,0.71,0.24,8.53,0,0.24,2.84,4.27,1.9,2.37,0.71,1.66,0,10.66,0.47,1.42,0.95,0.95,1.42,0.47,3.55,2.61,2.13,0.71,1.18,0.24,0.71,0.24,0,0.47,0,15.4,1.18,6.64,7.35,2.13,0.95,0,0.47,0.24,0.71,2.37,0,0,0,5.69,5.92,0,0,1.18,0,0,0,0,0,0,12.8
584.DavisIL.11.1.07.docx,1,153,17,39.87,71.24,33.99,5.23,2.61,0.65,1.96,0,0,0,2.61,9.8,6.54,3.92,1.31,3.27,1.31,0.65,10.46,2.61,1.96,0.65,0,0,3.92,0,0,1.31,9.8,2.61,7.19,0,4.58,0,17.65,2.61,2.61,1.31,1.96,3.27,1.96,2.61,2.61,1.31,0,0.65,0.65,0.65,0,0.65,0,0,10.46,2.61,5.23,2.61,5.88,4.58,0,0,0.65,0.65,0.65,0,0,0,5.88,4.58,0,0,0,0,0,0,1.31,0,0,11.76
585.DeFazio.9.18.02.docx,1,751,22.76,25.43,76.43,52.73,12.92,7.19,1.33,2.26,0,2.13,1.46,5.73,8.92,9.72,6.13,3.06,5.06,0.53,3.46,13.18,4.93,1.33,2.8,0.4,0,10.12,0.27,0.4,1.07,4.93,1.6,3.33,0.53,2.13,0,16.51,2.66,1.2,1.46,3.33,1.46,0.13,4.26,3.06,0.93,0,0.8,0.13,0.13,0,0.13,0,0,12.38,1.73,5.99,4.39,2.26,2.13,0.13,0.27,0,0.4,1.07,0.13,0,0,4.79,5.99,0,0.27,0.53,0,0.4,0,1.07,0,0,13.05
586.McDermott.9.18.02.docx,1,659,16.48,19.27,79.67,54.48,16.69,10.32,2.28,4.25,0.3,1.97,1.52,6.37,5.31,17.3,10.32,5.31,9.26,0.76,3.64,11.84,5.16,1.97,0.61,0.46,0,13.2,0,0,1.67,4.1,1.82,2.28,0,1.52,0.15,18.36,2.28,1.67,1.52,1.82,0.91,0.46,8.65,2.12,2.58,0.46,1.67,0,0.3,0.3,0,0,0,12.9,3.64,5.77,4.1,1.37,1.06,0.61,0.3,0,0.3,0.61,0.15,0.3,0.61,6.37,6.68,0.15,0,0.3,0,0,0,2.12,0,0,15.63
587.DeFazio.9.5.02.docx,1,795,17.28,31.45,71.7,47.55,9.94,3.9,1.76,0.75,0,0.25,1.13,6.04,8.3,11.07,8.05,2.14,6.54,1.26,3.77,12.08,4.28,1.64,1.51,0.13,0,5.91,0.38,0,0.75,6.29,1.51,4.65,0.5,3.4,0.25,13.96,2.77,1.38,2.14,2.14,0.5,0.25,3.65,2.77,0.5,0,0.38,0,0.38,0,0.38,0,0,10.69,2.14,5.16,3.14,3.14,2.77,0.25,0.13,0.88,0.13,1.01,0,0,0,2.89,6.79,0.13,0,3.27,0,0.5,0,0.63,0,0.13,14.34
588.DeFazio.9.10.02.docx,1,761,23.06,27.07,75.16,51.51,10.78,5.12,0.79,1.58,0,1.18,1.58,5.65,8.41,11.96,8.02,2.37,6.7,1.31,2.63,11.96,5.91,1.45,3.29,0.66,0,9.07,0.26,0,0.92,4.6,1.71,2.89,0.26,2.1,0,18.4,3.81,0.92,2.23,3.81,1.71,0.26,4.99,3.02,0.79,0,0.66,0.13,0.13,0.13,0,0,0,10.12,0.92,4.86,4.07,2.5,1.71,0,0.26,0.26,0.39,1.05,0.13,0.26,0,4.34,6.57,0,0.39,0.39,0,0.26,0,2.5,0,0,14.45
589.DeFazio.9.25.02.docx,1,680,34,36.62,68.68,44.56,7.5,2.65,0.88,0.59,0,0.29,0.88,4.85,8.82,8.24,6.47,1.47,4.26,1.32,2.06,12.5,4.56,1.32,2.79,0.15,0,3.24,0,0.15,0.44,6.47,1.76,4.71,0.15,4.56,0,13.53,1.47,2.21,0.74,2.06,1.47,0.59,4.26,1.76,0.44,0,0.29,0.15,0.15,0,0.15,0,0,9.26,1.32,5,3.09,3.53,3.82,0.88,0.15,0,0.74,0.74,0,0.15,0.29,4.41,7.65,0.15,0.29,0,0,0.15,0,1.91,0,0,14.56
590.Deutch.2.8.12.docx,1,169,18.78,31.36,71.01,47.34,12.43,10.65,2.96,2.37,0,0.59,4.73,1.78,5.92,5.33,4.14,0.59,3.55,0.59,4.14,15.98,5.33,0,1.18,0,0,10.65,0,1.18,1.18,4.14,1.78,2.37,0,1.18,1.18,11.83,0,1.18,1.18,0,1.18,1.18,7.69,0,2.96,0,1.18,1.18,0,0,0,0,0,13.02,0.59,6.51,4.14,4.73,2.37,0,0,4.14,0,0,0,0.59,0,5.92,7.69,0,0,0,0,0,0,0,0,0,13.61
591.Djou.6.28.10.docx,1,168,33.6,27.98,70.24,42.26,10.71,5.95,2.38,2.98,0,0.6,0,4.76,10.71,5.95,2.98,1.19,4.17,0,1.19,11.31,6.55,0,0.6,0,0,7.14,0.6,0,0.6,4.76,4.17,0.6,0,0,0,9.52,1.19,1.79,0,0,1.19,0,4.76,0.6,0.6,0,0.6,0,0,0,0,0,0,14.88,1.19,8.33,4.76,2.98,2.98,1.19,1.19,1.19,0,0,0,0,0,3.57,1.19,0.6,0,0,0,0,0,1.19,0,0,6.55
592.Doggett.3.6.03.docx,1,615,21.96,35.61,69.43,42.93,8.29,3.41,0.33,2.93,0,0.16,0,4.88,6.5,9.43,7.48,0.65,5.53,1.79,2.28,12.03,5.2,1.63,1.79,0.65,0,5.37,0.65,0.49,0.33,10.08,3.74,6.18,0.49,4.55,0.65,15.28,1.3,1.14,1.63,0.98,1.14,2.11,4.88,2.44,0.16,0,0.16,0,0.16,0.16,0,0,0,10.08,0.81,5.04,4.23,3.25,2.6,0.65,1.46,0.81,0.33,0.81,0,0,0,5.04,6.67,0,0,0,0,0.16,0,4.55,0,0.16,16.59
593.Dold.2.17.12.docx,1,170,13.08,28.82,70.59,51.18,14.71,7.06,0,4.12,0,0,2.94,7.65,7.65,11.76,10,1.18,5.88,3.53,2.94,9.41,5.88,1.18,1.18,0.59,0,8.82,0,0,0.59,1.76,0,1.76,0.59,1.18,0,20.59,1.18,2.94,3.53,1.76,4.71,1.76,6.47,1.76,1.76,0.59,1.18,0,0,0,0,0,0,14.71,2.35,7.65,4.71,2.94,2.35,0,0,0,0,1.18,0,0,0,8.82,5.88,0,0,0,0,0.59,0,1.76,0,0,17.06
594.Doyle.7.26.07.docx,1,126,15.75,42.86,69.05,36.51,4.76,4.76,0,3.17,0,0.79,0.79,0,6.35,12.7,7.94,3.17,3.97,0.79,1.59,12.7,1.59,0.79,1.59,1.59,0,7.14,0,0,1.59,7.14,1.59,5.56,0,3.97,1.59,11.11,1.59,2.38,0.79,0.79,1.59,0.79,3.97,0,1.59,0,1.59,0,0.79,0,0,0.79,0,11.11,0,4.76,6.35,7.14,2.38,0.79,0,0.79,0,3.17,0,0,0,7.94,7.14,0,0,0,0,0.79,0,1.59,0,0,17.46
595.Doyle.9.19.06.docx,1,565,22.6,34.51,70.09,43.01,6.9,2.83,1.06,1.06,0.35,0,0.35,4.07,9.03,8.5,5.84,0.71,4.6,0.88,2.12,13.1,3.89,0.88,2.12,1.06,0,3.72,0,0.35,0.88,7.43,2.83,4.6,0.71,3.54,0.35,11.33,1.24,2.12,0.88,0.71,0.71,1.42,3.72,0.88,0.88,0,0.53,0.35,0.88,0.53,0,0.35,0,11.68,1.59,6.02,3.72,3.36,1.42,0.18,0.35,0.35,0,2.12,0,0.18,0,5.13,7.61,0,0.35,0,0,0.53,0,0.35,0,0.18,14.16
596.Dreier.1.19.11.docx,1,675,16.46,36,68.59,43.26,9.78,4.44,0.15,3.85,0,0.15,0.3,5.33,6.22,8.44,6.22,1.48,5.19,1.48,2.37,13.19,5.04,1.19,2.07,0.15,0,6.67,0,0.15,0.89,7.11,3.85,3.26,0.59,1.93,0.59,16.15,0.89,1.04,2.22,1.04,2.52,1.63,5.63,1.63,1.33,0.44,0.74,0.15,0.74,0.44,0.3,0,0,10.96,1.78,6.37,2.96,2.96,3.7,0.15,0,0.89,0.44,0.15,0.3,0,0,6.52,4,0,0,0,0,0.3,0,1.19,0,0,12
597.Dreier.6.22.11.docx,1,714,21.64,34.73,69.05,42.86,9.38,4.48,0.7,1.54,0,0.28,1.96,4.9,8.12,7.42,4.06,1.54,3.78,0.84,1.82,12.61,5.18,0.42,2.1,0.98,0,6.58,0,0.42,1.12,6.3,3.36,2.8,0.56,1.4,0.14,14.15,1.4,1.82,0.56,0.98,1.54,1.12,6.02,1.82,1.12,0.56,0.28,0,0.98,0.56,0.42,0,0,11.9,2.1,5.6,2.94,2.52,3.5,0,0.28,0.84,0,0.14,0,0,0,5.18,6.02,0,0.42,0,0,1.12,0,0.84,0,0,13.59
598.Dreier.9.16.09.docx,1,142,17.75,35.21,73.24,46.48,14.79,7.75,0.7,5.63,0,0.7,0.7,7.04,5.63,9.15,6.34,1.41,7.04,0,3.52,10.56,5.63,0,1.41,0,0,9.86,0,0,0.7,5.63,4.23,1.41,0,0,0,17.61,3.52,0.7,0.7,0.7,3.52,0,8.45,0,0.7,0,0.7,0,0,0,0,0,0,9.86,2.11,6.34,1.41,2.82,4.23,0,0,3.52,0,0,0.7,0.7,0,7.04,5.63,0,0,0,0,0.7,0,1.41,0,0,14.79
599.MoranKS.9.16.09.docx,1,177,17.7,33.33,71.19,44.07,8.47,3.39,0,2.26,0,0.56,0.56,5.08,7.91,11.3,7.34,1.13,6.21,1.69,1.69,11.86,2.26,1.13,3.39,0,0,7.34,0,0,0,4.52,2.26,2.26,0.56,1.13,0,16.38,2.26,0.56,2.26,2.26,0,0.56,5.65,2.26,1.13,0,1.13,0,0,0,0,0,0,14.12,2.82,5.65,5.65,4.52,2.82,0,0.56,0,0,0,0,0,0,9.04,5.65,0,0,0,0,0.56,0,2.26,0,0,17.51
600.Dreier.9.12.12.docx,1,512,20.48,25.98,74.22,49.02,12.3,7.23,2.93,3.91,0,0.39,0,5.08,7.03,11.13,7.42,3.52,5.47,0.78,3.52,11.72,6.05,0.2,2.15,0.39,0,11.91,0,1.37,2.93,6.84,4.49,2.34,0,0.98,1.37,14.06,1.56,0.78,0.78,0.59,0.39,0.39,7.42,1.56,2.15,0.2,1.95,0,0.39,0,0,0.39,0,9.77,0.78,5.08,4.1,1.95,1.76,0,0.59,1.37,0.2,1.56,0,0,0,7.23,8.98,0,0,0,0,0.2,0,0.98,0,0,17.38
601.PriceNC.9.12.12.docx,1,260,13,27.69,78.85,48.85,11.92,7.31,0.77,6.15,0,0,0.38,4.62,6.92,12.69,9.62,2.69,7.69,0.38,3.85,11.54,4.62,0.38,1.15,0.77,0,12.31,0,2.31,1.54,10.38,6.92,3.46,0.38,1.15,1.92,15.38,1.15,1.15,1.54,0.38,0.77,1.54,7.69,1.54,0,0,0,0,0.38,0.38,0,0,0,11.54,1.15,5.77,3.85,5,5.38,0,0.38,0,0,0.38,0,0,0,9.23,4.62,0,0,0,0,0,0,1.15,0,0,15
602.Duncan.2.12.98.docx,1,183,10.76,24.59,79.78,46.99,7.1,3.83,1.09,1.64,0,0.55,0.55,3.28,3.28,14.75,10.38,6.01,8.2,0.55,3.28,10.38,7.65,3.28,3.83,0,0,9.29,0,0,3.83,7.1,1.64,5.46,0.55,4.37,0,20.22,1.64,2.73,0.55,2.73,1.09,1.64,6.56,4.37,1.64,0,1.64,0,0.55,0.55,0,0,0,14.21,2.73,4.37,6.01,3.28,0.55,0.55,0,0,0,2.19,0,0,0,7.1,4.92,0,0,2.19,0,0,0,1.09,0,0,15.3
603.Duncan.2.26.03.docx,1,761,24.55,31.67,74.64,44.42,7.75,2.5,0.13,1.45,0,0.79,0.13,5.26,7.1,11.43,6.7,2.37,5.65,0.79,4.07,10.91,3.94,0.92,3.15,2.1,0,5.12,0,0.13,0.92,6.83,1.97,4.86,0,3.94,0.26,13.27,1.45,0.66,1.45,1.84,1.18,2.76,2.63,2.76,1.84,0.66,1.18,0,0.92,0.26,0.53,0.13,0,12.61,1.45,7.49,3.55,2.1,1.71,0.39,0.13,1.97,0,1.84,0,0.26,0,6.83,6.57,0.39,0.79,0.13,0,0.66,0,1.71,0,0.66,17.74
604.Duncan.10.5.98.docx,1,600,22.22,31.5,72.33,47.5,13.33,6.83,2.5,3.5,0,0.33,0.5,6.5,4.17,10.33,6.33,3.17,5,1.17,4.33,11.5,5.33,1.67,3.17,0.67,0,9,0,0.17,1,6.17,2.5,3.67,0.5,1.5,0.17,17.5,2.5,1.33,2,2.67,1.17,1,6.33,2.5,2.17,0.17,1.83,0.17,0.5,0,0.5,0,0,10.17,1.17,5.17,3.67,2.67,1.67,0.33,0.5,0.33,0,0.67,0,0,0,4.83,7.33,0.17,0,0,0,0,0,0.67,0,0.17,13.17
605.Duncan.9.20.01.docx,1,188,23.5,34.04,77.13,46.81,9.57,6.38,1.06,4.79,0,0.53,0,3.19,7.45,17.02,7.98,2.66,10.64,1.06,5.85,7.98,5.85,1.06,2.66,1.6,0,7.98,0,0,1.06,6.91,1.06,5.85,1.6,1.6,0.53,21.81,1.06,0.53,4.79,3.72,1.06,0.53,8.51,2.13,1.06,0,1.06,0,0,0,0,0,0,13.83,3.72,6.38,3.72,1.6,1.06,0,0,2.66,0,0,0,0,0,4.79,5.85,0,0,0,0,1.06,0,3.72,0,1.06,16.49
606.Durbin.5.17.04.docx,1,493,16.43,32.86,70.99,45.44,8.32,4.67,2.23,1.62,0,0.41,0.41,3.65,8.72,9.53,6.69,0.2,4.87,2.23,1.42,13.59,4.26,1.22,2.43,0.2,0,5.68,0,0.61,0.81,4.46,1.42,3.04,0.41,1.62,0.41,15.62,2.23,1.01,1.62,2.23,1.01,2.03,5.48,1.01,0.81,0.2,0.2,0.41,3.25,0,2.84,1.01,0,11.36,1.42,5.68,4.46,1.62,1.42,0,0.2,0,0.2,0.41,0.2,0,0,6.29,3.65,0.2,0,0,0,0.41,0,0.81,0,0,11.36
607.Durbin.9.10.02.docx,1,2829,20.06,29.06,74.69,49.49,12.12,6.86,1.59,3.36,0.32,0.81,0.78,5.27,8.13,11.49,7.28,3.15,5.9,1.24,2.55,12.23,5.2,1.1,2.65,0.35,0,9.19,0.28,0.11,0.6,6.36,3,3.36,0.46,2.44,0.25,16.54,2.4,1.38,1.34,2.26,1.52,0.6,6.08,1.77,0.95,0.28,0.46,0.21,0.21,0.11,0.11,0,0,12.37,1.38,6.08,4.88,2.55,2.76,0.07,0.35,0.14,0.07,1.1,0.07,0.14,0,5.13,5.9,0.21,0.11,0.28,0,0.39,0,1.13,0,0,13.15
608.Ellison.6.2.11.docx,1,526,15.03,30.04,72.81,43.16,8.56,4.56,0.76,0.38,0,1.33,2.09,3.99,6.65,9.51,6.46,3.23,4.18,0.76,2.28,12.17,5.51,1.14,1.71,0.76,0,9.89,0.38,0,4.18,8.56,3.04,5.51,0.57,3.8,0.57,12.93,0.19,1.52,0.57,0.57,1.52,1.52,5.32,1.33,1.14,0.19,0.76,0.19,0.95,0.95,0,0.19,0,13.31,0.95,4.94,6.84,1.71,1.52,0.38,0.38,0,0.57,1.52,0.19,0,0.19,7.41,6.27,0,0.38,0,0,1.33,0,1.33,0,0,16.73
609.Engel.4.21.04.docx,1,217,24.11,25.81,70.51,47.93,8.76,0.92,0.46,0.46,0,0,0,7.83,8.29,13.82,9.22,4.61,7.83,0.46,3.23,12.44,5.99,0.92,0.92,0.46,0,2.3,0,0,0.46,3.69,0,3.69,0.92,2.76,0.46,12.9,0.92,1.84,0.46,0,0,0,7.83,1.38,0.46,0,0.46,0,0.92,0.46,0.46,0,0,15.67,3.69,6.91,5.07,1.38,0.92,0,0.92,1.38,0,0.46,0,0,0,7.37,7.37,0,0.46,0,0,0.46,0,0,0,0,15.67
610.Engel.6.5.98.docx,1,724,12.48,31.35,71.69,44.2,8.15,5.25,0.83,2.49,0,0.55,1.38,2.9,6.91,12.43,8.84,2.49,5.66,2.21,3.04,11.74,4.14,0.83,1.1,0.97,0,8.84,0,0.14,2.49,3.87,1.24,2.62,0.41,1.24,0.28,13.4,0.41,1.8,2.35,0.55,2.49,0.97,5.52,0.97,1.52,0.41,1.1,0,0.28,0.14,0.14,0,0,15.75,2.07,7.32,6.22,3.59,1.8,0,0.83,0.83,0.28,0.97,0,0,0,10.91,6.77,0.14,0,0,0,0.14,0,0.69,0,0,18.65
611.Engel.6.11.98.docx,1,630,21.72,34.6,68.73,42.54,7.62,2.38,0,0.32,0,1.27,0.79,5.24,7.62,8.89,5.4,2.54,3.81,0.63,2.86,12.06,3.97,1.11,3.49,0.32,0,6.67,0.16,0,1.59,4.76,2.7,1.9,0.48,1.27,0,15.87,3.17,1.43,1.43,2.7,3.17,1.27,3.33,1.43,1.11,0.16,0.95,0,0.32,0.32,0,0,0,8.57,1.43,3.81,3.02,2.06,2.06,0.32,0,0.48,2.54,1.27,0,0.16,0,4.76,6.98,0,0.32,0,0,0.79,0,1.59,0,0,14.44
612.Engel.6.19.06.docx,1,160,14.55,28.12,66.25,45.62,8.12,2.5,0.62,1.25,0,0,0.62,5.62,8.75,8.75,8.12,0.62,5,1.88,0.62,11.25,5,0.62,3.12,1.25,0,6.25,0,0,1.25,5,0.62,4.38,3.75,0.62,0,12.5,0.62,0.62,1.88,0,2.5,0.62,6.25,0,1.88,0.62,1.25,0,1.25,1.25,0,0,0,8.12,1.88,3.12,3.12,1.25,0.62,0,0.62,1.25,0,0,0,0,0,7.5,10,0.62,0,0,0,0,0,0.62,0,0,18.75
613.Engel.3.24.98.docx,1,759,16.15,30.83,71.81,46.25,11.46,7.91,1.45,3.16,0,0,3.29,3.56,7.38,11.99,7.77,2.9,6.19,1.19,1.98,10.54,4.61,1.19,1.32,0.92,0,13.44,0,0.26,4.48,3.29,1.71,1.58,0,1.45,0,14.76,1.45,1.58,2.37,1.45,0.79,0.53,5.93,2.5,0.79,0,0.53,0.26,0.79,0,0.53,0.26,0,11.73,1.98,3.95,5.8,2.77,1.84,0.13,0.4,1.05,0,0.66,0,0,0,6.46,6.06,0,0.13,0,0,0.4,0,0.13,0.66,0,14.49
614.Engel.3.24.99.docx,1,220,11,22.73,77.73,49.55,16.82,9.55,2.73,4.55,0,1.36,0.91,7.27,5.91,15,8.64,0.45,10.45,1.82,3.64,10.91,5,0,0.45,0,0.45,12.27,0.45,0.91,1.36,9.55,6.36,2.73,0,2.73,0,15.91,0.45,0.91,3.18,0.91,0.45,1.82,7.73,0.91,2.27,0.91,1.36,0,0,0,0,0,0,8.18,0.91,3.64,2.73,1.82,1.36,1.36,1.36,0,0,3.64,0,0,0,10.91,5,0,0,0,0,0,0,0,0,0,15.91
615.Engel.10.1.98.docx,1,824,17.91,23.3,75.97,49.88,10.07,5.83,0.97,2.79,0,0.97,1.09,4.25,7.52,14.81,9.59,2.43,9.22,1.33,3.52,11.17,5.83,0.97,2.79,0.49,0,9.47,0,0.12,1.94,4,2.18,1.82,0.24,0.49,0.24,14.2,1.58,1.21,2.06,1.09,0.61,0.73,6.55,1.09,1.82,0.24,1.46,0.12,0.24,0.24,0,0,0,14.68,1.94,6.43,6.19,1.82,1.33,0.24,0.73,0.24,0,0.61,0,0.12,0.12,5.46,7.04,0,0.12,0.24,0,0.24,0,0,0,0,13.11
616.Engel.9.11.13.docx,1,185,20.56,27.57,77.84,51.35,15.14,8.11,5.41,1.62,0,1.08,0,7.03,7.57,12.97,8.11,1.08,8.65,2.16,2.7,10.27,8.11,0.54,2.16,0,0,5.41,0,0.54,1.08,4.86,1.62,3.24,0.54,2.7,0,21.62,4.86,2.16,2.16,3.78,1.08,0.54,7.03,2.7,1.62,0.54,1.08,0,1.08,0.54,0.54,0,0,8.11,0.54,5.41,2.7,2.7,2.7,0,0.54,0,0,0.54,0,0,0,5.95,6.49,0,0.54,0,0,0,0,4.32,0,0,17.3
617.Engel.9.30.09.docx,1,136,17,39.71,67.65,41.18,5.88,0.74,0,0.74,0,0,0,5.15,8.09,6.62,3.68,0,5.15,0.74,2.94,13.97,2.94,1.47,1.47,1.47,0,2.21,0,0,0.74,8.82,2.21,6.62,0.74,5.88,0,11.03,2.21,0,2.21,0,1.47,2.21,2.94,1.47,1.47,0,0.74,0,0.74,0.74,0,0,0,12.5,1.47,5.15,5.88,2.21,2.21,0.74,0,0.74,0,0,0,0,0,7.35,5.88,0,0,0,0,0.74,0,1.47,0,0,15.44
618.Foley.9.18.02.docx,1,203,15.62,29.06,77.83,48.77,9.85,6.9,0,2.46,0.49,1.97,1.97,2.96,7.39,11.82,8.37,2.46,7.88,0.49,3.94,11.33,6.4,2.46,0,0.49,0,13.3,0,0,0.49,5.91,3.45,2.46,0,2.46,0,15.27,0.99,0.99,2.96,1.48,0.99,0.49,5.42,4.43,1.48,0,1.48,0,0.99,0,0.49,0,0.49,16.75,2.46,8.87,4.93,3.45,3.94,0.99,0,0.99,0,0.49,0,0.49,0,6.4,8.37,0,0.99,0.49,0,0,0,0,0,0,16.26
619.Gibbons.9.18.02.docx,1,160,16,28.75,69.38,45,7.5,3.75,0.62,0.62,0,0,2.5,3.75,4.38,18.12,13.75,1.25,10,2.5,1.25,8.75,5,1.88,2.5,1.25,0,5,0,0,1.25,2.5,0,2.5,0,2.5,0,20,3.75,1.88,4.38,1.88,5,0,5.62,3.12,3.75,0.62,1.25,0.62,0.62,0.62,0,0,0,12.5,0.62,5.62,6.25,0.62,0.62,0,0,0.62,0,0.62,0,0,0,10.62,5.62,0,1.25,0.62,0,0,0,0.62,0,1.25,20
620.Fortenberry.9.10.13.docx,1,1570,20.13,32.68,75.1,47.39,11.15,5.48,2.04,1.53,0.89,0.45,0.57,5.67,7.39,10.96,7.96,1.27,7.13,1.53,3.63,12.04,5.67,1.27,1.91,0.19,0,8.54,0.13,0.19,1.4,5.73,3.25,2.48,0.38,1.15,0.25,15.22,1.59,1.85,1.15,1.97,1.4,1.78,3.82,2.48,1.27,0.19,0.83,0.19,0.38,0.13,0.19,0.06,0,11.91,1.46,6.05,4.59,2.17,2.29,0.13,0.13,0.7,0.32,0.13,0.06,0.19,0.06,4.78,8.28,0.13,0.19,0.51,0,0.19,0,2.8,0,0,16.88
621.Dent.9.10.13.docx,1,2578,21.48,27.39,76.42,51.36,12.65,6.56,2.64,2.06,0.43,0.85,0.58,6.09,7.02,13.11,7.99,2.6,7.99,0.93,4.42,11.83,6.01,1.44,2.68,0.54,0,8.42,0.08,0.5,0.97,5.39,3.03,2.17,0.35,1.05,0.27,17.3,2.44,1.47,1.32,2.72,1.16,0.97,5,3.3,1.28,0.62,0.47,0.19,0.35,0.23,0.12,0,0,10.59,1.63,5.82,3.14,2.6,2.48,0.19,0.04,0.35,0.78,0.39,0.08,0.12,0.08,5.12,8.07,0.08,0.19,0.27,0,0.58,0,2.64,0,0.04,16.99
622.Foxx.11.15.06.docx,1,191,17.36,32.46,69.11,39.27,6.81,4.19,1.57,2.09,0,0.52,0,2.62,7.85,4.71,4.71,0,1.05,1.57,1.57,13.61,4.71,0.52,0,0,0,6.81,0,1.05,1.05,8.38,4.19,4.19,0.52,3.14,0.52,13.61,1.05,1.57,1.05,0,1.57,2.62,5.24,1.05,2.62,0,1.57,1.05,0,0,0,0,0,15.71,1.57,10.47,2.09,3.66,2.62,0,1.05,0,0,1.05,0,0,0,6.81,3.66,0.52,0,0,0,0,0,1.05,0,0,12.04
623.Foxx.9.20.06.docx,1,240,18.46,32.92,74.17,42.5,8.75,6.25,0,2.5,0,2.5,1.25,2.5,5.83,7.5,5.83,0.83,5.42,0.42,1.67,12.92,5.42,0.83,2.08,0,0,11.67,0,0,3.33,10,5,5,1.67,2.92,0,14.17,0.83,1.67,0.42,1.25,0.42,3.33,5.42,1.67,2.08,0,1.67,0,0.42,0,0.42,0,0,6.25,0,3.75,2.5,1.25,1.67,0,0.42,2.08,1.67,1.25,0,0,0,5.42,7.92,0,0,0,0,1.25,0,0.42,0,0,15
624.Frank.12.20.01.docx,1,885,22.12,28.25,73.9,49.49,10.73,5.65,1.81,2.82,0,0.56,0.45,5.08,6.89,12.66,9.04,2.26,6.33,2.15,2.03,13.11,4.63,2.26,2.6,0.56,0,6.67,0,0,0.9,6.78,2.82,3.84,0.79,2.15,0.34,16.16,1.69,1.13,3.16,1.81,1.58,1.24,3.95,2.82,1.02,0.34,0.56,0.11,0.56,0,0.23,0.11,0.23,10.51,1.02,6.67,2.37,2.03,3.05,0.11,0.23,0.68,0.45,0.23,0,0.11,0,4.86,7.57,0.23,0.11,0,0,0.34,0,0.23,0,0,13.33
625.Franks.8.2.12.docx,1,2879,17.14,33.97,72.56,45.43,10,5.31,0.9,1.32,0.1,0.59,2.4,4.69,6.46,10.11,6.84,1.91,5.04,1.6,3.79,10.7,5.52,1.04,2.26,0.76,0.03,9.1,0,0.07,2.33,4.79,1.95,2.81,0.56,1.49,0.38,14.48,2.33,1.91,1.6,2.26,1.6,1.15,3.79,1.95,2.4,0.24,2.05,0.1,0.59,0.42,0.17,0.03,0,11.43,1.32,4.86,5.07,3.06,2.5,0.03,0.21,0.45,0.56,0.31,0.03,0.03,0.17,6.08,6.77,0.35,0,0.31,0,0.35,0,2.12,0,0,15.98
626.Franks.2.15.13.docx,1,1191,15.67,35.52,70.19,43.49,7.98,2.27,0.34,1.34,0,0.25,0.34,5.71,6.8,7.22,6.47,0.84,4.62,0.92,3.36,11,5.79,1.01,2.69,0.42,0,5.21,0,0,1.85,5.12,1.93,3.11,0.5,1.43,0.42,16.71,2.35,2.52,1.6,2.6,1.85,1.01,5.04,2.35,2.52,0.25,1.76,0.34,0.5,0.42,0.08,0,0,8.48,1.51,3.11,3.69,4.28,3.86,0.5,0.25,0.42,0,0.34,0,0.08,0,6.38,7.56,0.17,0.08,0.5,0,0.59,0,3.02,0,0,18.3
627.Franks.3.25.10.docx,1,3506,16.62,34.48,69.79,42.67,8.19,3.74,0.66,1.25,0.26,0.37,1.2,4.45,6.62,10.04,7.05,1.65,4.59,1.48,3.54,11.15,4.96,0.74,1.68,0.6,0.03,7.53,0.06,0.06,2.37,5.9,2.08,3.79,0.6,2.51,0.37,12.58,1.6,1.71,1.34,1.34,1.23,0.91,4.11,1.37,2.4,0.2,1.94,0.2,0.54,0.26,0.2,0.09,0,12.46,1.48,5.65,4.93,2.82,2.6,0.14,0.11,0.57,0.91,0.37,0.03,0.03,0.06,6.53,5.85,0.14,0,0.2,0,0.6,0,2.37,0,0.03,15.72
628.Franks.9.15.05.docx,1,1583,17.79,37.65,67.4,41.12,7.52,1.52,0,0.44,0,0.69,0.38,6,7.71,8.84,6.7,0.32,5.69,1.45,2.59,11.81,4.3,0.76,1.39,0.13,0,5.18,0,0,2.08,4.93,3.1,1.83,0.19,1.2,0.32,12.82,1.33,2.15,1.77,1.07,1.96,0.82,3.6,1.01,1.58,0.32,1.07,0.06,0.32,0.13,0.19,0,0,10.04,0.82,4.93,3.85,3.54,2.91,0.19,0,0.38,0.57,0.32,0.06,0.06,0,6.19,5.5,0.06,0.06,0.19,0,0.44,0,5.31,0,0,17.75
629.Franks.9.29.08.docx,1,1525,23.46,36.07,69.97,42.16,10.1,4.13,1.7,1.7,0.13,0.13,0.46,5.97,6.49,10.03,5.9,1.44,5.51,0.85,3.21,10.75,4.52,0.13,2.03,1.05,0,5.05,0.07,0,0.66,5.25,3.61,1.64,0.46,0.85,0.26,12.13,1.44,2.03,1.05,0.79,1.05,1.05,4.52,0.72,2.1,0.13,1.7,0.13,0.46,0.39,0,0,0.07,12.33,1.05,5.7,5.05,3.87,2.89,0.39,0.33,1.44,0.33,0.26,0,0,0.07,4.79,6.49,0.07,0,0.13,0,0.39,0,1.97,0,0.13,13.97
630.Garrett.6.19.09.docx,1,174,15.82,37.36,74.14,43.68,8.62,5.17,2.3,1.15,0,0.57,1.15,3.45,9.2,10.92,6.9,4.02,4.6,0,2.87,9.77,5.75,0,1.15,0.57,0,9.77,0.57,0,1.15,6.9,3.45,3.45,0,2.3,0,12.64,2.3,2.3,0,1.15,1.15,1.15,5.75,0,1.15,0,1.15,0,0.57,0,0.57,0,0,9.2,1.15,3.45,4.6,1.72,1.72,1.72,0.57,0,1.72,1.15,0,0,0,5.75,5.75,0,0,0.57,0,0.57,0,0.57,0,0,13.22
631.Gibbons.8.7.98.docx,1,192,12.8,29.17,75.52,48.96,13.02,7.81,2.08,2.6,0.52,0,2.6,5.21,6.25,12.5,9.38,1.04,9.9,1.04,4.69,8.33,3.65,1.56,2.08,0.52,0,7.81,0,0,1.04,8.33,4.69,3.65,0,2.08,0.52,14.58,1.56,1.56,1.56,2.6,0.52,2.08,3.12,3.12,2.08,0,1.04,0.52,1.04,1.04,0,0,0,16.15,0.52,8.33,6.77,0.52,0,1.04,0,0,0,0,0.52,0.52,0,8.85,6.77,0,0,1.04,0,0,0,1.04,0,0,17.71
632.Gibbons.1.27.03.docx,1,155,17.22,34.19,68.39,43.87,7.1,2.58,0,1.94,0,0.65,0,4.52,5.81,9.68,7.1,0.65,6.45,0.65,3.23,11.61,6.45,1.29,2.58,0.65,0,6.45,0,0,1.29,3.87,1.94,1.94,0,1.94,0,17.42,1.29,2.58,0.65,0.65,3.23,3.23,6.45,1.29,0.65,0,0.65,0,0,0,0,0,0,13.55,0,5.16,8.39,3.23,1.94,0,0,0,0,0,0,0,0,8.39,5.81,0,0,0,0,0.65,0,0,0,0,14.84
633.Gibbons.1.28.03.docx,1,176,17.6,29.55,70.45,43.75,10.23,7.39,0,3.41,0,3.98,0,2.84,5.68,11.93,9.09,2.84,6.25,1.7,5.11,6.82,5.11,2.27,1.7,0,0,11.36,0,0,0.57,9.09,2.84,5.68,1.7,3.41,0,18.18,1.14,2.27,1.7,0.57,1.7,1.7,6.25,2.84,1.7,0,1.14,0.57,0.57,0.57,0,0,0,6.82,0,3.41,3.98,1.14,1.7,1.14,0,0.57,0,1.14,0.57,0,0.57,6.25,6.25,0,0,0,0,1.7,0,2.84,0,0,17.05
634.Gibbons.9.25.02.docx,1,164,13.67,31.71,68.9,42.07,6.71,4.27,0.61,1.83,0,0,1.83,2.44,7.93,12.2,7.32,1.83,4.88,1.83,1.22,10.37,6.1,2.44,1.22,0,0,6.71,0,0,1.22,4.27,0.61,3.66,0,1.83,1.22,22.56,1.83,4.27,3.66,1.22,4.88,1.22,5.49,3.66,1.83,0,1.83,0,0,0,0,0,0,10.37,1.22,4.27,4.88,3.66,3.05,0,0,0,0.61,0,1.22,0,0,14.63,6.71,0,0,0,0,0,0,0.61,0,0,21.95
635.Wu.9.25.02.docx,1,128,18.29,33.59,71.09,39.84,7.81,6.25,3.12,2.34,0,0.78,0,1.56,7.03,9.38,4.69,2.34,4.69,0.78,3.12,9.38,6.25,0.78,0.78,0,0,7.81,0.78,0.78,1.56,8.59,1.56,7.03,1.56,4.69,0.78,17.97,0.78,2.34,3.12,3.91,2.34,1.56,4.69,3.91,1.56,0,1.56,0,0,0,0,0,0,8.59,1.56,3.91,3.12,3.12,2.34,0,0.78,0.78,0.78,3.12,0.78,0,0,7.03,10.94,0.78,0,0,0,0,0,4.69,0,0,23.44
636.Gilman.8.3.98.docx,1,580,14.15,36.21,67.93,39.48,10.52,5.17,2.76,1.21,0,0.52,0.69,5.34,5.34,8.1,3.97,1.21,3.62,0.69,2.76,12.93,3.45,0.69,1.21,0,0,6.55,0,0.86,1.55,5.17,2.93,2.24,0,1.9,0.17,13.45,3.1,1.03,0.69,0.52,1.38,1.38,4.66,0.69,1.55,0.17,1.38,0,0.17,0,0.17,0,0,13.79,1.9,6.55,5,3.45,0.69,0.17,0,0.34,0.17,0,0,0,0,12.59,3.79,0.17,0,0,0,0.17,0,1.55,0.17,0,18.62
637.Hamilton.8.3.98.docx,1,953,17.98,34.52,74.92,46.38,10.7,5.46,2.73,2.31,0.1,0.31,0,5.25,8.18,10.7,5.67,0.73,7.97,1.47,2.41,13.22,3.25,1.47,1.57,1.05,0,6.93,0,0.1,0.84,7.14,4.62,2.41,0.42,0.42,0.31,20.36,5.35,3.88,1.78,1.05,0.52,1.78,4.62,1.47,0.63,0.1,0.42,0.1,0.21,0.21,0,0,0,8.92,1.89,4.62,2.1,4.09,4.2,0,0.1,0.21,0,0.1,0.1,0,0,8.5,5.56,0,0.21,0,0,0,0,1.57,0.1,0,16.05
638.Gilman.10.5.98.docx,1,1080,16.62,30.74,72.31,45,10.56,6.85,2.04,2.87,0,1.39,0.56,3.7,6.3,9.35,5.56,1.11,4.07,1.39,1.76,15,4.17,0.93,1.76,1.67,0,8.43,0,0.19,1.76,4.07,2.31,1.76,0.09,1.2,0.19,15.09,1.02,2.78,1.3,1.67,1.02,1.67,4.44,1.76,1.3,0,1.3,0,0.19,0,0.19,0,0,14.26,1.85,6.11,5.83,3.33,3.15,0.37,0.09,1.57,0,0,0.09,0,0,9.35,5.65,0.09,0.09,0.09,0,0.46,0,0.46,0.65,0.46,17.96
639.Paul.10.5.98.docx,1,2735,13.61,22.49,80.4,55.54,15.65,8.67,2.16,4.53,0.15,0.55,1.28,6.98,5.63,14.19,9.8,1.72,9.65,1.54,4.61,11.55,5.89,1.97,2.49,0.37,0,11.26,0.04,0.26,1.5,5.59,2.89,2.56,0.29,1.57,0.04,20.22,2.05,2.19,1.76,2.16,1.39,1.35,7.46,3.14,1.68,0.11,1.43,0,0.15,0.04,0.11,0,0,9.32,1.46,4.24,3.36,2.56,2.08,0.04,0.07,1.79,0.11,0.69,0.18,0.18,0.18,7.24,5.74,0.07,0.15,0.77,0,0.15,0,0.44,0,0.04,14.59
640.Hamilton.10.5.98.docx,1,1079,13.49,29.47,75.25,48.84,10.57,5.75,2.78,2.32,0.09,0.19,0.37,4.82,7.69,11.77,8.53,0.83,7.6,1.48,3.43,12.33,3.71,1.2,2.32,1.2,0,6.21,0,0.09,0.83,4.82,3.24,1.39,0.28,0.28,0.19,17.52,2.32,2.04,1.85,2.5,1.02,2.87,4.36,1.95,1.39,0.09,0.83,0.37,0.19,0.09,0.09,0,0,8.06,1.67,3.99,2.41,4.63,3.24,0,0,2.5,0,0.09,0,0.09,0.09,9.08,5.19,0,0.09,0.09,0,0.19,0,0.09,0,0,14.74
641.Rohrabacher.10.5.98.docx,1,845,17.6,25.09,77.87,54.56,15.15,7.22,0.47,5.33,0,0.71,0.71,7.93,6.27,13.02,10.06,2.72,6.75,1.89,4.26,11.24,5.09,2.96,0.95,0.36,0,12.31,0,0.47,2.6,8.52,4.5,4.02,0.24,2.96,0.36,16.57,1.54,0.71,2.37,1.18,0.95,1.18,5.92,4.02,0.83,0.12,0.59,0.12,0.59,0.47,0.12,0,0,10.41,0.83,5.8,3.31,1.54,1.42,0,0.24,0.36,0,1.3,0.12,0.36,0.12,5.92,6.27,0,0,0.36,0,0.12,0,0.59,0.24,0,13.73
642.Gingrey.7.12.06.docx,1,155,11.92,43.23,61.29,29.03,9.03,5.81,1.94,3.23,0.65,0,0,3.23,4.52,7.1,3.87,1.29,2.58,0.65,1.29,10.32,1.94,0.65,0,0,0,7.74,0,0,2.58,6.45,3.23,3.23,0,2.58,0,8.39,1.94,1.94,0.65,0,0.65,0,3.87,0,3.23,0,2.58,0.65,0,0,0,0,0,16.13,3.23,9.03,3.23,3.23,1.29,0,0,0,0,0,0,0,0,8.39,6.45,0,0,0,0,3.23,0,1.29,0,0,19.35
643.Gosar.9.10.13.docx,1,162,16.2,22.22,77.16,54.32,14.81,4.94,1.23,3.7,0,0,0,9.88,6.17,14.81,12.96,1.85,8.64,1.85,2.47,12.35,3.7,4.32,0.62,0.62,0,9.88,0,1.23,1.85,8.02,2.47,5.56,0.62,3.7,0.62,16.67,1.23,3.09,1.23,1.23,1.23,0.62,4.32,4.32,1.23,0,1.23,0,0.62,0,0,0,0.62,9.26,0.62,6.17,2.47,0.62,1.23,0,0,0,0,1.23,0,0,0,6.79,6.79,0,0,0,0,0,0,0,0,0,13.58
644.Pittenger.9.10.13.docx,1,173,13.31,25.43,81.5,49.13,11.56,4.05,1.73,1.73,0,0,0.58,7.51,6.36,11.56,9.83,1.16,6.94,1.73,2.31,12.14,5.78,0.58,1.73,0.58,0,8.09,0.58,0,2.31,6.94,2.89,4.05,0,3.47,0,13.29,2.31,1.73,2.31,1.16,0.58,1.73,4.62,1.16,2.31,0,1.16,1.16,2.31,1.73,0.58,0,0,16.18,2.31,7.51,5.78,2.89,3.47,0.58,0.58,0,0.58,0,0,0,0,6.94,6.94,0,0,0.58,0,0,0,1.73,0,0,16.18
645.Grucci.9.25.02.docx,1,587,16.31,36.8,66.95,35.26,5.28,2.9,0.68,1.7,0,0.34,0.17,2.39,3.75,12.44,5.45,1.7,3.92,1.7,1.7,14.48,3.07,1.36,1.87,0,0,5.62,0,0,0.34,8.01,2.21,5.79,1.36,3.58,0.51,15.67,2.73,2.04,1.02,0.85,1.53,3.24,3.07,1.7,0.68,0.17,0.34,0,0,0,0,0,0,16.18,3.24,5.62,7.33,1.87,1.7,0,0,0.17,0,0.51,0.17,0,0,6.47,6.47,0.17,0,0,0,0.17,0,0.68,0,0,13.97
646.Hall.6.3.98.docx,1,217,14.47,23.5,80.18,50.69,12.44,7.37,3.23,0.92,0,0,3.23,5.07,3.23,13.36,9.22,3.23,6.91,1.38,2.76,9.22,5.99,3.69,3.23,1.84,0,9.68,0.46,0,3.23,5.53,1.84,3.69,0.46,0.92,0.46,14.29,0.46,0.92,0.46,1.38,2.3,0,4.15,5.53,2.3,1.84,0.46,0,1.84,0.92,0.46,0,0.46,14.75,1.84,6.45,6.91,0,1.84,0.46,1.38,0,0,2.3,0.46,0.46,0.92,7.37,8.76,0,0,0,0,0.46,0,1.38,0,0,17.97
647.Herger.5.7.09.docx,1,103,14.71,42.72,62.14,33.98,9.71,3.88,2.91,0.97,0,0,0,5.83,4.85,5.83,4.85,0.97,2.91,1.94,1.94,9.71,3.88,0,0,0,0,1.94,0,0,0,11.65,6.8,4.85,0,3.88,0.97,9.71,0.97,0.97,3.88,0,0,0,3.88,0,0.97,0,0.97,0,0,0,0,0,0,8.74,3.88,3.88,0.97,0.97,7.77,0.97,0,0.97,0,0.97,0,0,0,6.8,2.91,0,0,0,0,0,0,3.88,0,0,13.59
648.Hoeffel.3.4.03.docx,1,700,15.91,33.29,73.57,45.57,11.14,5.86,1.14,3.86,0,0.43,0.43,5.29,6.43,12.43,8,2,6.71,2.14,1.86,10.43,5,2.14,1.86,0.29,0,8.71,0,0.29,0.29,7.14,4.86,2.29,0.14,1.43,0.29,18.43,1.86,2.14,2.57,2.43,2.43,0.86,6.14,3.29,0.57,0.14,0.43,0,0.29,0.14,0.14,0,0,10.43,0.86,5.14,4.29,5.86,4.57,0,0,0.29,0,0.43,0.14,0,0,6.71,4.71,0.14,0.14,0.29,0,0.57,0,0.14,0,0,12.71
649.Holding.9.9.13.docx,1,138,19.71,34.06,73.91,43.48,10.14,7.25,2.9,2.9,0,0,1.45,2.9,7.25,8.7,6.52,1.45,5.07,0.72,0.72,9.42,5.07,1.45,2.9,0,0,7.25,0,0.72,0.72,9.42,3.62,5.8,1.45,2.17,2.17,10.87,0.72,0.72,0.72,0.72,2.17,0,5.8,0.72,2.17,0,2.17,0,0,0,0,0,0,13.77,2.17,5.8,6.52,7.97,7.25,0,0,0,0,0,0,0,0.72,5.07,7.97,0,0,0,0,0.72,0,2.9,0,0.72,17.39
650.Holt.3.5.03.docx,1,739,33.59,34.1,73.48,43.57,7.44,2.98,0.68,1.62,0.14,0,0.54,4.47,8.8,7.98,4.6,0.27,4.06,1.62,1.22,15.02,4.87,0.68,1.89,0,0,6.9,0,0,1.76,6.36,3.52,2.71,0.81,1.49,0,18.4,2.44,2.44,1.08,1.35,1.49,2.84,5.55,1.35,0.68,0.27,0.27,0,0.27,0,0.27,0,0,10.28,1.89,6.77,1.62,4.33,3.52,0,0.14,0.68,0.27,0.14,0,0.14,0,4.87,6.63,0.14,0.14,0,0,0.27,0,2.98,0.41,0,15.83
651.Hoyer.3.10.98.docx,1,914,19.87,35.56,68.82,43.22,7.44,3.61,1.31,0.98,0,0.33,0.98,3.83,8.97,7.66,4.92,1.53,3.72,0.98,1.53,14.22,5.25,0.88,1.53,0.66,0,7.55,0.11,0.33,2.52,4.27,1.75,2.52,0.44,1.86,0,13.35,1.42,1.31,1.64,1.2,1.2,1.97,4.7,1.09,1.09,0.22,0.88,0,0.44,0,0.33,0.11,0,13.35,1.75,7.33,4.16,2.3,1.86,0.22,0.33,0.22,0.33,0.11,0.22,0,0,6.02,7.88,0,0,0.11,0,0.55,0,0.77,0.55,0.33,16.74
652.Hunter.7.24.98.docx,1,148,16.44,37.84,67.57,45.27,6.08,2.7,0,2.03,0,0.68,0,3.38,12.16,8.11,8.11,2.7,4.05,0.68,3.38,10.14,2.03,0,3.38,1.35,0,8.11,0,0,4.73,4.73,0.68,4.05,0.68,2.03,0,5.41,0,0,0.68,0,0.68,1.35,1.35,0.68,1.35,0,1.35,0,2.03,0.68,1.35,0,0,10.81,0,1.35,8.78,4.05,4.73,0,0,0,0,0,0,0.68,0,7.43,5.41,0,0,0,0,0,0,0,1.35,0,15.54
653.Hunter.1.27.03.docx,1,1801,23.09,27.6,72.35,50.69,14.49,7.33,1.17,1.94,0.11,1.17,2.94,7.16,6.44,13.38,8.22,2.61,7.44,0.56,3.11,11.77,4.55,1,2.33,0.61,0.06,9.55,0,0.17,1.11,4,1,3,0,2.33,0.5,13.05,2,1.89,0.67,1.5,0.83,0.28,4.78,1.61,1.61,0.17,1.28,0.22,0.39,0.17,0.17,0,0.06,10.16,1.44,6,2.61,4.16,2.39,0.28,0.28,0.06,0,0.11,0.06,0.06,0.06,4.78,8.61,0.11,0.39,0.17,0,0.17,0,1.55,0.06,0,15.88
654.Saxton.1.27.03.docx,1,1506,20.08,27.95,77.16,50.86,14.21,8.23,2.32,3.19,0.66,0.46,1.59,5.98,7.5,11.55,7.97,2.86,6.91,0.86,3.72,10.82,5.51,1.53,1.86,0.27,0,12.48,0.13,0.07,2.46,5.18,1.93,3.25,0,3.05,0.07,15.27,3.12,1.06,1.53,2.86,1.2,0.53,5.05,2.92,2.12,0.4,1.53,0.13,0.27,0.27,0,0,0,9.36,1.13,4.12,3.98,3.92,0.86,0.66,0.13,0.07,0.07,0.33,0,0.07,0,4.78,6.77,0.33,0.13,0.4,0,0,0,0.4,0.4,0,13.61
655.Inslee.3.13.03.docx,1,5312,26.04,26.54,76.62,52.07,12.73,6.55,2,2.77,0.09,0.87,0.83,6.17,7.76,13.44,9,2.67,8.38,1.13,2.54,11.97,5.57,1.15,1.68,1.11,0,8.15,0.09,0.21,0.81,5.25,2.67,2.47,0.11,1.49,0.34,16.64,2.41,2.01,1.68,1.73,1.26,0.88,5.85,2.15,1.09,0.26,0.73,0.08,0.34,0.13,0.17,0,0.04,11.5,1.32,6.23,3.67,2.39,3.18,0.17,0.32,0.87,0.26,0.56,0.09,0.04,0.04,4.24,5.8,0,0.3,0.23,0,0.26,0,0.38,0.09,0.11,11.5
656.Kind.3.13.03.docx,1,782,23.7,25.83,79.41,51.41,12.53,6.39,2.56,2.56,0.26,0.26,0.77,6.14,7.16,11.76,7.16,0.9,9.21,0.77,4.73,11.89,5.75,0.77,2.3,0.38,0,7.93,0.13,0.26,1.28,6.14,4.86,1.28,0.13,0.51,0.26,19.05,2.69,1.79,1.92,2.56,1.28,0.77,6.14,2.43,0.77,0,0.51,0.26,0.38,0,0,0.13,0.26,13.3,1.92,6.91,3.84,1.79,3.32,0.13,0.38,0.38,0,0.13,0,0.13,0,4.09,4.35,0.13,0,0.13,0,0.13,0,0.26,0.26,0,9.59
657.Inslee.3.5.03.docx,1,808,18.36,28.47,77.97,48.14,13.12,6.56,1.73,2.85,0,1.11,0.87,6.56,6.44,12.62,7.43,2.48,7.43,1.36,2.97,11.39,3.71,1.24,2.1,1.36,0,10.4,0.25,0,2.1,5.32,1.98,3.22,0,1.98,0.62,17.33,2.6,2.1,2.48,1.24,0.87,1.36,5.07,2.23,1.73,0.37,1.24,0.12,0.5,0.12,0.37,0,0,12.75,1.11,7.8,3.96,1.61,2.23,0.12,0.12,0.87,0.25,1.24,0,0,0.37,5.07,5.57,0.25,0.25,1.24,0,0.25,0,1.11,0,0,13.74
658.Jackson-Lee.12.15.09.docx,1,734,27.19,26.29,72.48,50.27,13.62,5.86,1.5,1.77,0.14,0,2.45,7.77,7.08,11.58,7.63,2.32,6.54,1.09,2.59,12.94,5.04,0.68,1.77,0.41,0,9.13,0.54,0.14,0.95,4.5,2.72,1.77,0.41,0.68,0.54,12.4,1.09,0.95,2.18,1.5,0.68,0.68,5.31,1.23,1.23,0.27,0.54,0.27,0.27,0.14,0,0.14,0,11.44,2.18,7.22,1.77,2.32,2.04,0.27,0.41,0.27,0.14,0.68,0.14,0,0,4.22,7.08,0.14,0.27,0.14,0,0,0,0.54,0,0,12.4
659.Jackson-Lee.2.27.03.docx,1,192,19.2,27.6,65.62,42.71,9.38,4.17,2.6,1.56,0,0,0,5.21,5.73,9.9,6.77,1.04,3.65,1.04,0.52,14.06,4.17,1.04,1.56,1.04,0,8.33,0,0,2.6,6.77,4.17,2.6,0,2.08,0.52,11.46,2.6,0,1.04,1.56,0.52,2.08,3.12,1.56,4.17,0,2.6,0,0,0,0,0,0,5.73,0,5.21,0.52,1.04,0.52,0.52,0,0,0,0.52,0,0,0,5.73,6.25,0,0,0,0,0,0,0,0,0.52,12.5
660.Jackson-Lee.7.7.04.docx,1,194,21.56,33.51,77.32,48.97,9.28,3.09,1.03,1.55,0,0,0.52,6.19,8.25,9.28,8.25,1.03,5.15,1.03,2.06,15.98,4.64,0,0,1.55,0,7.22,0.52,0,4.12,7.73,1.55,6.19,0.52,4.64,0,9.28,1.55,0,0,0,0,1.03,6.19,0.52,1.03,0,1.03,0,0.52,0,0.52,0,0,13.92,1.03,7.73,4.12,1.55,1.03,0.52,1.55,0,0,3.09,0,0,0,5.15,5.67,0,2.58,0,0,0,0,0,0,0,13.4
661.Jackson-Lee.7.13.04.docx,1,392,20.63,30.1,78.57,49.23,14.8,7.91,3.32,4.08,0,0,0.51,6.89,5.1,12.24,6.89,1.28,7.4,1.53,1.53,13.78,5.36,1.53,0.77,1.02,0,11.73,0.26,0.51,3.06,8.42,4.59,3.83,0,2.04,1.02,17.35,4.08,2.81,1.28,1.02,1.28,0.26,6.89,1.28,2.04,0.77,1.28,0,0.77,0.26,0.51,0,0,11.73,2.04,7.14,2.3,2.3,2.81,0.26,0.51,0.51,0,1.79,0,0,0,5.36,5.36,0,0,0,0,0.26,0,0,0,0.26,11.22
662.Jackson-Lee.7.15.04.docx,1,878,14.88,28.7,73.92,47.84,11.39,5.92,1.14,3.08,0,0.34,1.37,5.47,7.63,11.28,8.31,2.39,5.81,1.94,2.51,11.62,4.21,0.91,1.82,0.57,0,10.71,0,0.11,2.51,3.42,1.82,1.59,0.46,0.8,0.11,16.4,1.71,1.59,1.82,1.14,1.59,1.71,6.72,1.48,1.59,0.68,0.8,0,0.8,0.46,0.11,0.11,0.11,12.19,2.51,5.35,4.1,2.51,1.14,0.23,0.34,0.34,0,1.14,0,0,0,6.95,4.9,0,0.34,0.23,0,0.68,0,1.14,0.23,0,14.69
663.Jackson-Lee.6.8.12.docx,1,176,11.73,25,78.98,47.73,11.36,6.82,3.98,2.27,0.57,0,0,4.55,8.52,12.5,7.95,1.7,9.09,1.14,0.57,15.34,3.41,1.7,0.57,0,0,8.52,0,0.57,2.27,6.25,4.55,1.7,0,0.57,0.57,15.91,1.7,0,1.7,0,1.7,2.84,6.82,2.27,1.7,0.57,1.14,0,1.7,0,1.7,0,0,15.91,4.55,6.82,3.41,1.7,1.7,0,0.57,0,0,1.14,0,0,0,8.52,7.95,0,0,0,0,0,0,0,0,0,16.48
664.Jackson-Lee.6.9.05.docx,1,178,14.83,29.21,72.47,51.12,12.36,5.62,0.56,5.06,0,0,0,6.74,11.24,13.48,10.11,2.81,5.62,2.25,0.56,9.55,3.93,1.69,1.12,1.69,0,8.99,0,0,1.69,2.81,0.56,2.25,0,1.69,0.56,15.73,0.56,0.56,3.37,1.12,2.81,1.69,7.3,1.69,1.12,0,0.56,0.56,1.69,0.56,1.12,0,0,10.11,2.81,3.93,3.37,3.37,1.69,0,0,0,0.56,1.69,0,0,0,7.3,5.62,0,0,0.56,0,0,0,0,0,0.56,14.04
665.Jackson-Lee.6.17.02.docx,1,1281,21,29.59,74.94,46.37,10.93,5.46,1.8,2.42,0,0.86,0.39,5.46,6.17,11.4,7.1,2.19,6.87,0.78,2.42,12.18,6.09,1.48,1.72,0.23,0,8.04,0,0,1.25,6.25,2.42,3.83,0.86,2.42,0.47,18.5,3.51,1.95,1.48,1.95,0.7,1.09,6.48,2.5,1.25,0.16,0.7,0.16,0.86,0.23,0.39,0,0.23,12.57,3.51,7.26,1.8,3.36,2.81,0.16,0.08,0.31,0,0.62,0.23,0.31,0.23,6.4,5.46,0,0.16,0.31,0,0.78,0,0.94,0,0,14.05
666.Jackson-Lee.9.4.02.docx,1,185,20.56,27.57,81.62,51.89,11.89,7.03,4.32,2.7,0,0,0,4.86,5.95,16.22,10.27,2.7,9.19,2.7,1.08,12.97,7.03,1.08,2.7,0,0,10.27,0,0,2.16,7.03,4.32,2.7,0,2.16,0.54,15.68,1.62,1.08,2.16,2.7,1.08,0.54,6.49,2.7,2.7,0,2.7,0,0,0,0,0,0,11.89,1.62,7.57,2.7,3.24,2.16,0,1.08,0.54,0,2.16,0,0,0,4.86,4.86,0,0,0,0,1.08,0,0.54,0,0,11.35
667.Jackson-Lee.10.15.02.docx,1,277,17.31,27.08,79.42,49.1,9.75,5.42,1.08,3.97,0,0,0.36,4.33,9.03,9.75,6.5,3.25,5.42,0.72,3.61,13.72,5.78,2.17,1.81,0.72,0,10.83,0,0,1.08,9.03,5.05,3.97,1.81,1.08,1.08,15.88,3.97,2.89,0.36,2.89,0.36,0,4.69,2.53,1.81,0.36,0.72,0.72,0,0,0,0,0,10.83,1.44,5.05,3.97,0.72,3.25,0.36,0.36,0,0,0.36,0.36,0.36,0,3.97,6.86,0.36,0,2.53,0,0,0,0,0,0,13.72
668.Jackson-Lee.3.18.03.docx,1,736,19.89,28.26,77.04,49.46,13.99,7.34,2.58,3.53,0,1.09,0.14,6.66,6.39,10.6,7.07,2.04,6.39,0.82,2.45,11.68,6.66,1.36,0.95,0.14,0,10.46,0,0.68,2.04,5.84,2.72,2.85,0.27,2.17,0.27,17.8,2.99,1.22,0.95,2.17,1.22,0.82,7.34,2.45,3.53,0.41,2.99,0.14,1.22,0.68,0.41,0,0.14,9.51,1.77,5.16,2.04,2.99,2.31,0.14,0.41,0.27,0,1.49,0.14,0,0,5.03,8.97,0,0.41,0.14,0,0.14,0,0.14,0.27,0,15.35
669.Jackson-Lee.9.19.06.docx,1,680,23.45,28.53,78.68,50.74,10.88,5.15,1.47,1.62,0.59,0.15,1.32,5.74,7.65,10.44,5.88,2.06,6.47,0.88,3.09,13.09,7.21,2.06,1.91,1.47,0,10.15,0,0.29,2.06,5.88,1.76,4.12,0.15,2.21,0.44,16.18,1.91,2.06,2.06,2.35,0.74,0.44,6.03,2.94,1.32,0.59,0.44,0.29,1.91,1.03,0.29,0.59,0,12.06,2.65,5.29,3.24,3.38,1.76,0.15,0.29,0.74,0.15,0.44,0,0.15,0,3.38,6.03,0.15,0,0.88,0,0,0,0.44,0,0,10.88
670.Jackson-Lee.6.23.09.docx,1,215,19.55,26.98,75.81,50.7,13.95,7.91,0.93,4.19,0,0.93,1.86,6.05,9.3,9.77,6.51,2.33,5.58,0.93,1.86,12.09,6.05,2.33,0.93,0,0,18.14,0.47,0.47,1.86,5.12,4.65,0.47,0,0,0.47,15.81,0.93,0.47,0.93,0.93,1.86,0.93,6.98,3.26,1.4,0,1.4,0,2.33,0.93,1.4,0,0,7.91,0.47,4.65,2.79,0.93,1.4,0,0,0.47,0,0,0,0,0,5.12,6.05,0,0,0,0,2.33,0,0.93,0,0,14.42
671.Jackson-Lee.3.17.11.docx,1,230,13.53,20.87,80,56.09,17.83,12.61,0.87,7.83,0.43,3.48,0,5.22,5.65,12.17,10,3.04,7.83,0.87,3.91,8.26,9.57,1.74,0.43,0.43,0,18.7,0.87,0,2.17,6.96,5.65,1.3,0,1.3,0,18.26,0.43,0.43,1.3,0.43,1.74,0.43,10.87,3.04,2.17,0.87,1.3,0,2.17,0.87,0.43,0,0.87,11.3,2.17,5.22,3.04,0,2.17,0,0,0,0,2.17,0,0,0,6.96,7.39,0,0,0.87,0,0.87,0,0,0,0,16.09
672.Jackson-Lee.3.5.12.docx,1,200,13.33,24.5,78.5,43,10,4,1,2,0.5,0,0.5,6,8,13,7,2.5,6,2,2.5,10,5.5,1,0.5,0,0,10,0,0.5,4.5,6,2,4,0.5,3,1,14,0.5,1,4,1,1.5,1.5,5,2,2.5,2,0.5,0,1.5,0.5,0.5,0,0.5,15.5,5,6,5.5,0.5,2.5,0.5,1,0,0,2.5,0,0.5,0,7.5,6.5,0,0,0,0,0.5,0,1.5,0,0,16
673.Jackson-Lee.3.19.12.docx,1,167,16.7,28.74,76.65,46.11,8.38,4.79,0,2.4,0.6,0,1.8,3.59,10.78,9.58,6.59,0,7.78,1.2,2.99,10.18,5.39,1.2,1.8,0,0,11.38,0,0,4.79,4.79,1.8,2.99,0.6,2.4,0,19.16,1.2,1.8,2.4,1.8,0.6,2.4,7.78,1.8,1.8,1.2,0.6,0,0.6,0,0.6,0,0,10.78,1.8,5.39,3.59,1.8,1.2,0,0,0,0,1.2,0.6,0,0,4.19,4.19,0,0.6,2.4,0,0,0,0.6,0,0,11.98
674.Jefferson.9.20.06.docx,1,791,18.4,22,82.43,54.99,13.4,5.31,0.51,3.92,0,0,0.88,8.09,5.69,14.16,8.98,1.26,11.25,0.13,3.92,13.15,6.57,1.26,4.42,1.64,0,9.99,0,0.13,2.78,4.55,2.4,2.15,0.13,1.14,0.63,16.81,0.88,2.65,1.52,3.03,1.64,0.25,6.57,2.02,2.78,0.63,1.52,0.38,1.26,0.25,0.38,0.38,0.25,14.66,2.15,8.72,3.29,1.39,1.01,0.13,0,0.13,0,0.76,0,0,0,4.55,5.94,0,0.76,1.14,0,0.25,0,0.88,0,0,13.53
675.SamJohnson.2.10.99.docx,1,136,11.33,31.62,75,42.65,9.56,7.35,0,4.41,0,1.47,1.47,2.21,8.82,8.82,5.15,2.21,4.41,0.74,4.41,10.29,4.41,0.74,1.47,1.47,0,12.5,0,0,2.21,5.15,3.68,1.47,0,0,0,11.76,1.47,1.47,0.74,0,2.21,0,6.62,0,1.47,0,1.47,0,0,0,0,0,0,14.71,1.47,7.35,5.15,4.41,6.62,0,0,1.47,0,0,0,0,0,12.5,6.62,0,0,0.74,0,0.74,0,0.74,0,0.74,22.06
676.SamJohnson.6.25.09.docx,1,114,16.29,39.47,67.54,42.11,7.02,3.51,0.88,2.63,0,0,0,3.51,9.65,8.77,4.39,0.88,5.26,0,2.63,14.91,4.39,0.88,0.88,0.88,0,6.14,0,0,1.75,7.89,2.63,5.26,0,3.51,0.88,9.65,0.88,0.88,1.75,0,0,1.75,2.63,1.75,0.88,0,0.88,0,0.88,0.88,0,0,0,14.91,1.75,11.4,1.75,3.51,3.51,0,0.88,0.88,0,0,0,0,0,6.14,7.89,0,0,0,0,0,0,2.63,0,0,16.67
677.Kaptur.2.29.12.docx,1,196,14,33.16,75,45.92,8.16,6.12,3.06,1.53,0,1.02,0.51,2.04,8.16,10.2,8.16,0,6.63,0.51,2.04,11.22,5.61,1.53,3.57,1.02,0,8.16,0,1.53,3.06,4.59,1.53,3.06,0.51,2.55,0,11.73,1.53,2.55,0.51,1.02,1.02,0,4.08,1.02,2.04,0,2.04,0,0,0,0,0,0,17.35,2.04,9.18,5.61,3.57,1.02,0,1.02,0.51,0.51,2.04,0,0,0,7.65,4.59,0,0,0.51,0,0.51,0,2.04,0,0,15.31
678.Kaptur.10.7.02.docx,1,775,25,24,71.35,47.61,12.26,5.81,2.32,2.06,0,0.65,0.77,6.45,7.74,10.84,5.42,4.65,4.26,0.9,3.61,13.42,5.68,0.39,1.03,0.52,0,7.61,0.13,0.26,0,3.74,2.06,1.68,0.26,1.29,0.13,11.23,1.55,1.42,1.16,1.29,1.42,0.26,4.26,1.42,1.16,0.65,0.13,0.13,0.26,0.26,0,0,0,13.29,1.29,5.29,6.58,4.52,2.97,0.26,0.52,0.9,0.13,0.39,0,0,0,2.84,8.26,0,0.26,1.94,0,0.39,0,0.77,0,0,14.45
679.Kaptur.9.19.02.docx,1,719,18.92,27.54,73.99,47.57,12.93,6.12,2.23,2.78,0.28,0.56,0.28,6.82,7.93,10.29,7.51,1.11,6.54,1.25,3.62,10.29,4.17,1.11,1.39,0.42,0,8.21,0,0.14,0.83,4.87,1.95,2.92,0.28,1.81,0.56,15.44,2.78,2.09,1.39,1.39,0.7,0.83,5.01,2.23,2.23,0.42,0.7,0,0.14,0.14,0,0,0,13.77,1.81,6.68,5.56,1.95,1.95,0,0.14,0.42,0,0.42,0,0,0.14,4.17,7.23,0,0.14,1.67,0,0.42,0,0.42,0.14,0,14.33
680.Kelly.6.5.98.docx,1,423,16.27,36.64,70.92,44.44,5.67,2.84,0.71,0.71,0,0.47,0.95,2.84,8.04,10.87,7.57,1.89,6.38,1.42,1.89,14.89,2.36,0.71,3.31,1.18,0,6.62,0,0,2.36,6.38,1.89,4.49,0.71,1.89,1.18,10.64,0.24,2.6,1.18,0.24,1.89,1.18,3.31,0.47,1.42,0.24,1.18,0,0.47,0.24,0.24,0,0,13.48,2.13,6.38,4.73,3.78,4.02,0,0.47,0.24,0.24,1.42,0,0,0,8.04,4.02,0,0,0.24,0,0.24,0,0,0,0,12.53
681.Kelly.6.25.98.docx,1,467,14.15,32.12,71.95,43.47,9.42,4.07,0.86,0.86,0,1.5,0.86,5.35,7.07,7.49,4.5,1.07,4.93,1.28,2.78,11.35,5.35,0.86,2.57,0.64,0,9.21,0.21,0.21,3.43,5.35,1.93,3.21,0.86,1.28,0.64,13.06,1.28,1.93,0.86,3.21,1.93,0.43,3.64,1.28,2.36,1.07,1.07,0.64,0.21,0,0.21,0,0,12.63,3.21,4.28,5.14,1.5,1.07,0.21,0.43,0.21,0,0.86,0,0,0,6.21,7.92,0,0,1.07,0,0,0,0,0.43,0,16.06
682.Kelly.3.5.98.docx,1,126,18,42.86,64.29,40.48,5.56,2.38,0.79,1.59,0,0,0,3.17,8.73,7.94,4.76,0.79,3.97,0.79,0.79,15.87,3.17,0.79,0.79,0.79,0,4.76,0,0,1.59,3.17,1.59,1.59,0.79,0,0,11.9,0,3.17,0.79,0,0.79,0.79,5.56,0.79,1.59,0,1.59,0,0,0,0,0,0,12.7,0,3.97,8.73,3.97,3.97,0,0,0,0,0,0,0,0,6.35,3.17,0,0,0,0,0,0,0,0,0,9.52
683.Kelly.5.22.98.docx,1,302,21.57,39.07,71.19,42.38,5.63,2.65,0.99,0,0,0.33,1.32,2.98,9.93,7.62,5.63,3.64,2.32,0.99,1.66,11.26,4.64,0.99,2.32,1.66,0,8.94,0.99,0,2.65,4.97,3.31,1.66,0,0.99,0.33,10.26,0.66,0.99,0.99,0.66,0.99,2.32,2.98,1.66,1.32,0,1.32,0,0.99,0,0,0,0.99,12.58,1.32,5.96,5.3,5.96,0.66,0.33,0.33,0.33,0.99,0.33,0,0.33,0,5.3,8.28,0,0,0,0,0.99,0,0,0,0.33,14.9
684.Kelly.3.24.98.docx,1,613,14.95,33.77,71.29,45.02,9.95,5.71,1.31,4.08,0.16,0,0.16,4.24,6.85,9.79,6.2,2.94,5.06,1.14,2.61,12.72,4.57,0.65,1.96,0.98,0,8.32,0,0.16,1.96,4.08,1.31,2.77,1.14,0.65,0.49,16.15,2.28,2.61,2.28,0.65,1.14,1.79,5.87,0.65,1.79,0.16,0.98,0.49,0.33,0.16,0,0,0.16,11.26,1.79,5.55,3.75,2.28,2.45,0,0,0.65,0.16,0.16,0.16,0.16,0,7.01,4.24,0,0,0.16,0,0.16,0,0.82,0,0,12.4
685.MoranVA.3.24.98.docx,1,572,12.43,29.02,75,51.57,11.01,6.99,0.7,1.22,0.52,0.35,4.2,4.02,8.22,13.29,9.27,5.77,4.9,0.7,3.5,13.64,2.1,1.05,2.8,1.92,0,12.06,0.35,0,3.5,3.85,0.87,2.97,0.87,1.75,0.35,11.01,1.05,2.97,0.52,1.4,0.87,1.57,2.97,1.05,0.87,0.17,0.35,0.35,0.7,0.7,0,0,0,9.27,1.57,5.24,2.1,2.62,1.75,0.52,0.7,0.87,0.35,0.35,0,0,0,8.39,5.59,0,0,0.17,0,0,0,0,0.35,0,14.86
686.Kilpatrick.9.20.06.docx,1,1520,14.62,26.97,74.21,46.97,9.21,4.74,1.18,1.45,0.66,0.26,1.18,4.47,8.62,11.38,7.89,1.18,7.04,1.12,2.57,11.91,4.41,1.12,1.97,0.66,0,8.62,0.13,0.2,2.43,4.87,2.7,2.17,0.2,1.12,0.46,11.84,0.99,0.86,1.32,0.46,1.38,1.18,4.8,1.38,1.05,0.33,0.66,0.07,1.25,0.07,0.59,0.13,0.46,13.49,2.11,7.11,3.88,2.3,2.57,0.2,0.33,0.46,0.39,0.79,0.07,0,0,8.42,5.99,0,0.07,0.26,0,0.59,0,0.07,0,0.33,15.72
687.KingIA.9.10.13.docx,1,4316,18.85,26.18,76.85,51.69,12.56,6.81,2.22,2.13,0.35,0.67,1.44,5.75,8.43,13.97,8.39,3.68,7.39,1.11,3.52,12.6,6.3,1.14,1.9,0.44,0,8.87,0.35,0.16,1.11,4.22,2.83,1.37,0.12,0.86,0.02,16.1,2.15,1.39,1.76,2.57,0.81,0.58,6.12,2.27,1.62,0.79,0.74,0.09,0.32,0.16,0.09,0,0.07,13.53,2.69,6.44,4.19,1.88,2.32,0.42,0.09,0.32,0.58,0.19,0.05,0.12,0.02,6.02,4.94,0.09,0.14,0.02,0,0.14,0,3.08,0.02,0,14.48
688.Dent.9.10.13.docx,1,266,16.62,29.7,79.32,51.5,16.17,9.02,4.14,0.38,1.13,0.75,2.63,7.14,5.26,9.4,4.89,3.38,4.51,0.38,4.14,14.66,5.26,1.13,2.63,0.38,0,10.53,0.75,0,1.88,6.02,3.01,3.01,0.75,0.75,0.38,13.16,1.88,1.88,1.13,1.88,0,0.75,3.76,1.5,1.88,0.38,0.75,0.38,0.38,0,0.38,0,0,11.65,1.13,8.27,2.26,1.88,1.88,0.75,0.75,0,4.14,1.13,0,0,0,6.02,5.64,0,0.38,0.38,0,0,0,1.5,0,0,13.91
689.Kinzinger.4.16.12.docx,1,146,18.25,32.88,73.29,36.3,7.53,2.05,1.37,0,0,0,0.68,5.48,10.96,6.85,2.74,0,6.16,0.68,1.37,12.33,2.05,0,0,0.68,0,5.48,0,0,2.05,12.33,10.96,1.37,0,0.68,0.68,10.96,1.37,2.74,2.74,0.68,0.68,0.68,3.42,0.68,0.68,0,0.68,0,0.68,0,0,0,0.68,16.44,2.74,9.59,3.42,4.79,6.85,0,0,0.68,0.68,0.68,0,0,0,5.48,3.42,0,0.68,0,0,0,0,2.05,0,0,11.64
690.Kirk.6.8.05.docx,1,3084,22.03,24.94,77.53,50.88,10.41,5.8,1.56,2.43,0.29,1.01,0.52,4.6,9.01,10.54,6.45,1.56,5.32,1.39,2.72,14.69,5.61,0.81,2.3,0.88,0,8.17,0.06,0.49,0.94,5.35,2.46,2.85,0.39,1.59,0.49,16.89,1.72,1.36,2.53,1.59,1.56,1.23,5.74,2.2,1.52,0.39,0.58,0.26,0.62,0.39,0.19,0,0.03,13,1.56,7.62,3.34,4.67,2.95,0.32,0.19,0.68,0.19,0.16,0.06,0,0.1,5.42,5.77,0.03,0.39,0.23,0,0.39,0,0.71,0.16,0.06,13.33
691.Andrews.6.8.05.docx,1,3778,20.99,23.19,83.19,57.46,13.1,6.03,2.01,1.91,0.16,0.56,1.4,7.07,9.93,14.11,9.24,1.75,8.73,1.72,3.55,14.29,5.85,1.16,1.48,1.09,0,8.97,0.08,0.45,1.91,5.32,3.2,2.12,0.37,1.14,0.16,16.91,2.59,2.17,2.91,1.67,0.95,0.74,5.06,2.44,1.27,0.37,0.61,0.21,0.32,0.11,0.16,0,0.05,11.14,1.91,6.14,3.02,2.86,2.28,0.29,0.24,0.79,0.24,0.11,0,0.05,0.03,5.19,4.24,0.05,0.11,0.05,0,0.34,0,0.45,0.42,0,11.28
692.Kirk.12.5.06.docx,1,2458,31.11,25.1,78.76,51.26,9.64,5.86,0.53,1.63,0.41,2.6,0.69,3.78,10.54,9.76,5.61,3.21,3.42,0.98,2.12,16.64,5.61,0.49,1.46,1.02,0,9.68,0.08,0.04,0.81,3.25,1.38,1.87,0.2,1.14,0.16,11.88,1.22,1.26,0.94,0.85,0.98,0.9,4.92,0.98,2.16,0.53,1.3,0.24,0.57,0.24,0.2,0,0.12,15.7,1.67,9.24,4.72,4.6,2.56,0.49,0.37,0.49,1.95,0.77,0,0.12,0.08,3.99,6.51,0.2,0.08,0.24,0,0.57,0,3.3,0,0,14.89
693.Kirk.7.30.08.docx,1,141,17.62,23.4,76.6,42.55,7.8,3.55,0.71,2.84,0,0,0,4.26,9.93,9.22,4.96,0.71,4.96,2.84,3.55,10.64,0.71,0,3.55,1.42,0,9.93,0,0,2.84,6.38,2.84,3.55,0,2.84,0.71,13.48,1.42,1.42,0.71,2.84,1.42,2.84,2.84,0,0.71,0,0.71,0,0,0,0,0,0,15.6,2.84,4.96,7.8,2.13,2.84,0.71,0.71,0.71,0.71,0,0,0,0,7.09,6.38,0.71,0,0,0,0.71,0,2.13,0,0,17.02
694.Kirk.6.8.09.docx,1,171,21.38,28.65,70.18,41.52,7.02,3.51,0.58,1.17,0,0.58,1.17,3.51,7.02,9.94,3.51,1.17,2.92,1.75,3.51,15.2,0,1.75,2.34,2.34,0,5.26,0,0,0.58,4.09,2.34,1.75,0,1.17,0.58,11.11,1.17,5.26,0,0,0,1.17,1.75,1.17,2.34,0,1.17,0.58,0.58,0,0,0,0.58,19.3,1.17,8.19,9.94,7.02,5.85,0,0,0.58,0,0,0,0,0,4.68,8.19,0,0,0,0,1.75,0,0,0,0,14.62
695.Kolbe.9.22.04.docx,1,217,18.08,27.65,86.64,53.92,10.14,3.23,1.38,0.92,0,0,0.92,6.91,12.9,10.6,8.76,2.3,8.29,0,3.69,14.75,3.69,0,1.38,0,0,12.44,0,0.46,4.61,7.37,3.69,3.69,0,2.3,0,12.44,0,0.92,1.38,0.92,2.76,1.84,4.61,0.46,0.46,0,0.46,0,0.92,0,0.92,0,0,15.21,4.15,6.45,4.15,1.84,0.46,0,0.46,0,0,0.46,0.46,0,0,5.53,3.23,0,0,0,0,0.46,0,0.46,0.46,0,10.6
696.Kucinich.9.10.02.docx,1,153,30.6,17.65,82.35,60.13,11.11,5.23,0,4.58,0,0,0.65,5.88,9.15,15.69,8.5,2.61,8.5,0,3.92,18.95,5.88,2.61,2.61,0,0,5.88,0,0,0,6.54,1.96,4.58,0,1.96,2.61,16.99,2.61,1.31,0,0,1.96,1.31,7.19,2.61,0.65,0,0.65,0,1.31,0,1.31,0,0,9.15,1.31,4.58,2.61,1.96,3.27,0.65,0,0.65,0,1.96,0,0,0,5.23,2.61,0,0,0,0,3.92,0,0,0,0,11.76
697.Kucinich.9.19.02.docx,1,629,17.97,21.94,82.35,56.44,12.08,4.61,0.32,2.38,0.64,0,1.27,7.47,10.02,14.15,10.33,2.07,8.74,1.43,3.18,14.63,2.86,1.75,1.11,1.11,0,6.84,0,0,0.64,7.79,2.07,5.72,0.32,5.09,0,15.74,2.38,1.11,1.43,2.38,2.23,1.27,3.5,2.7,0.79,0.16,0.64,0,0,0,0,0,0,11.61,1.59,6.2,3.66,2.38,2.86,0,0.32,0.64,0.32,1.75,0,0,0,5.41,4.77,0.48,0.16,0.32,0,0.79,0,1.43,0,0.16,13.51
698.Kucinich.10.3.02.docx,1,7180,25.37,26.59,78.98,50.45,9.25,3.18,0.63,1.91,0.04,0.08,0.52,6.07,9.33,11.02,6.5,1.25,6.43,1.06,2.1,15.85,5.21,1.2,1.59,0.56,0.01,7.06,0.06,0.06,1.71,6.57,3.04,3.54,0.43,2.74,0.22,16.85,2.65,2.31,1.48,1.39,1.56,1.38,5.17,1.87,1.16,0.29,0.71,0.08,0.38,0.18,0.11,0.08,0.01,12.2,1.57,7.24,3.08,2.8,2.51,0.19,0.15,0.36,0.22,0.63,0.06,0.06,0.03,5.21,6.28,0.18,0.22,0.11,0,0.45,0,1.82,0.43,0.13,15.26
699.Kucinich.1.8.03.docx,1,1020,17.89,22.84,83.24,51.86,7.94,3.24,0.1,2.45,0,0.1,0.59,4.71,8.73,10.1,6.96,0.49,6.47,1.67,1.86,18.14,5.1,1.57,1.76,1.47,0,7.65,0.1,0,1.47,6.96,3.14,3.82,0.2,3.24,0.2,14.31,0.88,2.75,1.37,0.98,1.27,1.86,4.71,1.57,0.78,0,0.39,0.1,1.37,0.1,0.88,0,0.39,12.06,1.08,7.65,2.84,4.61,3.92,0.29,0.39,2.75,0.2,1.67,0,0,0,5.2,4.12,0.1,0,0.78,0,0.59,0,0.59,0,0.49,11.86
700.Kucinich.1.27.03.docx,1,168,16.8,23.21,85.71,57.74,8.93,3.57,0,3.57,0,0,0,5.36,9.52,14.29,9.52,0,10.12,1.19,4.76,17.26,5.95,0.6,1.79,1.19,0,7.14,0,0,2.38,7.74,1.79,5.95,0,5.95,0,14.29,1.19,1.19,2.98,2.38,0.6,0,5.36,2.98,1.19,0.6,0.6,0,0.6,0,0,0,0.6,14.29,1.19,8.33,2.98,2.98,2.38,0.6,0,0,0,0.6,0,0,0,5.36,4.76,0,0.6,1.79,0,0,0,0,0,0,12.5
