IDNO,Name,Region,PartyAffliation,i,we,you,shehe,they,past,present,future,negate,social,posemo,negemo,insight,cause,discrep,tentat,certain,inhib,incl,excl,motion,achieve,money,relig,death,CLU2_1
           1,Bennett,1,0,2.64,1.78,0,2.21,.79,2.64,8.85,2.14,2.43,7.78,2.07,1.78,3.71,2.21,2.07,3.07,1.86,.64,5.07,3,2.64,2.28,.29,.29,.14,1
           3,Ashcroft,1,0,.38,2.09,0,1.52,0,1.14,5.5,.57,1.52,5.69,4.93,3.8,.57,1.33,.95,1.9,.95,.38,4.55,1.9,.95,3.98,.57,.57,.57,1
           5,McCain,1,0,2.11,2.11,0,2,.35,2.11,5.87,1.29,.82,8.69,3.64,3.52,2.46,2.23,.7,1.06,2.35,2.35,5.05,1.29,1.76,5.05,.23,.12,.94,2
           7,Bennett,1,0,.99,2.91,0,.64,1.06,2.56,5.46,1.77,1.77,8.45,2.7,3.19,1.63,1.49,1.49,2.34,1.49,.92,5.04,2.7,2.77,3.69,.5,.21,.92,2
          21,Bond,1,0,1.16,2.32,.23,3.48,.93,.46,7.19,2.09,.93,11.14,3.25,4.41,2.32,2.78,1.39,2.32,1.39,.23,6.96,2.09,1.86,3.25,0,.23,0,2
          22,Bond,1,0,1.65,2.27,0,.67,.67,2.16,6.13,1.29,1.08,7.01,2.22,3.61,2.06,2.11,1.6,2.01,1.75,.77,5.15,1.91,1.55,2.22,.57,0,.36,2
          23,Bond,1,0,1.16,3.26,0,.63,.63,2.52,6.41,1.26,.74,7.78,2,4.63,2.42,2,1.37,.95,1.16,.84,6.62,1.26,2.84,2.94,0,.11,.42,2
          27,Brownback,1,0,.57,1.42,0,1.99,.85,2.27,6.82,0,1.42,6.25,2.84,3.98,1.42,1.14,0,.28,.85,1.14,5.4,1.14,2.27,3.12,.28,0,1.14,1
          33,Brownback,1,0,1.86,1.4,0,.47,.7,2.1,7.69,.23,.23,7.46,2.33,3.03,.23,1.63,0,.47,.23,.7,4.9,1.86,2.8,1.63,0,.7,.47,1
          43,McCain,1,0,2.21,2.01,.13,.84,.45,2.86,4.74,1.62,1.23,7.86,2.99,3.12,2.4,2.08,1.49,2.21,.91,1.23,4.42,1.82,1.23,2.4,.32,.13,.26,2
          90,Domenici,1,0,2.44,3.17,.24,2.93,4.15,4.39,10.49,1.46,1.71,13.9,2.68,2.68,2.44,.49,2.44,4.15,1.95,.49,5.12,3.66,1.46,1.46,.24,0,.24,2
         186,Lott,1,0,1.97,3.05,.25,.84,.84,1.97,9.43,1.52,1.52,8.8,1.87,2.36,2.8,2.85,2.21,1.72,1.97,.54,6.49,2.11,2.75,2.46,.25,.05,.2,2
         189,Hutchison,1,0,1.19,3.98,1.06,.8,1.06,1.19,11.01,1.72,.8,12.73,2.52,3.32,2.25,2.12,2.65,3.58,1.19,1.06,4.77,2.79,1.46,2.92,.13,0,.66,2
         206,Specter,1,0,.58,.23,0,.12,.58,2.42,3.23,.58,.23,3.46,.92,3,2.31,1.62,1.15,.92,.81,.23,3,.58,1.85,2.08,.23,.12,1.62,1
         208,Murkowski,1,0,1.59,.86,0,.98,.31,.79,4.89,1.04,.61,5.2,2.63,1.53,2.87,2.81,1.1,.92,1.71,1.53,3.24,.73,2.02,3.24,1.34,0,.43,1
         209,Helms,1,0,1.58,1.85,0,1.58,.53,2.11,6.6,.79,.53,10.82,.53,5.28,2.11,.79,1.85,1.85,1.06,0,5.54,1.58,.53,1.58,.53,.26,1.32,2
         218,Frist,1,0,.58,2.49,.25,1.08,.83,2.16,4.32,1.58,1.91,8.13,3.4,4.07,1.16,2.16,1.99,2.32,1.41,1,4.65,2.82,1.91,3.07,.33,.25,.66,2
         224,Grams,1,0,1.22,1.65,0,1.08,.99,1.98,5.27,1.32,1.03,6.54,1.98,2.87,2.02,2.45,1.83,1.65,.94,1.79,3.67,2.35,1.65,3.72,.38,0,.47,1
         227,Gregg,1,0,.91,3.8,.62,.17,.95,1.12,7.97,1.24,1.4,8.22,2.27,2.4,2.48,3.06,1.24,2.35,1.57,.45,5.87,2.48,2.35,2.4,.08,.37,.17,2
         230,Hutchinson,1,0,1.5,4.57,.08,1.42,1.1,1.73,9.3,1.34,.79,12.06,3.23,1.89,1.58,1.73,2.05,1.34,1.34,1.34,6.78,1.58,1.89,3.31,.24,0,.39,2
         241,Specter,1,0,1.61,1.27,0,.52,.17,1.61,5.41,1.5,1.15,4.03,1.5,2.65,1.78,2.19,1.96,2.42,.86,.98,3.74,2.19,1.44,2.93,.12,.35,.92,1
         256,Kyl,1,0,.94,1.76,.3,1.28,.56,2.27,5.95,1.33,1.46,6.68,2.61,2.05,1.46,2.48,2.27,2.53,.98,1.16,4.62,3,1.24,2.44,.26,.09,.09,1
         259,Kyl,1,0,1.44,1.4,.21,.76,.38,2.41,7.02,1.35,.93,6.43,2.58,2.03,2.5,2.33,1.73,2.28,.8,.97,4.23,2.24,1.95,3,.42,0,.3,1
         261,Kyl,1,0,1.2,1.7,.39,1.36,1.07,2.64,8.08,1.2,1.83,7.66,2.88,1.96,2.75,2.35,2.3,2.67,1.44,.78,4.31,2.98,2.09,2.54,.24,.18,.13,1
         262,Santorum,1,0,1.47,2.21,.49,1.31,2.04,5.15,9.48,.57,3.1,8.91,1.8,3.43,3.19,2.86,1.31,2.29,1.88,.49,3.35,3.76,2.7,1.39,.57,0,0,2
         263,Kyl,1,0,3.61,1.29,0,.52,0,2.06,6.44,2.58,2.32,7.22,1.8,1.55,3.09,.77,3.35,2.06,.52,.77,3.87,2.84,1.8,4.38,0,0,0,1
         282,Warner,1,0,3.92,3.31,0,.9,0,1.2,3.92,.6,0,7.83,4.52,1.51,2.71,2.41,.6,1.2,1.2,.6,6.63,.3,2.41,7.83,0,0,0,2
         283,Lott,1,0,1.96,.52,0,3,1.04,2.74,8.22,1.04,1.31,10.31,2.74,1.96,2.87,1.17,1.31,2.48,1.83,1.04,4.31,1.57,1.83,1.83,.39,0,.13,2
         284,Lott,1,0,1.54,2.91,0,0,.86,.34,7.19,1.37,1.37,7.19,3.77,1.37,2.57,1.03,.86,1.37,.68,1.88,4.28,1.88,2.57,2.57,.34,.34,.68,2
         285,Helms,1,0,1.42,1.22,0,.61,1.22,.61,6.1,1.63,.81,8.74,2.03,2.64,.61,1.83,1.42,2.24,1.42,1.63,3.05,2.24,2.03,3.86,1.02,1.22,.2,1
         295,McCain,1,0,.71,1.85,0,.64,.5,1.35,4.97,1.63,.99,5.32,2.91,3.26,1.49,2.13,1.7,1.63,1.85,1.06,4.54,1.7,1.92,2.7,.43,.14,.5,1
         296,McCain,1,0,1.36,2.15,0,.34,0,.68,5.56,2.15,1.59,5.33,2.83,2.95,2.15,2.27,2.27,1.7,2.38,1.59,5.1,2.38,1.13,2.49,.23,.34,.11,1
         318,Murkowski,1,0,.85,3.51,.09,1.71,.28,1.71,7.5,.95,1.14,7.5,1.42,2.37,3.61,1.9,1.99,2.28,.57,.66,5.98,2.37,2.37,1.61,1.23,0,.28,2
         320,Murkowski,1,0,2.41,4.54,.14,1.03,.89,2.06,7.43,.89,.96,10.39,1.86,1.79,2.13,1.58,1.03,2.06,1.24,.48,4.75,1.93,2.27,1.99,.55,.14,.21,2
         321,Murkowski,1,0,.88,3.15,.81,1.41,.85,2.51,8.95,.85,1.06,9.76,1.17,1.2,1.8,1.87,1.27,1.73,.96,.64,4.56,1.17,1.31,1.27,.53,.07,.18,2
         356,Warner,1,0,3.87,1.78,.24,.97,.36,1.95,6.39,.78,.78,6.94,3.06,1.52,2.9,1.57,1.19,2.09,1.31,.74,4.63,1.83,1.57,2.73,.19,.1,.14,1
         358,Bennett,1,0,2.64,2.23,.05,1.52,.41,3.6,5.73,2.03,.91,8.62,2.28,1.47,3.5,2.48,1.37,2.54,2.13,.91,5.12,2.03,1.32,2.94,.15,.05,.3,2
         359,Kyl,1,0,.72,2.56,.03,.89,.5,1.25,6.44,1.39,1.37,6.66,2.15,3.99,2.29,2.93,1.62,2.12,1.51,1.53,4.6,1.92,2.12,2.68,.36,.11,.36,1
         360,Domenici,1,0,5.71,2.86,0,1.14,0,1.14,11.43,1.71,1.14,8.57,.57,4,4.57,2.86,1.14,3.43,.57,.57,5.14,2.86,.57,1.71,0,0,1.71,2
         361,Allen,1,0,1.66,2.15,0,.74,.48,.48,6.39,1.23,1.01,6.79,3.42,2.67,3.37,2.36,1.4,1.49,1.75,1.44,5.47,2.06,1.49,3.81,.22,.13,.26,1
         362,Stevens,1,0,1.71,3.25,.21,1.58,.81,2.65,7.22,1.5,1.03,8.63,2.09,4.27,1.96,2.01,1.67,1.84,1.96,.9,5.08,1.71,1.92,2.14,.3,.09,.81,2
         363,Hatch,1,0,1.62,2.76,.16,1.07,.65,1.85,5.55,1.72,1.46,8.27,2.47,3.57,2.69,2.04,1.82,1.62,1.98,1.3,5.39,1.98,1.14,2.63,.42,.52,.32,2
         365,Specter,1,0,3.77,1.74,.29,.29,.43,2.32,5.65,.87,1.16,5.8,1.88,1.88,3.33,1.74,.87,3.33,1.16,1.16,3.33,2.9,1.74,1.88,.29,0,0,1
         367,McCain,1,0,1.58,1.63,0,1.13,.27,1.49,5.51,1.31,1.13,7.23,3.62,3.16,3.25,1.67,1.04,1.54,1.67,2.21,3.57,1.49,1.17,3.43,.27,.14,.14,1
         368,Warner,1,0,2.51,2.33,.41,1.23,.23,1.92,6.43,1.46,1.51,8.17,2.51,1.64,2.01,1.46,1.14,2.24,1.78,.96,5.02,2.65,1.64,2.65,.36,.14,.05,1
         370,Craig,1,0,1.59,3.18,.06,.53,.24,2.24,5.9,1.24,.71,6.43,2.89,2.71,1.95,2.36,1.42,.94,2.06,1.89,6.54,1.06,1.42,2.83,.24,.06,.12,2
         374,Hutchison,1,0,2.12,4.02,.23,.68,.15,2.88,7.66,.76,1.29,9.78,2.27,5.08,2.43,1.97,1.36,1.82,.61,1.82,6.14,1.52,1.59,3.11,.23,0,1.21,2
         375,Specter,1,0,2.38,0,0,.79,0,.4,6.75,1.19,0,5.56,2.78,2.38,5.95,3.97,.79,1.98,.79,.79,2.78,1.98,.4,3.17,0,0,0,1
         378,Grassley,1,0,2.19,1.44,.11,.53,.32,1.76,5.35,.86,.91,5.88,2.62,3.9,2.73,1.93,1.07,2.19,1.23,1.82,3.48,1.87,1.18,2.83,.37,.11,.48,1
         380,Warner,1,0,5.66,.75,0,1.13,0,.38,4.15,.75,.75,6.42,4.15,1.51,3.4,.38,.75,1.89,1.51,.38,3.4,.75,.38,1.51,0,0,0,1
         381,McCain,1,0,2.3,2.19,.04,1.53,.4,1.93,6.06,1.06,1.46,9.19,2.48,4.01,2.7,1.61,1.39,2.12,1.9,1.5,4.2,2.37,1.35,2.74,.33,.07,.36,2
         382,Murkowski,1,0,1.51,.87,.06,.64,.46,1.51,4.82,1.16,.58,5.23,2.15,1.51,2.56,3.02,1.05,.99,1.22,1.63,2.91,1.34,2.09,3.02,1.57,0,.17,1
         383,Nickles,1,0,2.69,3.07,.13,.9,1.28,4.99,4.87,1.15,1.92,10.24,2.56,1.41,1.41,2.05,2.43,2.69,1.02,1.79,5.51,3.71,2.18,1.28,.26,0,0,2
         389,Nickles,1,0,.9,4.45,.68,.6,2.78,3.3,6.93,1.16,1.46,11.39,1.76,2.1,1.58,3.08,1.24,1.58,1.24,1.2,6.25,1.88,1.88,2.61,1.11,0,.56,2
         391,Nickles,1,0,2.73,2.52,0,.63,1.26,1.89,8.4,1.05,1.89,8.19,2.1,2.94,5.25,1.26,1.47,1.68,1.05,.63,5.25,2.73,2.1,3.99,0,0,0,1
         398,Roberts,1,0,.84,1.74,.06,.81,.41,1.28,5.69,1.71,1.36,6.82,2.41,3.25,2,2.26,1.1,1.97,1.45,1.54,4.99,2.03,1.83,3.95,.49,.29,.46,1
         404,McCain,1,0,.88,2.22,.03,1.67,.81,1.56,5.12,1.77,1.6,8.3,3.54,4.52,2.36,2.27,1.79,1.91,1.03,2.23,3.68,2.66,1.29,3.2,.34,.24,.52,2
         407,Warner,1,0,2.79,1.5,.05,.81,.48,2.26,5.27,1.02,1.24,5.7,2.36,2.26,2.63,1.88,1.13,1.34,1.29,1.02,3.39,1.67,1.5,4.19,.27,0,.59,1
         408,Specter,1,0,2.14,1.34,.1,.83,.1,2.52,7.41,1.31,1.57,4.67,2.14,2.91,3.68,2.4,1.63,2.27,1.18,1.41,3.07,2.33,1.34,3.55,.13,.06,.74,1
         409,Lott,1,0,2.39,2.85,.46,1.38,.83,4.78,8.74,1.29,.64,9.02,3.22,1.75,2.39,2.58,1.29,1.84,2.21,.46,6.99,1.56,3.04,3.68,0,.09,0,2
         412,Nickles,1,0,3.19,2.65,.35,.35,.35,5.13,4.96,.71,1.77,8.32,1.77,.53,3.72,3.01,1.06,1.42,2.12,.35,5.49,2.3,3.89,1.77,.35,0,0,2
         425,Specter,1,0,3.5,1.86,0,1.22,.5,2.93,6.93,1.07,1,6.79,3.22,1.57,2.57,1.64,1.43,1.86,.86,.43,4.86,2.22,1.72,2.86,.43,.64,.21,1
         432,Jeffords,1,0,.69,2.91,0,0,0,.42,5.69,.69,.14,6.1,5.13,3.74,2.77,1.66,2.5,1.66,.69,1.66,5.13,.83,1.94,6.66,.42,0,.83,1
         435,Cochran,1,0,2.55,4.08,0,.51,0,.51,7.14,1.53,.51,8.67,4.59,3.57,3.06,.51,1.53,0,1.53,1.53,5.61,0,.51,1.53,0,0,0,2
         436,Kyl,1,0,1.92,3.36,0,1.32,1.08,3.84,10.2,.84,2.52,9.12,2.52,3.36,3.36,1.44,1.32,2.04,1.44,.72,4.08,3.6,1.56,2.28,.48,0,.36,2
         439,Specter,1,0,1.57,2.51,0,.73,.84,2.72,7.53,1.26,.42,6.9,1.88,2.09,2.62,1.26,1.57,1.26,1.05,.73,5.44,.94,3.03,2.41,.1,.1,.21,1
         442,Thomas,1,0,2.58,3.48,.13,.77,.26,4.39,11.74,.26,1.94,6.84,3.1,1.42,2.97,1.68,2.32,1.55,3.23,1.29,5.94,2.84,1.94,2.32,.13,0,.39,2
         443,Thomas,1,0,1.51,4.76,0,.86,.32,1.62,10.49,1.95,.76,10.27,4,2.59,3.68,2.59,2.49,3.24,2.16,1.95,6.59,1.51,1.62,4.43,0,.11,0,2
         444,Thurmond,1,0,1.53,2.1,.19,3.82,0,5.15,3.24,.38,.57,11.26,3.44,5.73,2.67,1.53,.95,.95,1.53,1.91,5.73,.38,.95,3.05,0,.19,.76,1
         463,Gramm,1,0,3.31,4.78,1.84,1.1,1.29,1.1,13.97,1.47,1.65,14.71,2.39,3.12,2.57,1.47,2.02,1.84,.37,2.21,7.72,2.76,2.76,2.57,0,0,.18,2
         465,Dewine,1,0,1.58,2.93,.13,1.26,.44,2.11,7.09,1.45,1.45,8.32,2.33,3.5,2.99,2.52,1.77,1.29,1.8,.76,5.64,1.99,2.02,3.72,.82,.28,.88,2
         466,Collins,1,0,1.36,1.16,0,.97,.34,.97,4.12,.87,.53,4.46,3.3,4.9,2.62,2.47,1.16,1.45,1.41,1.36,3.98,1.45,.73,3.64,.48,.19,.63,1
         471,Sessions,1,0,1.12,3.2,.13,1.79,.61,1.02,7.36,1.73,1.6,8.58,4.29,3.42,2.53,3.26,1.5,2.14,2.08,1.6,4.54,2.94,1.76,3.52,.26,.26,.64,2
         473,Ensign,1,0,.49,3.67,0,2.1,.74,1.53,7.3,1.2,1.15,10.06,2.56,6.72,2.1,1.77,1.28,1.28,1.57,1.24,4.95,1.57,1.69,2.64,.45,.45,1.03,2
         476,"Smith, NH",1,0,2.14,2.58,.25,1.95,.88,3.46,8.62,1.01,2.14,8.43,1.64,4.66,1.76,1.64,1.51,2.08,.88,.69,5.1,2.83,1.51,2.33,.38,.25,1.32,2
         479,Shelby,1,0,.52,.78,0,1.52,.47,1.36,4.29,.73,1.15,5.8,1.62,4.44,2.72,3.14,.63,1.1,1.93,2.98,4.97,1.73,1.31,2.67,.37,.16,.31,1
         483,"Smith, OR",1,0,2.21,2.01,.1,1.71,.3,1.81,5.83,1.31,1.01,7.44,2.91,5.43,2.61,1.31,1.71,1.01,1.91,1.31,4.32,2.01,1.21,2.51,.5,.2,.8,1
         485,McConnell,1,0,.68,1.71,0,.77,.43,.94,5.47,1.11,.77,6.75,1.79,7.01,1.97,1.88,1.11,1.79,1.11,1.28,4.44,1.88,1.03,2.82,0,0,.77,1
         488,Murkowski,1,0,.32,3.28,0,.88,.4,1.28,6.55,1.52,1.68,7.35,2.08,5.6,2,2.8,1.68,1.44,1.52,2.08,4.64,2.72,1.6,2.16,.64,.08,.32,2
         489,Lincoln,1,0,4.76,2.65,0,2.82,.71,.71,10.05,1.06,2.12,10.76,4.23,4.41,4.76,2.65,2.29,2.12,2.47,1.41,4.94,2.29,2.29,3.88,.35,0,.53,2
         490,Fitzgerald,1,0,.8,2,0,.94,.4,1.07,4.61,1.27,.94,6.28,2.94,4.34,1.47,1.67,1.34,1.27,.94,1.8,4.54,1.67,1.14,2.87,.27,.67,.6,1
         501,Gregg,1,0,1.12,3.61,.12,1.66,.95,2.72,8.52,1.24,.95,10.18,1.89,4.73,2.13,2.66,1.83,2.43,1.01,.71,6.15,2.72,1.72,3.14,.06,.12,1.18,2
         502,Allard,1,0,2.07,2.07,0,1.17,.45,.77,7.35,1.22,1.04,7.26,1.98,2.34,2.7,2.21,1.89,1.76,1.04,.99,4.73,1.26,1.89,2.75,.32,.09,.18,1
         503,Jeffords,1,0,1.68,2.41,0,.88,0,1.02,5.7,1.61,1.39,5.41,3.14,5.04,1.68,1.75,2.85,2.12,1.17,1.83,5.48,3,2.34,4.97,.51,.07,.51,1
         508,Brownback,1,0,1.35,3.83,.7,1.78,.91,1.61,9.87,.74,1.74,10.17,2.35,3.65,1.7,1.26,1.48,2.43,.96,.57,7.09,3,2.52,1.83,.22,.22,.43,2
         509,Burns,1,0,1.81,2.98,.13,2.01,.52,1.36,7.9,1.1,1.94,10.42,2.52,4.21,2.27,1.94,1.29,1.36,1.42,.97,5.63,1.94,1.36,2.07,.39,.26,.45,2
         511,Nickles,1,0,1.82,2.07,.21,2.82,1.12,3.94,7.21,1.57,1.57,9.7,2.45,2.49,3.03,3.23,1.82,1.91,1.41,.46,4.48,2.07,2.49,2.9,.29,0,.29,2
         512,Helms,1,0,1.02,1.53,0,1.15,0,1.02,4.47,1.4,1.28,5.62,2.68,4.09,1.28,1.15,1.79,1.53,1.79,1.53,4.09,.89,1.53,3.7,.51,.51,.38,1
         514,Hagel,1,0,.67,3.12,0,.11,.17,.61,5.07,1.95,1.67,5.96,3.29,2.28,2.84,2.45,1.67,1.78,1.78,1.39,6.18,1.95,1.95,3.51,.5,.17,.45,1
         516,Roberts,1,0,1.82,2.77,.19,1,.67,1.34,6.98,1.34,1.29,7.79,2.53,3.68,3.39,1.91,1.77,2.82,1.86,.76,4.64,2.63,1.43,2.72,.62,.19,.43,2
         518,Frist,1,0,.65,1.3,0,1.74,.85,1.69,5.28,1.05,.8,6.93,2.19,7.13,1.65,2.09,1.3,1.25,1,.95,4.89,1.65,.9,2.59,.6,.1,1.4,1
         519,Domenici,1,0,2.54,3.67,.28,1.07,.34,1.75,8.52,1.3,1.35,9.59,2.37,3.16,3.22,2.2,2.14,2.2,1.81,1.19,4.63,2.37,1.69,4.68,.23,0,.45,2
         523,Chafee,1,0,1.78,1.78,.18,0,.71,1.6,5.34,.89,.53,8.36,4.09,3.02,3.02,1.78,1.25,.89,1.42,1.6,4.98,.53,1.78,2.85,0,.53,.18,1
         524,Hutchinson,1,0,1.17,2.02,.04,1.21,.7,2.57,6.52,.81,1.06,7.55,1.98,5.28,2.42,1.5,1.03,1.1,1.65,.88,4.4,1.25,1.47,2.38,.4,.11,.88,1
         525,Thompson,1,0,1.35,4.67,.12,1.56,1.23,3.9,9.68,1.35,1.72,11.56,1.8,2.83,2.62,1.44,2.09,2.3,1.85,.82,6.19,3.08,1.93,1.48,.49,.08,.33,2
         527,Enzi,1,0,.87,4.69,0,1.66,.47,3,7.93,1.18,1.81,11.12,2.56,2.17,3.04,1.74,1.81,1.7,1.54,1.34,7.06,2.17,2.21,4.38,.24,0,.35,2
         530,Inhofe,1,0,1.77,2.89,.23,1.97,.95,3.58,7.62,1.08,1.58,10.61,2.59,2.23,2.56,1.48,1.35,1.54,1.05,1.22,4.4,1.9,1.54,2.1,.23,.16,.3,2
         558,Bennett,1,0,2.23,1.84,0,1.89,.78,4.85,5.79,1.11,2.9,8.19,1.84,2.17,1.73,2.17,1.23,2.12,1,.89,4.96,4.23,2.67,2.06,0,0,.5,2
           4,Bayh,1,1,3.38,3.38,0,.92,.62,.31,10.46,.92,1.54,7.38,3.38,3.69,.92,4.92,2.77,2.46,1.85,1.85,5.23,3.08,2.15,4,.31,0,.31,2
          10,Biden,1,1,.61,4.7,.2,1.02,1.23,.41,6.75,3.07,2.04,11.45,2.04,2.45,.82,2.86,2.86,1.84,1.23,.61,6.54,4.09,1.84,2.25,1.84,0,.82,2
          11,Biden,1,1,1.42,3.29,.08,.61,2.23,1.34,7.07,1.84,1.95,10.41,2.53,3.17,2.56,2.03,2.31,2.45,1.09,.81,5.21,3.06,1.56,2.14,.81,.42,.67,2
          15,Bingaman,1,1,1.02,2.61,0,.91,.91,1.7,5.91,.8,.8,6.48,1.82,3.86,1.82,2.27,1.14,2.16,.68,1.7,3.86,2.84,2.27,2.95,.11,.11,1.02,1
          16,Johnson,1,1,1.06,1.52,0,.12,.7,1.17,3.4,.7,.94,5.51,1.76,4.34,1.52,1.76,.82,1.52,1.64,.47,6.1,1.17,1.06,1.76,.7,0,.82,1
          17,Akaka,1,1,.32,2.24,0,0,.32,1.44,3.68,.96,.48,4.96,2.56,3.84,2.08,2.4,1.44,1.92,1.28,1.76,5.76,1.76,.96,3.68,.16,.16,.48,1
          41,Byrd,1,1,1.87,1.13,0,2.38,.57,1.19,6.8,1.19,.85,8.22,2.21,3.68,1.93,1.42,1.25,2.15,.91,.96,3.97,1.81,1.42,3.4,.06,.28,1.08,2
          42,Kennedy,1,1,.82,2.58,.04,.78,.23,1.4,4.96,2.11,.94,6.16,3.08,4.64,1.83,1.87,1.21,1.64,1.29,.86,3.86,1.72,1.29,2.73,.27,.23,1.6,1
          44,Byrd,1,1,.98,.98,.26,.98,.43,1.84,6.93,1.46,.98,6.89,1.58,2.53,2.44,1.88,1.63,2.14,1.41,.86,3.08,2.01,1.11,3.08,.47,0,.56,1
          45,Byrd,1,1,1.11,1.31,.1,.48,.39,2.61,4.89,1.06,1.16,5.66,1.31,3.44,2.71,1.4,1.21,1.98,.73,1.31,4.65,1.65,1.26,2.08,.19,.24,.68,1
          51,Cleland,1,1,1.62,2.2,.29,.29,.13,1.78,4.08,.78,.81,6.03,3.31,2.53,2.53,1.94,1.17,1.3,1.46,1.46,4.57,1.17,1.49,4.15,.58,.03,.62,1
          78,Dayton,1,1,1.23,3.56,.07,1.31,.94,2.76,5.73,1.16,1.6,8.78,1.6,3.92,1.96,2.25,1.74,2.39,1.09,1.16,5.37,2.47,1.31,3.05,.44,.07,.36,2
          85,Dodd,1,1,2.56,3.25,.04,.31,.73,2.29,7.37,1.72,1.76,8.33,3.36,2.67,2.87,1.57,2.37,2.29,1.53,.92,5.27,2.37,1.72,4.39,.38,.15,.04,2
          94,Biden,1,1,1.61,2.42,0,0,0,2.42,3.23,.81,.81,8.06,0,1.61,.81,1.61,1.61,.81,0,2.42,6.45,2.42,3.23,5.65,2.42,0,.81,1
          99,Durbin,1,1,1.72,3.37,.2,.52,1.12,1.72,7.5,1.48,1.32,8.46,3.25,2.33,2.69,1.4,1.08,1.76,1.08,1.08,4.93,2.13,1.72,2.89,.2,.2,.32,2
         105,Edwards,1,1,.58,3.01,0,.92,1.09,.83,5.43,2.25,.83,8.6,4.84,4.92,2,1.59,2.67,1.67,3.34,2,6.51,1.09,1.34,2.75,.33,.08,.33,2
         110,Feingold,1,1,2.41,2.01,0,0,.27,.8,5.5,1.47,.54,4.83,3.35,3.35,4.16,2.82,2.28,2.28,1.34,.67,4.42,1.07,1.47,2.95,0,0,.27,1
         184,Feingold,1,1,1.23,2.11,0,.2,.48,.75,6.88,1.84,1.43,6.26,2.93,3.88,2.31,2.59,1.7,3.27,1.36,1.84,4.08,2.79,1.84,3,.07,.07,.14,1
         187,Daschle,1,1,.46,1.77,0,1.21,.84,.84,5.48,1.21,1.12,9.11,3.25,3.53,2.7,2.79,1.49,1.02,2.79,1.39,5.39,1.12,1.95,4.46,.09,.46,0,2
         188,Biden,1,1,.72,1.89,0,.61,.22,1.34,5.57,1.56,.95,6.91,3.29,3.29,3.29,3.06,1.73,2.12,1.67,2.34,3.79,1.84,1.56,3.34,.39,.06,.45,1
         190,Lieberman,1,1,1.5,2.96,.36,.83,.36,1.66,6.59,1.24,1.35,7.52,3.27,3.32,2.02,2.7,1.19,2.7,1.4,.73,5.24,2.49,1.92,3.16,.26,.05,.47,2
         191,Levin,1,1,.73,.83,0,1.25,.73,1.98,4.99,1.14,.83,6.55,3.33,2.91,2.18,2.39,1.46,1.14,1.46,2.08,4.16,1.25,1.25,3.22,.42,.1,.1,1
         207,Dorgan,1,1,1.33,.67,.12,1.09,1.09,3.69,3.99,1.33,.91,8.23,1.51,3.45,1.75,1.27,1.39,1.21,.97,.48,4.54,1.33,2.18,2.12,0,0,1.57,1
         210,Feinstein,1,1,1.4,2.96,0,.43,.59,1.13,5.54,1.83,1.08,6.57,1.51,4.25,2.48,1.61,1.29,2.15,.97,.7,5.81,1.88,1.94,2.37,.38,.32,1.08,2
         212,Feinstein,1,1,1.11,2.71,.15,.97,.44,1.06,6.82,2.23,1.94,7.79,2.56,3.82,2.08,2.32,2.52,2.61,1.89,1.26,5.76,2.71,1.79,2.66,.19,.24,1.26,2
         239,Kennedy,1,1,3.26,1.4,0,1.4,0,0,4.65,.47,.93,7.91,3.26,5.58,1.4,.47,.47,0,0,.47,4.19,.93,1.86,.93,.47,0,0,1
         240,Kennedy,1,1,.17,3.01,0,.51,1.24,1.3,5.97,1.52,1.32,8.54,3.21,4.62,1.77,2.06,1.44,1.8,2.08,1.1,4.42,2.31,1.04,2.59,.73,.59,1.77,2
         242,Kennedy,1,1,.31,2.3,.08,.31,.15,2.07,3.15,1.38,.92,4.69,2.53,5.76,1.77,1.61,1.38,1.69,1.15,3.69,3.99,2,1.77,2.69,0,.31,1.31,1
         250,Kerrey,1,1,.46,3.55,.15,.77,.51,1.18,5.19,1.85,.87,8.68,3.6,3.19,1.64,2.06,2.47,1.9,1.44,1.03,5.81,1.85,1.28,3.44,1.49,.05,.67,2
         251,Kerrey,1,1,1.53,2.64,.11,.37,.58,3.16,5.01,.9,.63,8.38,2.79,3.06,1.27,2.06,1.27,1.21,.79,1.42,4.69,1.27,1.58,2.37,1.37,.79,.58,1
         252,Kerrey,1,1,1.16,2.03,.1,1.64,1.16,1.16,5.31,.58,.97,7.72,2.99,3.09,2.22,1.74,1.06,1.25,1.16,2.7,4.63,2.12,1.83,3.38,.68,0,.39,1
         267,Leahy,1,1,1.08,1.4,0,1.21,.64,2.17,6.69,1.59,1.91,5.61,2.61,3.44,1.72,3.44,2.04,2.68,1.34,1.53,3.63,2.87,.45,3.25,.51,.06,.89,1
         268,Leahy,1,1,1.27,1.99,0,.72,.72,1.88,5.47,1.11,1.44,7.08,2.21,3.98,1.82,1.55,1.44,1.49,1.38,1.16,4.7,1.88,1.22,2.16,.44,.17,1,2
         270,Leahy,1,1,.8,2.18,.06,.98,.17,1.32,6.15,1.21,1.55,8.97,2.87,4.2,2.41,2.47,2.01,2.99,.63,1.67,3.56,2.59,1.09,2.93,.8,.17,.8,2
         273,Levin,1,1,.56,2.25,.07,.07,.91,1.69,4.86,.77,1.27,6.19,2.46,2.32,2.81,1.9,1.13,1.55,1.48,1.34,4.86,2.04,1.27,2.81,.07,0,.14,1
         275,Levin,1,1,.58,2,.06,.39,.65,2.78,5.43,1.68,1.68,7.3,3.88,3.75,1.94,2.2,2.2,2,.84,1.87,4.84,3.1,1.42,2,.06,0,.58,2
         280,Lieberman,1,1,1.32,1.87,0,1.6,.55,1.8,3.95,1.39,.83,7.28,3.47,3.68,2.01,2.01,1.04,1.6,1.8,1.46,5.27,1.8,2.08,4.02,.28,.21,.42,1
         281,Lieberman,1,1,1.57,1.05,0,1.05,.52,1.05,5.59,1.05,.87,5.77,4.9,2.45,3.15,1.57,1.22,1.57,1.57,1.75,4.37,1.4,1.57,2.62,0,0,.52,1
         314,Miller,1,1,9.09,.47,1.63,0,1.86,4.43,6.76,.47,1.4,8.86,2.1,3.03,2.56,.7,1.63,2.8,1.63,.7,3.03,2.33,1.17,.93,.23,0,1.63,2
         319,Byrd,1,1,4.7,4.31,0,.78,0,.2,14.09,2.54,1.57,10.37,1.57,1.37,3.72,1.37,3.13,4.11,.78,.78,5.48,2.94,1.57,1.37,.2,.2,.78,2
         355,Byrd,1,1,.22,2.95,0,1.22,.67,.89,7.12,2.39,1.28,9.23,1.39,3.45,2.39,2.95,1.89,2.95,1.33,.89,4.78,2.56,1.5,3.17,1.17,0,1.5,2
         357,Cleland,1,1,2.37,3.14,0,.77,1.12,1.33,7.4,.56,.84,8.1,2.86,3.28,2.44,2.65,.98,1.68,1.4,1.75,5.52,1.68,1.47,1.89,1.33,0,.56,2
         364,Nelson,1,1,1.32,2.01,.04,1.24,.54,1.63,4.96,1.66,.81,7.08,3.37,3.56,2.05,1.97,1.7,1.05,1.86,1.7,5.42,1.36,1.82,3.52,.35,.08,.7,1
         366,Lieberman,1,1,1.54,2.38,.45,1.33,.31,2.38,8.04,.56,.98,8.29,2.73,3.39,2.59,2.2,.94,2.13,1.05,1.57,4.76,1.92,1.22,3.32,.45,.17,.77,2
         369,Bayh,1,1,3.9,4.74,.22,1.02,.22,1.51,7.4,1.28,1.33,10.19,4.08,3.63,3.5,2.39,2.04,2.04,1.28,1.2,6.16,2.26,1.64,3.01,.04,.18,.71,2
         371,Byrd,1,1,3.13,2.12,.3,.91,1.28,1.45,9.97,1.45,1.52,8.69,2.26,1.58,2.9,.91,1.72,2.63,1.11,.64,4.01,2.39,1.85,1.55,.57,.07,.27,2
         372,Reid,1,1,2.95,2.39,1.59,.34,.8,2.27,6.93,1.59,1.59,10.45,3.64,1.82,2.95,3.86,1.59,1.59,1.02,1.48,4.09,3.07,1.36,4.2,.45,.34,.45,2
         373,Feingold,1,1,2.54,2.97,.03,.33,.63,1.38,7.15,.76,1.68,8.37,2.44,4.28,2.5,1.78,1.55,2.64,1.48,1.12,5.3,2.57,1.45,2.67,.23,.1,.36,2
         376,Lieberman,1,1,2.14,1.51,.42,.92,.38,1.26,6.37,.67,.84,7.29,2.51,2.51,3.43,1.76,1.21,2.14,1.55,1.3,3.6,2.22,1.34,2.76,.34,.13,.25,1
         377,Leahy,1,1,1.83,2.39,.1,.76,.8,2.26,7.38,1.16,1.46,8.11,2.13,2.99,3.32,2.69,1.96,2.33,.83,.96,4.32,2.63,1.8,3.59,.63,.03,.6,2
         379,"Graham, FL",1,1,2.07,2.55,.33,.81,.63,1.77,7.52,.86,1.01,8.28,1.92,4.06,1.92,2.3,1.03,1.41,.61,1.16,4.47,1.56,1.77,4.11,.15,.15,.5,2
         385,Nelson,1,1,1.81,2.44,0,.21,.49,1.46,5.92,1.67,.35,6.13,2.44,2.37,1.88,1.67,1.46,1.95,1.39,1.6,4.25,1.05,2.23,2.44,.56,.07,.7,1
         386,Byrd,1,1,2.34,.78,.42,.64,.64,1.49,7.65,1.27,1.84,6.23,2.27,1.2,.78,.42,.85,1.35,2.2,1.27,4.11,1.91,1.91,3.12,1.7,0,.64,1
         402,Kennedy,1,1,.75,2.3,0,1.06,.6,1.39,4.72,1.59,1.36,6.79,2.94,5.82,1.98,1.98,1.55,2.01,1.3,1.26,4.63,2.22,1.32,3.32,.31,.17,1.21,1
         403,Lieberman,1,1,1.9,2.39,.21,.93,.26,1.46,7.01,1.22,.95,6.96,2.17,3.27,2.38,2.48,1.57,2,1.31,1.4,4.77,2.08,1.77,2.88,.34,.24,.53,1
         405,Biden,1,1,2.23,2.24,.22,1.82,.75,2.41,7.82,2.01,1.91,9.03,2.41,3.82,2.41,2.68,2.73,2.3,1.88,1.02,5.18,3.02,1.77,3.07,.61,.26,.61,2
         406,Byrd,1,1,2.87,2.12,.31,1.51,.99,2.44,8.05,1.6,1.54,9.91,2.57,2.52,2.69,1.55,1.78,1.69,1.21,1.32,4.55,1.95,1.6,2.62,.56,.29,.67,2
         410,Daschle,1,1,.98,3.07,0,.85,.77,1.32,7.12,1.49,1.62,8.1,2.9,4.13,3.2,2.6,2.47,2.13,1.28,1.15,5.46,2.05,1.83,4.01,.34,.21,.68,2
         411,Dayton,1,1,2.01,2.46,.06,.65,.58,2.26,6.4,2.46,1.62,6.47,2.98,2.2,3.82,2.59,1.81,2.72,1.36,.84,4.27,2.98,1.36,2.98,.32,.45,.97,1
         413,Levin,1,1,1.85,2.31,0,1.04,.23,1.5,6.47,1.5,1.39,6.24,2.31,3.82,2.89,3.47,1.27,1.97,1.39,.69,3.47,2.89,1.85,5.9,.46,.12,.69,1
         414,Bingaman,1,1,1.36,3.35,.28,.46,.5,.99,7.04,1.67,1.89,7.87,2.05,4.15,3.01,3.07,2.76,2.23,1.49,2.29,4.99,3.22,1.83,2.91,.09,0,.25,2
         427,Boxer,1,1,2.18,1.85,.25,1.34,.67,1.93,8.98,2.01,2.18,8.22,2.18,3.02,3.52,2.01,2.43,2.85,1.17,1.26,3.19,2.85,2.85,2.18,.34,.08,.67,1
         428,Sarbanes,1,1,3.38,.65,.26,1.43,.26,2.34,7.27,.78,.65,5.97,1.95,1.56,3.38,2.6,2.08,1.95,1.04,.78,3.51,1.95,1.82,3.9,.13,0,.65,1
         429,Feingold,1,1,4.93,0,0,0,0,.7,4.93,.7,3.52,6.34,4.23,2.82,5.63,1.41,1.41,3.52,.7,3.52,1.41,3.52,1.41,3.52,0,0,0,1
         430,Corzine,1,1,1.96,2.79,.28,0,.28,.56,3.63,0,1.12,6.42,4.19,3.35,1.4,.84,1.4,2.79,.56,1.96,6.15,2.79,2.79,2.23,.56,0,.28,1
         431,Akaka,1,1,.43,2.06,0,.51,.51,1.16,4.89,1.46,.94,5.57,2.49,4.54,1.37,1.89,1.54,1.84,1.71,1.24,3.86,1.93,1.03,3.3,.86,0,1.37,1
         433,Durbin,1,1,2.04,3.74,.5,.55,.44,2.5,7.66,.99,1.49,9.43,2.27,3.69,2.3,1.9,1.65,1.81,1.13,.64,5.4,2.55,2.2,2.76,.21,.05,.78,2
         434,Reid,1,1,3.31,2.34,.19,2.14,1.95,6.43,7.41,1.36,2.92,10.92,1.95,.78,1.95,.97,1.95,2.14,1.17,0,4.09,2.14,.58,2.73,.39,0,0,2
         455,Wellstone,1,1,1.84,2.25,0,.36,.3,1.24,4.92,2.02,.71,5.33,2.79,4.62,2.49,2.31,2.55,1.42,1.19,.95,4.86,1.07,1.66,3.44,.47,0,.83,1
         464,"Clinton, H.",1,1,1.4,2.03,0,1.49,.32,1.62,5.73,1.53,.95,6.63,3.7,4.24,2.07,2.93,2.17,2.44,1.58,1.94,5.59,1.62,1.85,4.1,.27,.32,.54,1
         468,Kohl,1,1,2.6,2.32,0,1.5,.27,.27,8.06,1.37,1.64,6.69,3.42,4.51,2.87,2.46,1.09,1.78,1.09,1.23,4.78,1.91,1.64,5.19,.27,0,.82,2
         469,Schumer,1,1,2.84,3.82,0,.82,.71,.93,7.05,2.46,1.42,8.41,2.62,5.08,2.89,1.69,2.35,2.13,1.8,1.47,6.23,1.97,1.75,2.84,.76,.38,.82,2
         470,Rockefeller,1,1,1.32,3.18,0,1.11,.37,1.32,6.89,2.02,1.44,7.76,2.35,5.36,2.97,2.27,1.98,2.72,1.86,.87,4.87,3.01,1.49,3.18,.29,.25,.45,2
         472,Carper,1,1,1.53,3.4,0,1.02,.81,1.53,5.65,1.66,.98,8.15,3.18,3.65,2,2.21,1.91,2.12,1.32,.76,5.56,2,1.61,3.61,.47,.08,.72,2
         474,"Graham, FL",1,1,1.86,2.99,.11,.28,.96,1.13,4.92,1.86,.79,7.4,1.69,5.59,2.26,2.09,1.81,1.47,1.02,1.19,4.52,1.3,1.98,3.62,0,.06,1.02,2
         475,Mikulski,1,1,3.84,1.63,0,.47,.7,.7,6.98,2.21,1.16,7.22,2.68,4.42,2.44,3.14,2.44,1.4,1.16,1.63,4.42,2.21,1.63,2.91,.58,0,.7,2
         477,Cantwell,1,1,1.21,2.79,0,.98,.23,2.1,5.26,1.54,1.21,7.27,3.26,4.15,2.33,2.05,2.33,1.72,1.82,1.63,5.96,2.24,1.91,4.24,.47,.09,.37,1
         478,Conrad,1,1,2.2,3.48,0,1.18,.1,.87,5.99,2.25,1.33,6.71,2.61,4.76,2,3.48,2.82,2.15,1.23,1.38,5.02,2.92,1.28,3.18,.82,.1,.61,2
         480,Dorgan,1,1,1.93,1.79,0,.5,.36,.79,6.71,1.36,.43,4.71,2.29,5.36,2.57,3.43,1.71,1.71,.71,1.93,3.93,1.21,1.43,3.29,.29,.07,.43,1
         481,Edwards,1,1,.78,2.94,0,1.65,.35,.69,7.01,2.16,1.21,8.4,4.42,4.33,3.2,2.25,2.68,2.16,2.34,2.6,5.02,1.73,1.56,3.29,.26,0,.35,2
         482,Baucus,1,1,1.55,3.09,0,2.32,0,.26,7.99,.26,1.29,10.31,3.61,3.09,2.32,1.8,1.03,.77,.77,1.8,5.15,1.29,3.09,3.09,.77,0,.26,2
         484,Harkin,1,1,1.57,1.85,0,1.3,.46,1.48,3.8,.93,.65,7.04,2.96,4.07,2.69,2.78,.93,1.11,1.76,1.94,6.48,1.39,1.3,3.52,.19,0,.65,1
         486,Feinstein,1,1,2.28,.48,0,1.32,.48,.96,7.09,.96,1.2,5.17,3.85,4.09,3.85,3.12,2.16,2.16,1.08,1.68,4.09,2.4,1.32,3.37,0,.12,.24,1
         487,Landrieu,1,1,.58,1.62,.23,1.68,.1,1.65,4.79,1.2,1.26,7.12,2.62,3.69,3.17,2.85,1.94,1.49,1.42,1.17,4.27,1.85,1.39,3.63,.19,.19,.97,1
         500,Mikulski,1,1,3.04,2.43,.28,.5,.77,.94,9.05,1.43,1.16,8.17,3.59,4.25,3.04,2.54,1.66,1.82,.99,1.43,4.58,1.93,1.38,2.92,.33,.22,.83,2
         504,Lieberman,1,1,1.86,1.91,0,1.02,.37,2.88,5.88,.5,1.12,7.14,2.41,2.88,2.72,2.2,.71,1.62,.94,1.1,4.55,2.12,1.78,3.48,.42,.03,.73,1
         505,Reid,1,1,6.13,1.17,1.3,1.83,.52,2.35,10.04,.65,2.22,11.99,2.74,.52,3,.91,1.69,2.74,1.04,.26,3.26,4.56,1.56,2.09,.65,0,.26,2
         506,Wellstone,1,1,4.06,3.54,0,.39,1.05,1.44,7.6,2.75,1.57,10.22,2.49,3.41,2.36,2.23,3.8,1.83,1.31,.52,5.5,2.88,2.36,2.49,.13,0,.52,2
         507,Kennedy,1,1,.99,2.91,.14,1.1,.78,1.38,6.63,1.6,1.31,8.12,2.59,4.65,2.52,2.34,1.42,2.2,1.06,2.06,4.54,2.55,1.31,3.33,.32,.11,1.81,2
         510,Wyden,1,1,3.56,1.48,0,.89,.36,2.13,6.99,.65,1.48,5.16,3.44,4.03,3.08,1.3,.89,1.96,1.6,1.96,3.14,2.31,.77,2.85,.36,.3,.47,1
         513,Kerry,1,1,1.19,2.1,.05,1.24,.78,1.67,5.92,1.23,1.3,7.22,2.44,4.2,2.38,2.84,1.6,2.08,1.55,1.19,4.82,2.04,1.48,3.48,.37,.11,.85,1
         515,Dodd,1,1,2.97,1.88,.03,.49,.49,1.64,6.94,1.61,1.52,6.55,3.49,3.24,3.85,1.82,2.58,2.88,2.18,1,3.79,2.94,1.46,3.46,.15,0,.27,1
         517,Biden,1,1,3.34,2.56,1.62,2.31,.88,2.31,10.12,1.67,2.01,13.12,2.06,2.31,2.11,2.01,2.21,2.7,1.13,.84,4.42,2.75,1.62,1.77,.2,.1,.84,2
         520,Levin,1,1,1.14,3.05,.18,.39,.28,1.14,6.07,1.56,1.67,7.14,2.2,3.51,2.84,3.44,2.63,2.56,.99,1.46,4.72,3.62,2.2,2.63,.07,.11,.25,2
         521,Stabenow,1,1,3.25,4.22,0,.97,0,.65,9.09,.97,.65,8.12,5.19,4.87,1.95,1.95,1.3,.97,2.27,1.3,5.84,1.62,2.92,2.6,0,0,0,2
         522,Sarbanes,1,1,1.32,3.73,.12,.27,.35,1.47,6.71,1.32,1.01,7.53,3.38,2.29,3.03,2.44,1.86,2.13,1.59,.85,5.74,2.1,2.21,4.62,.31,0,.23,2
         526,Murray,1,1,1.85,4.49,.08,.17,.71,1.89,7.59,1.38,1.51,9.44,2.39,4.07,3.4,1.8,1.38,2.1,1.55,.8,5.79,2.22,1.8,3.27,.59,.04,.88,2
         528,Reed,1,1,.33,2.19,0,.72,.85,.83,4.59,1.7,.89,5.62,2.19,5.09,2.4,2.96,1.39,2.67,1.24,1.3,3.85,2.3,1.18,3.66,.66,.25,.83,1
         529,Corzine,1,1,1.66,2.93,.06,.5,.39,1.38,4.64,1.82,.88,7.63,2.87,3.76,3.1,1.66,1.44,1.93,1.49,1.44,4.59,1.6,1.88,2.54,.5,.22,.55,2
         581,Feinstein,1,1,1.39,2.93,0,.43,.59,1.12,5.6,1.81,1.12,6.56,1.49,4.32,2.45,1.6,1.28,2.13,.96,.69,5.76,1.92,1.92,2.4,.37,.32,1.12,2
          53,Bennett,2,0,2.02,2.49,.42,2.25,.59,3.2,6.23,1.01,1.9,9.61,2.14,3.2,1.72,1.84,1.07,1.3,1.25,.77,4.69,2.25,3.14,3.26,0,.06,1.72,2
          81,Dewine,2,0,.55,1.59,0,.76,.69,2.21,5.24,1.31,1.52,5.51,2.55,2.69,1.45,1.65,2.14,3.1,1.79,.76,4.55,2.76,1.45,2.69,.07,.07,.48,1
          88,Domenici,2,0,2.14,2.05,.37,.09,1.21,1.12,7.27,1.68,1.3,6.8,2.89,2.24,2.98,2.24,1.58,1.49,1.86,1.21,3.36,1.86,1.68,2.7,.93,.09,.19,1
          89,Hutchison,2,0,1.6,6.09,.32,.64,.8,4.65,10.42,.64,2.08,13.14,1.28,1.28,1.92,1.76,1.6,1.76,1.12,1.76,8.33,2.72,1.92,3.53,.48,0,0,2
          91,Domenici,2,0,3.25,3,.5,.5,.75,.5,8,1.25,.25,8,2.75,3.25,2.5,1.75,1.5,1.75,1.25,1,4.75,1.25,2.25,2.5,1,0,.25,2
         201,Roberts,2,0,2.57,2.79,.29,.44,.37,1.76,7.92,.81,1.1,9.17,3.08,1.25,1.83,1.54,1.69,2.13,1.61,1.03,6.16,2.2,1.1,1.25,.81,.07,.07,2
         202,Snowe,2,0,.68,2.05,0,.11,.34,1.14,2.16,.23,.34,5.92,3.64,2.05,1.14,1.71,.46,1.02,1.93,.68,4.21,.8,1.59,2.96,3.3,.11,0,1
         222,Gorton,2,0,1.35,2.7,.3,0,.6,1.05,5.4,1.5,1.8,7.05,2.85,1.8,1.8,2.55,1.8,1.95,1.65,.9,6.3,2.55,1.05,3,.75,.15,1.2,1
         226,Grams,2,0,2.65,1.93,0,.48,.96,.96,7.71,.96,2.65,8.19,3.86,1.69,1.2,3.37,1.2,1.2,1.45,1.93,4.58,3.13,1.93,4.58,0,0,.24,2
         228,Gregg,2,0,1.68,2.46,.09,.09,.91,2.28,8.74,.86,1.73,6.65,1.46,2.41,3.05,3.46,1.37,2.87,1.46,.5,4.69,2.82,2.18,2.32,.5,.18,.68,1
         231,Hutchinson,2,0,2.38,4.1,.13,.13,0,.66,11.11,1.46,.93,8.86,4.1,.4,3.31,1.06,2.38,3.44,2.12,.53,6.61,2.91,2.51,3.31,.26,0,.13,2
         232,Specter,2,0,1.21,1.41,0,.2,.6,2.01,7.34,.5,1.01,4.82,2.31,2.71,2.11,1.11,1.21,1.11,1.01,.9,4.32,2.21,2.41,2.31,.1,0,.6,1
         245,Hutchison,2,0,2.1,4.96,.16,.69,.56,1.48,10.94,1.77,2.3,9.62,3.09,1.15,2.2,1.81,2.43,2.2,1.9,.82,7.22,3.91,2.66,2.73,.36,.03,.26,2
         248,Specter,2,0,2.84,1.12,.19,1.44,.19,2.75,6.99,1.63,.98,7.17,1.77,1.16,2.84,1.96,1.77,2.93,.84,1.07,3.45,2.28,1.54,2.56,.23,.05,.61,1
         249,Warner,2,0,3.53,2.65,.51,.15,.66,1.4,7.27,.96,.66,8.23,3.97,2.06,1.32,1.98,1.98,2.5,1.91,.44,5,2.06,2.79,2.5,.22,0,.07,2
         286,Inhofe,2,0,1.58,3,.33,.25,1.25,2.25,7.74,1,2.33,10.73,3.08,4.24,1.33,1.16,1.41,2,1.66,1.41,5.99,2,1.83,1.75,.17,.33,1.16,2
         287,Nickles,2,0,3.59,2.94,.64,.89,1.37,2.42,8.66,1.97,1.65,10.07,3.75,2.58,1.85,2.22,2.26,3.14,.44,.73,4.67,2.22,1.89,1.93,0,.04,.6,2
         288,Gorton,2,0,1.24,2.35,.28,.14,.41,.55,5.95,1.24,2.49,5.67,2.63,2.49,1.8,3.73,1.8,1.66,.97,.41,4.56,3.04,1.52,2.9,1.24,0,1.66,1
         290,Bunning,2,0,1.02,2.84,.68,0,.91,2.96,8.08,1.71,1.59,8.08,1.93,2.28,1.59,1.93,1.82,2.16,1.59,.91,5.46,3.07,1.93,1.25,.46,.23,.68,2
         291,Brownback,2,0,3.07,2.79,.28,0,.56,2.09,10.75,.98,1.96,9.78,3.35,2.37,2.37,.42,2.37,3.63,0,.84,5.59,3.91,1.82,2.23,0,0,.28,2
         292,Warner,2,0,4.04,2.7,0,.61,.86,2.33,7.48,1.1,1.47,9.8,2.45,.61,2.94,1.1,2.21,2.57,1.47,1.23,5.15,2.57,1.72,2.82,.25,0,0,2
         293,Domenici,2,0,2.63,3.37,1.15,.58,1.15,1.56,10.35,1.89,3.78,11.5,1.81,1.64,2.22,1.81,1.48,2.71,.82,.49,4.35,4.6,1.81,2.79,.58,0,.66,2
         310,McCain,2,0,.5,.95,0,.39,.34,1.68,4.43,1.4,1.23,4.32,2.08,2.92,1.35,1.85,1.18,1.01,1.35,1.79,4.15,1.79,1.23,2.69,.39,.11,.79,1
         313,McConnell,2,0,1.03,.88,0,.51,.44,1.47,3.37,.29,.51,5.87,2.35,3.67,1.39,2.64,.37,.66,1.17,1.69,5.5,.88,1.39,2.86,.29,.15,.81,1
         316,Murkowski,2,0,2.34,6.25,0,0,.2,.98,7.62,1.37,1.76,10.94,2.54,1.76,3.12,.78,1.95,2.15,1.56,.78,7.03,3.52,2.34,2.73,.2,0,.39,2
         317,Bunning,2,0,1.4,3.3,.38,.51,1.14,1.78,8.63,1.14,2.41,9.52,3.43,1.9,2.54,1.4,1.4,3.17,1.4,.63,5.46,3.43,1.65,2.79,.89,.25,.13,2
         390,Nickles,2,0,5.32,2.39,0,1.47,1.65,2.2,11.74,.92,2.02,9.72,1.1,.37,2.02,.92,1.83,2.75,.92,0,4.22,3.67,1.1,2.02,1.65,0,0,2
         399,Roberts,2,0,2.37,2.85,.14,.35,.56,1.88,7.93,.7,1.25,8.07,2.09,1.95,2.02,1.39,1.39,2.09,1.88,.63,5.78,1.81,1.6,2.02,.63,.07,.07,2
         400,Roberts,2,0,1.48,1.77,.07,.32,.32,1.7,6.21,1.26,1.73,6.86,2.71,1.55,2.89,2.64,1.7,2.24,1.41,1.52,4.44,2.09,1.62,2.56,.54,.04,.43,1
         401,Roberts,2,0,2.1,2.4,.35,.4,.55,2.3,7.79,1.15,1.25,8.39,2.4,1.9,1.45,1.5,1.2,1.75,1.2,1,6.29,2.1,2.05,1.55,.3,.15,.35,2
         426,Specter,2,0,1.34,1.42,0,.32,.24,2.29,5.14,1.03,1.11,5.38,1.98,1.5,2.92,2.69,1.26,1.03,.63,.63,3.24,1.98,1.26,4.19,.08,0,.32,1
         440,Specter,2,0,4.4,.96,0,0,0,3.06,7.65,.57,1.15,5.16,1.72,.76,3.06,2.49,.38,1.72,.38,.19,2.29,1.91,1.34,2.68,.19,0,.57,1
         441,Warner,2,0,3.84,1.76,.48,.48,.64,3.84,6.88,.8,.64,6.88,2.56,1.44,1.76,2.4,1.28,1.76,.64,.64,4.64,1.6,1.76,2.56,.16,0,.48,1
         446,Warner,2,0,2.74,1.37,0,0,.34,1.88,4.97,.68,.68,4.97,1.03,1.2,1.03,2.91,1.54,1.37,1.71,1.54,4.79,1.88,1.54,2.74,.86,.17,0,1
         447,Warner,2,0,3.95,1.21,.36,.12,.85,1.78,7.75,1.01,.73,5.49,1.82,1.82,1.69,2.34,1.69,1.29,1.37,.81,5.17,1.57,2.66,2.62,.28,0,.16,1
         448,Nickles,2,0,3.74,3.49,0,1.25,2.24,3.49,7.73,.75,1.5,12.47,2.99,.5,2.24,.75,1.75,3.49,1,1.5,8.48,2,2.24,4.24,1,0,0,2
         449,Warner,2,0,3,1.26,.41,.49,.85,1.38,7.7,1.34,1.78,6.12,2.23,1.78,2.07,2.8,1.74,1.54,1.18,1.38,4.87,2.31,1.95,2.68,.04,.04,.2,1
         450,Warner,2,0,3.02,1.26,0,0,.67,1.76,7.88,.75,.92,5.53,3.69,2.43,1.51,1.51,.92,2.18,1.51,1.26,5.62,1.93,2.18,2.43,0,.34,.17,1
          54,Biden,2,1,1.55,.75,.08,.68,.48,1.27,4.77,1.43,.95,5.52,1.75,2.3,1.75,2.42,1.55,1.91,1.71,1.23,4.21,2.18,1.51,2.34,.32,.2,.44,1
          55,Biden,2,1,.21,1.05,0,.21,.84,1.68,2.74,.63,0,5.47,1.47,2.95,.42,2.74,1.68,.21,1.05,1.68,4,.21,2.32,2.53,.42,.42,.84,1
          57,Biden,2,1,2.47,1.21,.08,1.02,.51,2.15,5.64,2.04,1.25,6.46,2.94,1.41,1.68,2.51,2.35,1.68,1.61,1.25,3.49,1.96,1.53,2.78,.27,.08,.31,1
          64,Byrd,2,1,1.69,2.05,0,.41,.77,1.64,6.76,1.33,1.64,7.22,2,2.1,2,1.18,1.48,2.3,1.02,1.38,5.02,2.66,2.25,2.41,.46,0,.56,1
          77,Daschle,2,1,.6,1.43,0,.72,.36,1.67,4.3,.95,1.07,6.21,2.27,2.51,2.03,2.74,1.55,1.79,2.27,1.31,4.42,1.67,2.39,2.74,.24,.36,.95,1
         111,Feingold,2,1,1.75,.32,0,0,1.11,3.18,4.13,.64,.16,6.52,2.23,3.34,1.27,2.07,.64,1.75,.64,.95,3.66,.64,1.75,2.86,.64,0,1.75,1
         211,Feinstein,2,1,1.76,1.44,0,.64,.8,2.24,5.76,.96,1.44,6.4,3.36,1.92,2.08,2.4,1.44,1.44,1.44,1.92,6.4,2.24,1.44,2.72,.16,.48,.8,1
         246,Dorgan,2,1,4.8,1.47,.29,.69,0,3.04,6.95,1.57,.98,9.3,2.35,1.18,2.25,.78,1.67,2.35,2.06,1.37,3.43,2.25,.98,1.96,0,0,.2,2
         247,Biden,2,1,2.94,1.56,.36,.87,.94,3.46,6.55,1.07,1.24,8.35,2.22,1.96,2.15,2.58,1.53,2.22,1.33,.91,4.18,2.25,1.74,2.58,.23,.22,.42,2
         289,Biden,2,1,2.52,2.96,.38,.31,.57,2.58,8.93,1.19,1.13,7.74,2.45,1.32,2.96,2.52,1.95,2.26,1.64,1.38,5.22,2.52,1.95,1.64,.13,.06,.31,2
         456,Wellstone,2,1,2.14,2.06,0,.84,.99,1.6,6.42,1.91,1.45,7.56,2.06,2.6,1.91,2.14,2.9,1.76,1.38,1.76,5.5,2.14,1.91,1.6,.23,.08,.76,1
         457,Wellstone,2,1,2.39,1.37,0,.14,.58,.94,5.57,.94,.65,7.38,2.53,1.59,2.1,2.68,1.01,1.88,1.3,1.59,5.21,1.37,2.53,3.26,.14,0,.36,1
         204,Lugar,3,0,.53,1.88,0,.53,.36,1.32,5.05,.92,1.64,5.41,2.63,3.17,2.7,2.24,1.17,2.45,1.03,1.85,3.34,2.45,1.24,4.87,.75,.04,1.24,1
         205,Hutchison,3,0,1.64,6.14,.35,.09,.35,1.12,11.58,1.38,1.3,9.68,1.73,.86,2.33,2.33,2.16,2.25,.95,.86,6.91,1.9,1.99,2.85,3.98,0,.17,2
         294,Mack,3,0,1.59,.4,.4,0,.4,0,6.35,1.59,.79,2.78,3.57,1.98,3.57,.4,1.59,.4,1.98,.79,3.17,.79,3.57,4.37,1.19,0,.4,1
         298,McCain,3,0,3.08,1.58,0,.53,.75,1.05,7.22,1.8,.9,6.99,2.56,2.33,1.88,2.11,1.65,.98,1.5,1.73,3.83,1.05,1.73,3.68,.23,.08,.23,1
         304,McCain,3,0,1.85,2.74,.04,.52,.97,1.13,7.89,1.61,1.13,10.02,2.25,1.89,1.97,1.33,1.65,2.01,.97,1.09,5.27,1.93,2.21,2.9,.16,.12,.48,2
         311,McConnell,3,0,1.03,1.55,0,1.14,.31,1.96,4.24,1.86,.41,7.86,2.28,1.76,2.9,2.9,1.55,1.96,1.14,1.96,4.55,1.03,1.86,4.34,.31,0,.41,1
         265,Lautenberg,3,1,.96,1.12,0,.8,1.44,3.53,4.98,1.61,2.25,9.15,2.89,3.85,1.61,.96,1.61,2.09,2.57,.96,2.41,2.89,1.93,2.73,1.28,.16,.64,1
         299,Kerry,3,1,2.34,2.74,.18,.77,.62,2.2,7.83,1.06,1.32,8.45,3.22,2.31,2.38,1.79,1.79,1.65,1.39,1.02,5.31,1.9,2.45,3,.44,.07,.7,2
         305,Lieberman,3,1,1.49,3.18,.45,.65,1.54,2.34,7.11,1,1.44,11.24,2.79,2.49,1.94,2.09,1.59,1.79,1.09,.7,5.32,1.84,1.49,1.99,.35,.2,.3,2
         421,Santorum,4,0,1.02,0,0,0,.26,.77,4.86,1.28,1.79,3.84,2.3,3.07,.77,2.56,1.53,1.02,.51,.77,5.63,1.79,1.02,2.81,.26,2.3,0,1
          12,Biden,4,1,1.31,3.51,.14,.21,.76,1.82,6.43,1.24,1.65,9.53,2.3,2.79,1.24,1.69,1.86,1.62,1.38,.72,6.05,2.65,1.82,2.24,.79,.52,.34,2
          74,Daschle,4,1,.83,6.09,0,0,2.35,2.49,5.26,1.25,.83,12.6,4.16,4.99,1.25,.83,.42,1.11,.83,1.39,7.76,1.66,1.66,4.71,.28,.42,1.11,2
          75,Dorgan,4,1,1.4,2.54,.35,1.67,.7,4.3,5.61,.7,1.49,9.04,1.93,2.72,1.67,.79,1.14,1.4,1.32,.61,6.05,2.11,1.84,2.54,.18,1.23,.53,1
         415,Sanders,5, ,1.75,2.8,.15,.45,1.2,1.65,7.39,1.15,1.35,8.89,1.9,4.29,1.6,1.2,1.5,1.35,1.6,1.55,3.89,1.55,1.55,3.15,.65,.05,1.75,2
          20,Blunt,5,0,2.19,1.31,.11,0,.66,3.72,6.35,.77,1.31,4.27,2.19,1.31,1.42,2.41,.77,1.64,1.1,.33,4.16,1.75,3.29,2.52,1.42,.11,0,1
          29,Brownback,5,0,1.49,3.66,0,1.36,1.9,1.22,7.46,1.09,.27,13.03,2.85,3.8,1.76,1.63,1.36,1.22,.27,.27,5.43,.41,2.04,3.12,.81,1.22,.41,2
          32,Brownback,5,0,1.42,1.03,0,.9,2.2,1.94,9.04,.65,1.68,7.24,2.33,2.45,.9,1.68,1.55,1.03,.9,.78,3.49,1.42,3.49,2.58,.78,.13,0,1
          63,Brownback,5,0,1.36,1.86,0,.12,2.23,.62,5.94,.62,.87,9.28,5.32,2.97,.74,1.11,.99,1.11,1.11,1.73,5.32,.99,3.09,3.71,1.36,.5,.25,1
          67,Coleman,5,0,.98,2.45,.25,.25,3.06,1.47,9.19,.86,1.23,10.42,4.04,2.82,2.21,2.08,2.57,1.23,1.35,2.21,4.66,1.84,1.84,2.94,.49,0,.12,2
          68,Collins,5,0,2.3,1.79,0,.26,.26,.51,4.6,1.02,0,5.63,3.58,2.56,1.53,1.53,.26,.26,1.28,2.05,4.35,.26,1.53,3.58,0,.26,0,1
          87,Domenici,5,0,1.29,1.59,0,0,.7,.2,3.77,1.29,.99,4.17,3.57,4.27,1.69,1.39,.99,2.48,.6,2.58,3.38,2.18,1.69,5.36,.99,0,.3,1
         192,Lott,5,0,2.32,1.37,.06,.3,1.13,1.84,6.84,1.19,1.07,6.42,3.27,2.44,1.96,1.9,1.61,2.73,1.07,.89,4.28,2.91,3.03,3.45,.77,0,.06,1
         195,Shelby,5,0,1.02,1.84,0,.2,1.53,1.12,5.41,1.23,1.02,6.64,2.35,3.98,1.53,2.25,1.63,1.53,.61,.61,4.09,2.04,1.74,4.29,1.53,.1,.1,1
         197,Helms,5,0,.17,.26,.09,.09,.77,1.19,2.64,1.36,.68,3.06,1.96,2.64,.77,2.38,1.36,.77,1.45,2.21,4.34,.94,1.19,3.83,1.7,.17,0,1
         198,Cochran,5,0,.56,.85,0,0,.42,.14,3.81,.85,.28,2.54,1.69,2.4,.42,1.69,.85,.71,.28,.85,2.96,.28,1.41,3.24,.71,.14,0,1
         200,Kyl,5,0,1.36,.34,0,.57,.23,1.7,2.83,.79,.68,4.65,.91,3.17,1.02,1.36,1.13,.68,1.25,1.47,3.63,.68,2.38,3.63,.57,.11,0,1
         229,Hagel,5,0,.79,2.04,.34,.45,.34,1.02,3.73,2.38,1.24,5.66,4.19,1.92,3.05,2.26,2.38,.9,2.71,1.24,5.54,1.24,1.58,4.86,.23,0,0,1
         253,Kirk,5,0,1.32,2.72,.07,.22,.66,2.79,5.29,1.25,1.1,7.05,1.54,1.91,1.62,1.25,1.54,1.69,.88,.66,5.29,1.98,1.4,1.69,1.84,.22,.44,1
         260,Kyl,5,0,.79,1.18,0,0,.39,.79,4.33,1.57,1.57,4.72,3.15,2.76,1.57,1.18,.39,1.18,.79,1.97,3.15,1.57,3.15,3.54,.79,.39,0,1
         264,Kyl,5,0,.67,.67,0,3.12,.45,1.78,4.45,.22,.67,7.35,3.34,3.79,1.34,.67,.67,.67,1.56,1.11,5.35,.67,1.11,1.78,.45,.45,0,1
         315,Moran,5,0,.27,1,0,.45,.36,1.36,5.16,1.81,.91,4.98,2.54,4.53,1.27,2.63,2.26,1.27,1.45,1.27,3.71,1.18,1.81,3.17,1.45,.18,.36,1
         322,McCain,5,0,4.2,1.53,0,.38,.76,1.53,7.63,1.91,2.67,4.58,3.44,1.53,3.44,2.29,1.53,3.44,1.15,0,6.87,2.29,2.29,7.25,.38,0,.38,2
         323,"Graham, SC",5,0,3.14,3.14,1.18,0,0,1.18,9.8,.39,1.57,7.06,3.92,0,3.14,3.53,2.75,2.35,2.75,.39,5.49,1.96,4.31,4.71,.78,.78,0,2
         329,Lott,5,0,2.15,2.28,0,.35,1.11,3.46,8.44,.76,1.59,6.57,2.01,1.73,1.52,1.87,1.73,2.49,1.45,1.73,4.57,3.32,2.84,3.74,.21,.28,.14,1
         330,Brownback,5,0,.96,1.33,.12,0,.72,.6,7.47,1.33,.96,4.94,3.49,2.05,1.45,2.53,1.33,1.57,1.57,.84,3.37,1.93,2.29,3.61,1.33,0,.12,1
         331,Kyl,5,0,1.09,.84,0,.17,.25,1.35,5.63,1.09,.84,3.62,1.85,1.09,.76,2.27,.93,1.85,.5,.84,3.53,2.19,1.43,3.28,.5,.08,0,1
         333,Faircloth,5,0,3.9,3.73,0,.51,1.53,1.69,8.31,1.36,1.19,7.46,5.76,1.02,3.9,2.2,1.69,1.53,1.19,.85,5.08,1.53,.85,3.56,1.36,0,.17,2
         335,Domenici,5,0,.82,1.09,.14,.07,.55,.75,3.62,1.09,.89,3.41,3,4.37,2.05,1.91,1.3,2.11,.95,2.18,3.14,1.5,1.23,3.48,.07,0,.14,1
         338,Snowe,5,0,1.82,1.4,.14,.14,.14,2.38,4.9,1.4,1.68,4.2,4.76,4.2,1.82,1.12,2.1,2.1,.56,.84,2.94,2.38,1.4,4.2,1.12,.42,.14,1
         418,Santorum,5,0,.96,.87,.09,.61,1.05,1.66,6.45,.17,.35,6.19,3.49,2.96,.52,1.39,.52,1.48,.87,1.22,4.1,1.05,1.48,2.88,.87,.87,.26,1
         419,Coleman,5,0,1.92,2.01,.26,1.22,1.84,1.75,7.79,1.05,1.22,9.8,2.27,2.45,1.84,1.57,2.01,1.22,1.84,.87,5.34,1.92,1.4,2.62,.44,.26,.09,2
         420,Hutchison,5,0,3.85,2.4,.96,.96,1.44,.96,9.62,1.92,1.44,10.1,.96,1.44,.96,3.37,3.37,1.44,1.44,.48,5.77,2.4,4.33,3.85,1.44,0,0,2
         424,"Smith, OR",5,0,2.54,.72,0,.72,1.81,1.09,6.88,.36,1.81,7.61,1.45,3.62,.72,0,1.09,2.17,0,.36,2.17,2.54,1.09,3.62,0,2.54,1.09,1
         499,Kyl,5,0,1.32,2.24,.29,.98,1.38,2.07,6.88,1.2,.57,9.29,1.66,2.24,1.72,2.29,1.15,1.84,1.03,1.38,4.48,.98,1.09,1.55,.52,.4,.34,2
          18,Biden,5,1,.74,1.29,0,0,.55,.92,6.08,1.93,1.29,4.97,4.24,2.85,2.95,2.39,1.57,2.49,1.47,1.1,3.5,2.95,1.93,2.67,.37,.18,.09,1
          24,Boxer,5,1,3,.37,0,0,.37,1.5,5.99,2.25,.75,3.37,4.12,4.87,2.25,.75,3.37,1.5,.37,.75,1.5,1.12,2.25,4.12,1.87,0,.37,1
          25,Boxer,5,1,1.37,1.02,0,0,.68,1.02,5.46,.68,.68,6.14,5.12,3.75,2.73,1.71,1.37,1.02,1.37,1.71,2.73,0,2.05,1.71,0,0,0,1
          50,Casey,5,1,1.31,1.57,0,0,0,2.09,6.14,2.09,.65,3.79,1.96,3.13,1.83,1.83,2.09,.78,2.35,1.17,4.05,.91,1.44,2.35,1.44,.13,.13,1
         104,Durbin,5,1,1.28,1.96,0,1.36,.26,2.81,4.6,.6,1.36,6.39,2.22,3.58,2.3,1.71,1.02,1.36,1.71,.85,4.35,1.79,2.13,4.52,.85,0,1.11,1
         112,Feingold,5,1,.42,4.38,0,.21,1.25,.42,6.26,2.09,2.09,8.14,4.18,2.92,2.09,1.25,2.51,1.67,2.71,2.3,4.59,3.76,1.04,3.97,0,0,.21,2
         181,Feingold,5,1,.24,3.42,0,.12,.59,.83,5.54,1.53,1.53,6.49,2.83,3.66,1.65,1.18,2.12,2.36,.71,1.42,6.84,2.48,1.3,3.66,.47,.47,.12,1
         193,Lieberman,5,1,1.01,2.86,.25,.46,.63,1.6,6.23,.93,.88,7.24,2.78,3.2,1.18,2.4,1.09,1.51,.97,1.26,4.75,1.89,1.39,3.49,.63,.34,.13,2
         194,Biden,5,1,1.57,2.19,.14,.52,1.76,.76,7.67,1.71,1.48,6.9,3.1,3.1,1.81,1.48,2.1,3.29,.81,.76,4.62,2.76,1.43,2.38,1.52,.1,.05,1
         196,Feinstein,5,1,1.08,1.08,0,.12,.12,.48,4.7,.72,.36,2.77,2.53,2.65,.84,.84,1.2,2.05,1.2,1.57,5.06,1.45,1.81,2.65,.6,.12,.12,1
         199,Levin,5,1,2.69,.27,0,.27,0,1.08,6.45,1.88,.27,4.3,2.42,.54,3.76,3.23,1.08,2.42,1.34,1.08,2.15,1.88,1.34,3.76,1.61,.27,0,1
         237,Kaufman,5,1,.68,.17,0,0,1.37,2.73,4.44,.51,.68,6.83,5.12,.68,1.37,.34,.34,.68,.34,3.75,5.8,1.54,1.19,2.05,.85,0,0,1
         266,Lautenberg,5,1,1.48,.49,0,1.73,.25,2.72,5.43,.74,.25,7.16,1.48,3.21,1.48,1.48,.99,1.48,.99,0,2.96,.74,1.48,4.44,0,1.48,.74,1
         272,Levin,5,1,1.08,.81,0,0,.81,1.08,3.51,.27,.27,5.95,1.62,2.7,1.35,2.03,.54,.95,.81,1.62,4.73,.68,1.35,1.62,.54,0,.27,1
         324,Reid,5,1,3.7,3.09,0,1.23,.62,3.09,8.64,1.23,0,7.41,4.94,.62,6.17,1.23,2.47,1.85,1.23,.62,3.7,1.23,1.23,6.17,1.85,0,0,2
         325,Johnson,5,1,3.47,.99,0,0,.5,.5,5.45,.5,0,3.96,4.46,1.49,.5,1.49,0,0,2.48,.99,6.93,0,2.97,5.45,2.97,0,0,2
         326,Menendez,5,1,1.08,.81,0,.14,.81,1.08,3.65,.81,.81,4.47,2.98,1.49,1.35,1.76,.68,1.49,2.57,1.35,5.41,1.22,1.35,2.44,1.49,.14,.68,1
         327,Schumer,5,1,2.45,3.36,0,.61,1.22,1.22,8.26,1.83,1.22,7.65,3.06,2.14,1.22,2.45,1.83,1.83,1.53,2.75,5.5,2.14,3.06,3.06,.92,.31,0,2
         328,Brown,5,1,.97,2.91,0,0,.49,.97,7.28,1.46,1.94,6.31,4.37,3.4,1.46,2.91,1.94,.49,.97,.97,7.77,3.4,.49,3.88,.49,0,0,1
         332,Lieberman,5,1,1.68,1.91,.05,.32,.55,1.09,7.19,1.05,.86,6.14,2.82,1.96,1.91,2.14,.82,2.68,1.27,1.14,3.46,2.18,1.77,3.23,.73,.18,.05,1
         334,Biden,5,1,1.75,2.38,.63,.09,1.78,2.01,7.57,1.03,1.09,8.46,2.26,2.21,1.49,1.92,1.12,2.69,1.35,1.32,4.9,2.24,2.15,2.69,.89,.11,.17,2
         336,Lautenberg,5,1,.88,.88,0,.18,1.94,.88,4.42,1.41,.88,5.83,1.41,1.41,.88,1.59,2.47,1.77,1.06,1.06,3.71,2.12,1.06,3.89,.18,.53,.18,1
         337,Boxer,5,1,1.79,.36,0,0,1.07,.71,5.36,1.43,.36,3.21,3.57,3.93,1.79,1.79,2.14,1.07,.71,1.43,5,.71,1.43,5.36,.36,.71,0,1
         392,Obama,5,1,2.65,0,0,0,.38,.76,6.82,.76,.38,3.03,2.65,1.89,2.27,1.89,1.52,1.14,.38,0,3.41,1.14,3.03,2.27,2.27,0,0,1
         416,Durbin,5,1,2.05,2,.49,.54,2.15,2.83,6.64,1.27,1.61,10.75,2.88,2.64,1.86,.88,2.1,2,.98,1.32,4.89,2.39,1.91,2,.44,.05,.93,2
         498,Lieberman,5,1,.98,2.78,0,.98,1.58,1.25,6.32,.93,.93,9.48,1.96,2.78,1.85,2.12,1.2,1.36,.82,1.03,5.12,.93,1.31,2.4,.44,.16,.98,2
          69,Collins,6,0,1.42,1.05,0,.94,.21,1.21,5.72,1.1,1.47,4.35,2.2,4.77,2.1,3.78,1.57,2.15,1.52,1.36,2.52,2.73,1.94,3.1,0,.1,1.05,1
         233,Inhofe,6,0,3.47,3.55,0,.81,.89,2.58,8.07,1.45,1.37,9.12,1.53,2.42,1.45,1.78,2.02,1.29,.89,1.13,6.13,1.69,1.78,2.58,.97,.4,.24,2
         235,Cornyn,6,0,2.55,1.89,.11,1.74,.59,3.18,6.81,1.18,1.63,9.11,2.48,3.92,2.22,2.22,1.96,1.78,1.59,1.44,4.15,2,1.26,4.22,.15,.04,.96,2
         243,Cornyn,6,0,2.91,.82,.27,.91,.27,1.09,5.82,.73,.91,6,2.45,3.09,2.91,1.18,1.27,1.64,.64,.91,4.64,1.73,.64,1.73,1.18,.18,.64,1
         297,McCain,6,0,1.52,2.34,0,.7,.41,1.58,5.38,1.17,1.11,6.2,2.28,3.92,1.93,2.05,1.93,1.46,1.64,1.81,5.79,1.34,1.23,3.21,.41,.06,.18,2
         300,McCain,6,0,2.41,2.18,0,.47,.41,1.53,6.7,.82,1.18,6.94,2.76,2.23,1.94,1.76,1.82,1.47,1.41,1.41,4.35,1.82,1.82,3.23,.59,.12,.24,1
         303,"Graham, SC",6,0,1.59,2.27,1.65,.55,1.72,1.59,9.44,1.9,1.47,9.5,2.94,4.23,2.33,2.21,2.27,2.33,.55,1.16,4.04,2.63,2.08,2.02,.49,.37,1.23,2
         312,McConnell,6,0,1.39,2.12,.18,.94,.48,1.66,6.68,.97,1.69,6.23,2.75,3.38,2.06,2.09,1.57,2.87,1.57,1.18,3.84,2.69,1.48,3.48,.3,.18,.42,1
         339,Lugar,6,0,.94,.83,0,.24,.47,.83,3.89,1.53,.71,4.13,5.9,2.24,1.77,2.12,1.53,.94,1.42,1.65,4.25,.83,2.36,2.95,2.36,.47,.35,1
         341,Santorum,6,0,1.69,1.8,.11,.34,.79,1.69,5.75,.9,1.13,5.98,4.06,2.25,1.13,1.58,1.47,1.24,1.13,1.13,5.07,2.25,1.8,3.61,1.13,0,0,1
         342,Brownback,6,0,1.86,2.7,.17,0,1.52,1.18,7.94,1.18,1.01,6.25,3.04,2.53,1.18,2.87,1.52,1.69,1.18,1.01,4.73,1.35,3.21,2.53,1.01,0,0,2
         345,"Smith, OR",6,0,1.16,3.34,.15,.29,1.89,1.45,8.72,.58,.29,8.28,2.91,1.45,1.89,1.45,1.02,.58,1.74,1.6,5.09,.87,2.33,1.45,1.02,.73,.44,2
         347,Jeffords,6,0,2.87,1.15,0,0,0,0,5.17,2.3,0,1.72,5.17,1.72,.57,.57,1.72,1.72,1.15,.57,2.3,1.15,2.3,5.17,1.72,0,0,1
         349,McConnell,6,0,.14,.14,0,0,.68,.95,4.19,.41,.41,3.65,4.19,4.19,1.76,2.03,.54,1.22,.81,1.49,3.92,.68,1.62,1.76,1.49,.68,.54,1
         351,Allen,6,0,.06,.23,.06,0,.17,1.42,3.98,1.08,.97,2.96,3.07,3.98,.8,1.48,1.14,1.31,1.19,1.59,4.72,1.59,1.31,2.67,1.31,.17,.4,1
         352,Hatch,6,0,1.47,1.3,0,.17,.35,1.55,4.58,.95,1.04,5.27,2.42,3.63,1.64,1.73,.95,1.55,1.12,.95,4.23,1.3,1.21,2.76,.69,.26,.52,1
         353,Chafee,6,0,2.93,.8,0,0,0,.8,4.26,1.33,.8,4.52,3.72,1.6,1.06,1.33,1.33,1.6,1.33,.53,3.46,1.6,1.33,2.13,1.86,0,0,1
         395,Portman,6,0,2.96,2.96,0,0,0,1.64,10.2,1.97,1.97,5.92,2.63,1.97,4.28,1.97,1.32,1.32,1.32,.99,3.29,2.96,1.64,3.95,.33,0,0,1
         438,Specter,6,0,3.12,.72,0,1.38,.97,3.63,5.37,.97,.77,8.23,1.69,2.55,1.84,1.33,1.48,2.04,.66,.46,4.24,1.74,1.94,2.61,.56,1.12,.31,1
         492,Coats,6,0,2.15,1.92,0,.99,1.69,1.34,7.28,1.92,1.8,8.85,2.5,3.61,3.08,2.74,1.34,2.85,1.22,1.57,3.43,2.39,1.28,3.43,.23,.52,.58,2
         497,Corker,6,0,5.27,1.83,.12,.89,.65,2.54,11.66,.71,.95,6.86,2.6,.65,3.25,2.13,1.3,1.6,1.3,.89,3.91,1.48,2.01,2.72,0,.12,.12,2
           6,Begich,6,1,.5,1,0,.2,.6,.7,5.01,1,.5,4.31,3.51,4.01,.8,1.2,1.1,1,2.3,1.2,3.81,1.3,2.2,2.4,1,.4,.7,1
         203,Cardin,6,1,1.2,2.55,.08,.48,2.31,3.51,6.85,.56,.48,10.36,2.71,.96,1.04,1.91,1.83,1.83,.88,1.59,5.42,.72,2.39,2.39,.4,0,.32,2
         223,"Graham, FL",6,1,2,1,0,1,1.25,2.99,4.99,1.25,.75,5.49,1.5,6.23,1.5,2.49,.5,.5,1.75,1.5,3.99,1,1.25,4.49,.5,.5,1.5,1
         234,Kaine,6,1,2.27,2.18,.06,.22,.99,3.11,7.34,1.65,1.43,6.84,2.05,3.26,2.67,2.49,1.96,2.46,1.18,1.24,5.63,2.3,1.68,2.83,.22,.28,.81,1
         236,Feinstein,6,1,1.76,.86,.07,.4,.47,2.13,5.85,1.06,.96,4.69,2.69,3.66,1.66,2.99,1.46,1.73,1.4,1.23,4.09,1.53,1.8,2.2,.1,.07,.83,1
         244,Durbin,6,1,2.18,3.26,.09,.36,1.72,1.18,9.25,.82,1.99,9.61,2.81,1.9,1.63,1.45,1.63,1.18,1.09,.82,6.07,1.99,1.54,1.27,1.18,.18,1,2
         274,Levin,6,1,1.2,0,0,.3,0,1.5,3.6,1.5,.6,3.6,6.31,3.3,.6,.9,1.2,.9,1.5,2.7,3.6,.6,2.4,5.11,.6,0,.3,1
         276,Levin,6,1,.86,1.79,0,.5,.43,1.94,5.46,1.22,1.29,5.38,3.52,4.67,1.36,3.95,1.94,2.8,1.51,2.3,3.8,2.58,1.65,3.88,.5,.07,0,1
         277,Lieberman,6,1,1.07,1.91,0,1.22,1.68,1.14,7.39,1.07,.46,9.91,2.74,2.67,1.3,1.14,1.6,1.37,.91,1.3,6.94,1.22,1.75,2.29,.38,.46,.38,2
         279,Lieberman,6,1,1.46,1.08,0,.89,1.21,1.4,6.28,.76,.44,8.63,2.22,2.16,1.14,1.78,.76,1.08,1.14,1.33,4.31,.57,1.46,3.05,.38,.44,.13,1
         301,Levin,6,1,1.98,1.32,.09,1.13,.38,.66,6.52,1.23,.76,5.29,2.65,2.74,2.27,1.8,1.51,1.98,1.04,1.23,4.73,1.89,2.84,2.84,.09,.57,.19,1
         302,Menendez,6,1,2.75,2.22,1.05,1.31,.65,1.18,7.45,.65,.52,8.1,4.05,1.96,1.83,2.75,1.31,.78,1.05,1.57,4.31,1.44,1.96,3.01,.13,.52,.13,2
         340,Daschle,6,1,1.39,1.93,0,.54,.21,1.39,5.89,.54,.96,5.79,4.61,2.57,2.14,2.04,1.18,.75,1.39,1.5,4.07,1.18,2.89,2.79,.75,.32,.11,1
         343,Durbin,6,1,.8,1.38,0,.46,.23,1.49,5.28,1.26,1.84,6.77,4.71,3.56,1.49,1.26,1.15,1.03,1.49,1.49,4.13,2.53,2.87,2.76,1.03,0,.23,1
         344,Boxer,6,1,2.31,3.2,.36,.62,1.15,3.02,8.88,.89,.98,8.79,2.93,2.4,1.6,1.33,1.42,1.69,2.13,1.51,6.22,1.78,2.22,1.87,1.6,0,.18,2
         346,Leahy,6,1,2.58,.93,0,0,.41,1.24,8.04,1.55,1.55,4.23,2.68,3.61,2.06,1.75,1.44,2.68,.82,1.24,2.78,2.37,1.34,2.37,1.24,0,0,1
         348,Corzine,6,1,.81,.48,0,0,.32,.32,4.83,.32,.64,3.7,4.03,2.9,1.13,2.58,.16,.48,.48,3.38,4.19,.48,1.93,3.22,.32,.97,.32,1
         350,Feinstein,6,1,1.25,.53,0,0,0,.71,5.69,.53,.89,3.74,3.74,3.91,1.07,1.78,1.07,.53,.89,3.2,6.05,1.42,2.31,3.2,.71,0,0,1
         354,Byrd,6,1,1.4,0,0,0,.47,1.17,3.5,1.17,.23,2.33,2.56,3.96,2.33,3.5,1.17,1.4,.7,.7,2.56,0,2.8,.7,2.56,0,.23,1
         397,Reid,6,1,0,0,0,2.55,.64,1.91,5.73,2.55,.64,7.64,1.91,5.1,.64,1.91,2.55,0,1.27,0,4.46,1.27,1.91,4.46,0,0,2.55,1
         423,Shaheen,6,1,4.27,2.37,0,.47,.95,.95,8.53,.95,.47,7.11,2.84,2.84,2.37,2.84,.95,2.84,2.37,1.42,5.21,.95,2.37,3.32,0,0,0,2
         445,Udall,6,1,.62,2.84,0,.12,1.11,.87,5.69,.87,1.48,8.41,1.98,6.55,2.35,.99,.87,1.85,.99,1.36,6.18,1.73,1.36,2.47,.49,.12,.74,2
         491,Reid,6,1,1.65,1.86,0,.14,1.03,2.75,5.15,.76,1.79,6.53,1.99,6.46,1.58,1.37,1.03,1.79,1.37,.96,4.19,1.92,1.03,2.06,.34,.48,2.41,1
         493,Nelson,6,1,1.5,1.3,.33,.98,.98,2.6,8.2,1.43,1.04,8.2,1.69,3.32,1.89,2.34,1.76,2.8,1.17,1.11,3.32,1.82,1.17,2.02,.2,.26,.26,2
         494,Mikulski,6,1,4.75,1.47,.87,.53,1.34,2.34,10.23,1.07,1.74,7.62,2.81,3.21,2.01,2.27,1.27,1.67,1.27,2.14,3.94,2.47,2.07,3.01,.47,0,.4,2
         495,Durbin,6,1,2.48,1.93,0,.92,.59,3.11,7.57,.92,1.39,6.43,1.68,3.78,2.31,2.4,1.09,1.72,1.01,1.35,4.92,1.93,1.98,2.44,.38,.17,.8,1
         496,Menendez,6,1,1.02,2.49,0,.2,.66,1.48,6.77,1.17,.92,7.68,2.04,3.92,2.24,3.05,1.07,1.17,1.48,2.09,6.01,1.17,1.63,2.34,.31,.05,.2,2
          35,Brownback,7,0,.47,.83,0,.12,.59,1.18,3.79,1.3,.12,6.04,3.43,2.96,.47,1.07,.95,1.3,1.78,1.42,4.5,.71,1.89,1.78,1.3,.71,.12,1
          47,Wicker,7,0,2.53,.89,0,2.08,.37,3.42,3.94,.67,.59,8.62,1.86,1.71,1.86,1.19,.97,1.26,1.63,.82,3.94,1.04,1.49,1.78,1.26,.22,.59,1
         306,McCain,7,0,2.23,1.23,0,.22,1.68,1.23,5.03,1.45,.89,9.5,5.59,1.12,.45,1.9,1.9,1.45,1.79,1.34,4.69,1.56,.67,2.46,.56,.45,0,1
         307,McCain,7,0,1.38,0,0,0,0,.46,5.07,.92,1.38,5.99,2.76,3.23,.46,1.84,.92,.46,1.38,1.38,2.76,.46,2.3,3.23,.46,0,.92,1
         308,McCain,7,0,.65,1.06,.08,.57,.49,.57,5.48,.98,1.23,5.89,3.52,4.01,1.88,3.19,1.14,.98,1.06,.9,4.33,1.47,2.21,4.42,.57,.33,.33,1
         309,McCain,7,0,.75,.32,0,1.08,1.19,1.08,3.99,1.62,1.29,6.57,2.16,3.77,1.19,3.02,1.51,.86,.65,1.62,3.34,2.05,2.69,3.99,.86,0,.22,1
         437,Wicker,7,0,2.44,1.72,0,.54,.09,2.53,3.25,.81,.63,5.6,2.17,1.9,1.72,1.54,1.72,1.08,1.99,1.08,4.07,1.26,1.26,2.26,.45,.72,.09,1
          19,Biden,7,1,1.19,.8,0,.5,.1,2.59,3.38,.6,1.19,4.88,3.28,2.09,1.09,1.99,1,1.99,1.39,.7,3.78,1.49,1.49,2.99,1.49,.1,.1,1
          46,Cardin,7,1,1.95,3.35,0,1.84,.78,2.29,8.64,.73,.61,10.54,1.95,1.34,1.73,1.73,1.34,1.28,1.12,.78,5.41,1.34,2.68,2.06,1.06,.22,.78,2
          48,Shaheen,7,1,2.3,1.93,.28,.55,1.1,2.21,6.07,.55,.55,10.11,2.94,2.02,1.56,1.1,.83,.83,.92,.64,4.32,.92,2.11,2.76,.83,.37,.55,1
         108,Feingold,7,1,0,.1,0,.71,.71,1.31,2.32,.71,.2,5.65,2.12,3.33,.71,2.12,.71,1.41,1.61,1.51,2.62,.6,1.61,3.73,1.11,.2,.3,1
         255,Kohl,7,1,.31,.77,0,.61,.15,.15,3.83,1.07,0,3.37,2.61,1.69,.61,2.91,.77,.15,1.07,2.45,4.91,.31,1.07,4.14,.92,.31,.31,1
         278,Lieberman,7,1,.85,1.56,.28,.71,.43,1.85,3.41,.14,.43,6.82,4.26,1.99,1.14,2.27,.28,.28,1.99,.99,4.4,.71,1.85,3.84,.43,.28,0,1
         451,Wellstone,7,1,.83,0,.1,.31,1.34,2.07,3.93,1.14,.62,8.99,1.34,3.41,1.14,3.31,1.34,.72,1.86,1.45,3.51,.72,1.65,2.69,.31,0,1.24,1
         452,Wellstone,7,1,1.63,1.16,.08,.08,.54,1.01,4.49,1.86,.7,7.98,2.4,3.64,2.09,2.87,2.01,.77,1.47,1.32,3.72,.77,1.63,2.48,.15,0,.7,1
         453,Wellstone,7,1,1.85,1.15,0,.12,0,.69,3.93,2.19,.69,6.93,2.19,3.12,.92,1.27,1.62,1.5,2.08,1.27,6.24,1.62,1.73,3.7,1.15,.23,1.73,1
         454,Wellstone,7,1,2.16,1.19,0,.22,.32,1.83,5.18,.43,.86,9.17,2.37,3.02,1.29,.54,.86,1.19,.97,.97,4.21,1.19,1.29,2.37,.54,.32,1.29,1
          26,Brownback,8,0,1.51,.38,.28,.56,1.88,1.98,5.36,.56,.19,9.41,1.03,3.2,.94,1.69,.66,1.41,.85,.66,2.82,.75,1.41,1.51,.47,.66,.38,1
          31,Brownback,8,0,1.81,3.04,0,.36,2.46,3.84,9.27,1.01,.94,10.64,1.81,2.03,.94,.65,1.16,1.3,.8,.94,6.37,1.81,3.11,1.52,0,.07,1.59,2
          34,Brownback,8,0,1.79,.92,.12,.64,.75,2.08,5.43,.75,1.04,7.05,1.62,2.54,1.68,1.33,1.21,1.5,.75,1.21,4.62,1.68,1.73,1.91,.87,0,2.02,1
          37,Brownback,8,0,2.17,.79,.1,.3,.69,2.17,5.63,.79,.89,6.62,2.67,2.37,1.38,1.38,.89,.69,1.28,.79,3.85,1.48,1.98,1.98,.1,0,1.09,1
          39,Brownback,8,0,1.64,3.43,0,.15,1.04,1.94,9.24,.15,.75,8.79,1.79,2.38,.89,1.19,1.19,1.34,0,.45,5.51,1.79,2.09,2.38,.75,0,1.04,2
          49,Brownback,8,0,2.37,3.1,.18,.18,.73,2.73,10.38,.55,.91,7.47,1.82,1.64,.55,1.46,2,2.19,0,.36,6.56,1.28,2.37,1.09,.73,.18,.73,2
          60,Brownback,8,0,1.41,1.69,.28,.14,1.69,2.82,6.62,1.13,.56,6.76,1.27,3.38,1.55,1.55,1.97,.99,1.41,.56,3.38,1.41,1.55,1.27,.7,0,.14,1
          80,Dewine,8,0,1.09,3.45,0,0,.73,1.63,8.35,3.09,.73,8.71,1.81,1.81,.73,1.09,4.17,1.81,1.63,1.63,6.17,1.81,3.27,1.63,.18,.18,.54,2
         213,Frist,8,0,2.82,1.29,.33,1.34,1.05,4.11,6.08,.29,.72,10.14,2.68,1.82,1.2,1.2,.96,1.05,.67,.67,4.4,1.72,2.54,2.25,.14,0,.53,2
         214,Frist,8,0,2.46,1.85,0,0,.31,2.15,7.38,1.54,0,5.54,1.54,1.85,0,1.85,1.85,1.54,.62,0,4.62,.92,3.38,1.54,.31,0,0,1
         216,Frist,8,0,1.43,2.25,.2,0,1.43,1.23,7.79,.82,.61,8.4,1.84,1.84,1.23,.82,1.02,2.25,.41,.61,4.51,1.64,2.66,1.84,0,0,1.02,2
         217,Frist,8,0,1.54,1.33,.05,.05,1.18,1.94,5.99,1.13,.97,5.22,2.2,4.09,1.59,2.05,1.38,1.54,1.43,.97,4.3,1.59,1.69,2.71,.82,.05,.92,1
         219,Frist,8,0,1.58,1.99,.33,.25,.5,3.41,7.14,.42,.58,9.63,2.74,1.5,.83,.83,.75,1.08,1.33,.33,4.82,1.08,1.74,1.33,0,.17,.66,2
         220,Frist,8,0,1.16,2.14,0,0,.89,2.85,6.41,.8,1.34,8.28,2.23,1.78,1.87,1.6,1.25,.89,.53,1.25,5.52,2.05,2.67,2.76,.09,0,1.25,1
         221,Frist,8,0,1.26,.84,.42,0,.98,1.69,6.32,.14,.84,6.74,1.97,2.39,.42,.84,0,.84,.7,.84,4.35,1.26,2.67,1.54,0,.14,1.54,1
         225,Grams,8,0,.89,1.34,0,0,.3,1.34,4.47,1.04,.89,4.47,2.68,2.38,1.19,1.94,1.34,1.64,.45,2.09,2.98,1.19,2.98,2.53,.3,.45,.75,1
          40,Boxer,8,1,5.11,4.55,0,.57,.57,1.7,11.93,1.14,.57,9.09,4.55,2.27,.57,.57,.57,1.14,1.14,1.14,5.68,1.14,3.41,1.14,0,0,1.7,2
          65,"Clinton, H.",8,1,1.42,3.37,0,0,.71,1.77,5.67,1.95,.35,7.8,3.72,2.66,.71,1.24,1.77,.53,2.3,1.42,6.38,.71,1.24,2.84,.71,.35,.53,2
          66,"Clinton, H.",8,1,1.08,.59,1.01,.07,.21,.91,2.83,.94,.45,6.39,4.36,1.92,1.75,1.01,.94,1.01,1.08,2.65,5.83,.87,1.26,3.07,.56,.21,.42,1
          70,Corzine,8,1,.57,.95,0,0,.38,1.71,4.93,.57,.57,5.69,1.71,3.98,.95,2.37,1.14,.95,1.61,2.56,4.64,1.52,.95,2.56,.09,.09,2.84,1
          71,Corzine,8,1,2.71,1.81,.3,0,.6,.9,2.11,.9,1.2,10.84,3.01,.3,1.81,.6,.3,0,1.51,0,6.33,.3,1.51,1.2,.6,4.52,1.81,1
          72,Corzine,8,1,1.28,2.71,0,0,.71,1.14,6.55,1.57,.85,6.98,1.42,3.13,1.57,1.28,1.14,1.57,2.42,1.14,4.27,1,1.71,1.71,0,0,.85,1
          73,Corzine,8,1,1.51,3.2,.09,.09,.98,1.87,7.02,.53,1.24,9.69,2.49,2.22,1.24,1.42,1.69,1.33,.98,1.87,5.6,1.6,2.76,1.51,1.33,.09,.89,2
          82,Dodd,8,1,1.25,1.65,0,.31,.55,1.33,5.8,1.1,1.72,6.74,2.66,1.57,1.88,1.65,1.1,1.18,2.59,1.49,5.17,2.19,1.72,1.96,.24,.08,1.18,1
          83,Dodd,8,1,1.49,1.19,.15,.3,.45,1.04,4.9,1.19,.3,4.75,3.42,.74,1.78,2.38,1.04,.59,1.19,.74,4.01,1.34,2.97,3.27,2.67,.15,1.49,1
          84,Dodd,8,1,1.33,.8,0,.27,.13,1.33,4.65,.8,.4,5.58,3.05,2.66,2.12,1.73,1.33,.8,1.2,1.99,4.38,.66,3.59,2.66,.8,.53,.66,1
          86,Dodd,8,1,.98,1.8,0,.49,.49,1.26,5.3,1.04,.6,7.32,2.51,2.73,1.42,1.64,1.37,.82,1.86,1.64,4.32,1.04,1.58,2.19,.6,.11,1.09,1
          92,Durbin,8,1,1.29,1.94,.09,.55,.46,1.57,7.28,1.11,.65,6.91,2.95,2.4,1.75,1.75,.74,1.01,1.2,2.03,4.33,.83,2.4,3.69,1.66,0,1.29,1
          93,Biden,8,1,3.37,1.12,.28,2.25,.84,2.81,5.9,1.4,.84,9.27,2.81,.84,2.81,2.25,2.81,1.4,.84,.56,3.37,1.4,2.25,1.12,0,0,.84,2
          95,Durbin,8,1,2.37,1.38,.13,.13,.86,2.96,6.05,.46,.79,6.64,2.17,1.05,1.32,1.51,1.38,1.05,.72,.59,4.28,2.04,1.71,1.58,1.38,.39,1.51,1
          96,Durbin,8,1,2.69,1.41,0,.64,.64,3.59,5.12,1.09,1.41,6.79,1.98,2.5,1.92,1.41,1.47,1.28,1.34,1.15,4.87,1.73,1.34,2.3,.64,0,2.18,1
          97,Durbin,8,1,2.13,1.33,0,.4,.93,1.86,4.65,1.33,.53,7.31,1.46,3.99,.8,2.39,.53,.66,.66,1.2,4.92,.4,1.06,2.93,1.06,0,1.6,1
          98,Durbin,8,1,2.49,1.78,.18,1.25,.59,3.21,6.65,1.19,1.07,8.67,1.48,1.48,1.37,2.02,1.48,2.2,1.31,.89,4.75,2.73,1.9,1.9,1.01,.36,1.6,2
         100,Durbin,8,1,1.55,2,.13,.39,1.22,2.12,5.67,.77,.77,8.56,3.03,1.87,.84,1.48,.97,.97,.58,1.42,4.12,1.09,2.19,1.87,.58,.39,1.22,1
         101,Durbin,8,1,2.22,1.69,.19,.87,.77,2.95,6.38,1.26,1.02,7.3,3.05,1.5,2.32,1.35,1.64,1.69,.97,.87,4.59,1.5,1.45,2.61,1.31,.1,.97,1
         102,Durbin,8,1,1.02,1.32,0,1.17,0,2.19,4.53,1.32,.15,6.58,4.09,3.95,1.32,2.05,1.46,1.32,1.61,1.32,3.65,1.02,1.75,3.36,.88,.44,.73,1
         103,Durbin,8,1,.5,2.01,0,.67,0,.84,4.85,1.34,.33,6.69,5.18,4.35,.84,1.67,1.34,1,2.01,1.84,4.68,.84,1.51,2.68,.67,.33,.67,1
         107,Feingold,8,1,1.35,1.04,0,0,.42,1.67,5.42,1.35,.94,5.21,3.85,3.44,2.71,1.25,1.98,2.5,1.25,1.67,2.81,2.6,1.67,3.44,.42,.1,.94,1
         109,Feingold,8,1,2.1,1.85,0,.12,1.11,1.23,6.04,.49,.86,9,1.97,3.58,1.23,1.23,1.6,.99,1.23,.99,4.69,.74,2.71,3.45,.12,.12,.62,1
         113,Feingold,8,1,.22,.44,0,0,.22,.44,3.54,1.33,1.33,4.2,7.52,1.77,2.65,1.33,1.55,.22,2.43,1.55,3.76,.88,0,2.88,.22,0,0,1
         114,Feingold,8,1,1.27,.95,0,0,.32,1.11,4.77,.32,1.43,6.52,1.59,3.18,1.43,2.23,.95,1.59,.95,1.59,4.93,1.59,2.07,2.54,.32,0,.48,1
         115,Kennedy,8,1,.47,2.82,0,.7,0,2.11,3.29,1.41,1.41,8.22,1.64,2.35,.7,1.41,1.88,1.64,1.88,1.88,4.93,2.82,1.41,1.41,.23,.23,2.35,1
         116,Feingold,8,1,1.5,1.09,0,0,.14,1.77,5.18,.55,.68,7.09,3.55,2.46,1.91,.82,1.23,1.5,1.77,1.5,4.37,1.36,.55,2.46,.27,.14,.41,1
         180,Feingold,8,1,1.24,.41,0,0,.83,.83,4.4,.69,0,5.36,4.95,1.93,1.51,1.51,.96,.55,1.24,.96,4.68,.55,1.93,2.61,2.2,0,.41,1
         182,Feingold,8,1,.12,.12,0,0,.75,1,3.62,.75,.25,4.12,2.88,3.12,1.5,2.62,.88,1.88,1.75,1.62,3.5,1,2,2.75,.12,0,.5,1
         183,Feingold,8,1,2.78,.73,0,.12,.24,1.45,5.08,.24,1.57,6.89,3.99,2.06,2.18,.97,.73,1.09,1.21,.36,4.23,2.66,1.09,4.59,.24,.48,.24,1
         238,Kennedy,8,1,.14,1.79,0,.69,.41,1.65,2.89,2.2,1.24,8.4,2.34,2.48,1.1,1.65,2.34,1.79,1.79,1.65,4.55,1.65,1.65,1.93,.14,.14,1.52,1
         254,Kohl,8,1,1.15,.92,0,0,.46,2.07,3.23,.81,.81,4.72,2.07,1.96,1.38,1.73,.58,1.15,1.04,.58,4.03,1.27,.69,1.84,.46,0,.58,1
         269,Leahy,8,1,.58,.96,0,0,.39,1.73,4.82,.96,.58,6.17,3.28,2.31,1.35,.58,1.16,1.16,.77,.77,5.2,1.93,.96,2.7,1.35,0,.58,1
         271,Leahy,8,1,.42,1.19,0,.17,1.02,.93,5.95,1.02,.93,5.61,2.8,3.74,.93,2.8,1.44,1.95,.76,1.95,3.74,1.61,1.27,2.55,.34,.08,1.78,1
         396,Pryor,8,1,3.39,1.13,0,0,.56,3.39,7.63,.28,.56,6.78,2.82,3.11,1.41,.28,1.41,1.41,.28,.56,5.37,1.69,1.13,2.82,.28,.56,.56,1
          28,Brownback,9,0,1.91,1.77,.27,.14,1.91,1.09,6.69,1.16,.48,9.08,2.05,2.05,1.02,1.23,1.91,1.71,.55,.68,5.8,1.37,1.5,1.57,.89,.07,.27,2
          30,Brownback,9,0,.86,1.09,.24,.05,1.05,1.52,5.09,.71,.76,6.46,1.57,2.28,1.33,1.71,1.19,1.81,.81,.9,5.37,1.66,1.47,1.43,.24,0,.43,1
          36,Brownback,9,0,1.72,.65,.22,0,2.37,.43,6.9,0,0,9.48,2.16,1.94,.86,.43,.65,1.94,.65,1.08,4.53,1.51,1.72,2.16,1.29,0,0,1
          38,Brownback,9,0,1.37,1.16,.07,.07,.89,.89,5.14,1.16,.75,6.92,1.99,1.64,1.58,1.51,1.37,1.03,1.16,1.03,5.07,1.03,1.1,2.19,.89,.21,.41,1
          59,Brownback,9,0,.81,2.68,.37,.85,.69,2.32,4.91,.73,1.22,9.5,2.44,2.27,1.42,1.46,1.26,1.71,1.42,1.95,5.4,1.54,.81,1.34,.61,.24,1.02,1
          61,Brownback,9,0,1.81,2.24,.53,.53,2.45,2.24,7.89,1.81,1.17,8.85,1.28,1.81,.96,2.67,3.09,2.13,1.28,.53,4.8,1.81,2.35,2.24,.64,0,0,2
          62,Brownback,9,0,1.79,2.49,.84,.2,.84,1.49,7.95,.6,1.44,8.6,1.24,1.94,1.24,.99,1.04,2.14,1.14,.4,5.86,1.89,1.94,1.29,.25,0,.45,2
          79,DeMint,9,0,1.04,1.69,0,.39,1.83,1.56,6.52,.78,.91,6.91,1.96,3.91,1.56,1.3,.65,1.17,1.56,1.56,3.65,1.96,1.17,2.48,.52,.26,.13,1
         215,Frist,9,0,.88,.66,0,0,.22,.77,2.77,1.11,.77,4.76,2.77,2.43,1.66,1.22,1,1.33,1.66,2.21,2.99,1.11,2.21,2.43,1,.11,.11,1
         257,Kyl,9,0,.83,2.48,.05,.44,1.07,1.02,8.42,1.12,1.31,6.67,2.14,2.58,2.29,2,1.8,2.73,.58,.68,5.26,2.43,1.22,2.24,.49,.15,.15,1
         258,Kyl,9,0,.46,1.2,0,.28,.46,1.38,3.87,1.01,1.66,5.99,3.78,2.49,1.66,2.03,1.75,1.57,.74,1.66,3.87,2.03,2.21,3.41,.74,0,0,1
         384,Murkowski,9,0,1.63,.82,0,.27,.27,1.36,5.44,.63,.82,4.71,2.45,2.18,1.81,1.9,1.09,1.54,.91,1,2.45,2.18,1.45,1.81,.27,0,.36,1
         388,Kyl,9,0,1.33,1.69,.27,.25,.88,2.07,6.58,1.22,1.33,5.7,2.34,2.79,1.71,2.77,1.87,2.32,1.33,.72,4.39,2.68,1.64,2.32,.59,.07,.09,1
         417,Santorum,9,0,.79,1.27,0,0,.48,.95,2.86,.48,.79,7.46,4.76,2.54,1.43,.95,1.11,2.06,1.27,1.27,4.6,1.9,1.43,2.38,.32,2.54,.48,1
         422,Sessions,9,0,1.29,2.3,.46,0,2.3,1.93,8.92,.55,1.1,8.74,3.31,2.3,1.66,2.39,1.38,1.56,.92,.37,5.52,2.12,1.93,2.12,1.01,.09,0,2
           8,Biden,9,1,1.55,2.84,.72,.22,1.37,1.87,8.78,1.1,1.75,8.63,2,1.77,2.15,2.44,1.8,2.1,1.25,.47,5.21,2.99,1.52,2.05,.82,.05,.22,2
           9,Biden,9,1,.45,3.3,.3,0,.75,1.2,6.9,2.1,1.05,7.05,.9,3.6,1.8,1.2,3.3,1.95,1.95,.45,7.65,3,1.2,1.8,.45,0,0,2
          52,Akaka,9,1,1.39,1.7,0,0,.31,1.08,4.94,.77,1.08,3.7,4.32,2.62,.93,1.85,1.08,1.54,.77,2.31,4.17,1.08,2.78,2.78,.31,0,0,1
          56,Biden,9,1,.95,1.62,0,.52,.46,.86,4.99,1.13,1.32,5.72,3.52,2.08,1.32,1.13,1.04,1.68,1.01,.98,4.25,1.84,1.56,2.48,1.35,.12,.12,1
          58,Biden,9,1,1.18,.26,0,.13,.13,.39,4.47,1.58,.66,5.53,5.39,1.05,2.11,.79,1.45,1.32,.92,.79,4.47,1.18,2.63,3.82,.66,.13,0,1
          76,Daschle,9,1,.41,1.22,0,1.22,.27,3.13,5.17,.68,.95,5.03,1.36,4.08,2.59,1.5,1.5,.95,1.09,.54,4.22,1.5,1.09,3.13,.54,0,.14,1
         106,Feingold,9,1,.74,3.2,0,.25,0,2.22,6.4,1.23,1.48,6.9,5.42,2.22,.74,1.48,2.46,1.23,1.97,.99,5.17,2.22,.99,2.22,.25,0,0,1
         185,Feinstein,9,1,.5,1.09,.09,.05,.45,1.5,3.77,1.04,.82,3.45,3.45,3.04,1.59,2.09,1.04,1.68,1.32,1.09,4.27,1.23,1.54,2.95,.86,.05,.18,1
         387,Nelson,9,1,1.26,1.6,.17,.34,.59,1.43,4.97,.93,.76,5.81,2.27,2.61,1.6,1.52,1.77,1.85,1.43,1.01,4.38,1.35,1.68,2.27,.51,.08,.08,1
