IDNO,Name,Regions,OpposeSupport,PartyAffliation,i,we,you,shehe,they,past,present,future,negate,social,posemo,negemo,insight,cause,discrep,tentat,certain,inhib,incl,excl,motion,achieve,money,relig,death
314,Miller,1,1,2,9.09,.47,1.63,0,1.86,4.43,6.76,.47,1.4,8.86,2.1,3.03,2.56,.7,1.63,2.8,1.63,.7,3.03,2.33,1.17,.93,.23,0,1.63
429,Feingold,1,0,2,4.93,0,0,0,0,.7,4.93,.7,3.52,6.34,4.23,2.82,5.63,1.41,1.41,3.52,.7,3.52,1.41,3.52,1.41,3.52,0,0,0
463,Gramm,1,1,1,3.31,4.78,1.84,1.1,1.29,1.1,13.97,1.47,1.65,14.71,2.39,3.12,2.57,1.47,2.02,1.84,.37,2.21,7.72,2.76,2.76,2.57,0,0,.18
90,Domenici,1,1,1,2.44,3.17,.24,2.93,4.15,4.39,10.49,1.46,1.71,13.9,2.68,2.68,2.44,.49,2.44,4.15,1.95,.49,5.12,3.66,1.46,1.46,.24,0,.24
94,Biden,1,1,2,1.61,2.42,0,0,0,2.42,3.23,.81,.81,8.06,0,1.61,.81,1.61,1.61,.81,0,2.42,6.45,2.42,3.23,5.65,2.42,0,.81
434,Reid,1,1,2,3.31,2.34,.19,2.14,1.95,6.43,7.41,1.36,2.92,10.92,1.95,.78,1.95,.97,1.95,2.14,1.17,0,4.09,2.14,.58,2.73,.39,0,0
375,Specter,1,1,1,2.38,0,0,.79,0,.4,6.75,1.19,0,5.56,2.78,2.38,5.95,3.97,.79,1.98,.79,.79,2.78,1.98,.4,3.17,0,0,0
372,Reid,1,1,2,2.95,2.39,1.59,.34,.8,2.27,6.93,1.59,1.59,10.45,3.64,1.82,2.95,3.86,1.59,1.59,1.02,1.48,4.09,3.07,1.36,4.2,.45,.34,.45
4,Bayh,1,1,2,3.38,3.38,0,.92,.62,.31,10.46,.92,1.54,7.38,3.38,3.69,.92,4.92,2.77,2.46,1.85,1.85,5.23,3.08,2.15,4,.31,0,.31
282,Warner,1,1,1,3.92,3.31,0,.9,0,1.2,3.92,.6,0,7.83,4.52,1.51,2.71,2.41,.6,1.2,1.2,.6,6.63,.3,2.41,7.83,0,0,0
505,Reid,1,1,2,6.13,1.17,1.3,1.83,.52,2.35,10.04,.65,2.22,11.99,2.74,.52,3,.91,1.69,2.74,1.04,.26,3.26,4.56,1.56,2.09,.65,0,.26
442,Thomas,1,1,1,2.58,3.48,.13,.77,.26,4.39,11.74,.26,1.94,6.84,3.1,1.42,2.97,1.68,2.32,1.55,3.23,1.29,5.94,2.84,1.94,2.32,.13,0,.39
239,Kennedy,1,0,2,3.26,1.4,0,1.4,0,0,4.65,.47,.93,7.91,3.26,5.58,1.4,.47,.47,0,0,.47,4.19,.93,1.86,.93,.47,0,0
444,Thurmond,1,1,1,1.53,2.1,.19,3.82,0,5.15,3.24,.38,.57,11.26,3.44,5.73,2.67,1.53,.95,.95,1.53,1.91,5.73,.38,.95,3.05,0,.19,.76
360,Domenici,1,1,1,5.71,2.86,0,1.14,0,1.14,11.43,1.71,1.14,8.57,.57,4,4.57,2.86,1.14,3.43,.57,.57,5.14,2.86,.57,1.71,0,0,1.71
412,Nickles,1,1,1,3.19,2.65,.35,.35,.35,5.13,4.96,.71,1.77,8.32,1.77,.53,3.72,3.01,1.06,1.42,2.12,.35,5.49,2.3,3.89,1.77,.35,0,0
319,Byrd,1,0,2,4.7,4.31,0,.78,0,.2,14.09,2.54,1.57,10.37,1.57,1.37,3.72,1.37,3.13,4.11,.78,.78,5.48,2.94,1.57,1.37,.2,.2,.78
21,Bond,1,1,1,1.16,2.32,.23,3.48,.93,.46,7.19,2.09,.93,11.14,3.25,4.41,2.32,2.78,1.39,2.32,1.39,.23,6.96,2.09,1.86,3.25,0,.23,0
432,Jeffords,1,0,1,.69,2.91,0,0,0,.42,5.69,.69,.14,6.1,5.13,3.74,2.77,1.66,2.5,1.66,.69,1.66,5.13,.83,1.94,6.66,.42,0,.83
380,Warner,1,1,1,5.66,.75,0,1.13,0,.38,4.15,.75,.75,6.42,4.15,1.51,3.4,.38,.75,1.89,1.51,.38,3.4,.75,.38,1.51,0,0,0
430,Corzine,1,0,2,1.96,2.79,.28,0,.28,.56,3.63,0,1.12,6.42,4.19,3.35,1.4,.84,1.4,2.79,.56,1.96,6.15,2.79,2.79,2.23,.56,0,.28
262,Santorum,1,1,1,1.47,2.21,.49,1.31,2.04,5.15,9.48,.57,3.1,8.91,1.8,3.43,3.19,2.86,1.31,2.29,1.88,.49,3.35,3.76,2.7,1.39,.57,0,0
517,Biden,1,1,2,3.34,2.56,1.62,2.31,.88,2.31,10.12,1.67,2.01,13.12,2.06,2.31,2.11,2.01,2.21,2.7,1.13,.84,4.42,2.75,1.62,1.77,.2,.1,.84
489,Lincoln,1,1,1,4.76,2.65,0,2.82,.71,.71,10.05,1.06,2.12,10.76,4.23,4.41,4.76,2.65,2.29,2.12,2.47,1.41,4.94,2.29,2.29,3.88,.35,0,.53
10,Biden,1,1,2,.61,4.7,.2,1.02,1.23,.41,6.75,3.07,2.04,11.45,2.04,2.45,.82,2.86,2.86,1.84,1.23,.61,6.54,4.09,1.84,2.25,1.84,0,.82
263,Kyl,1,1,1,3.61,1.29,0,.52,0,2.06,6.44,2.58,2.32,7.22,1.8,1.55,3.09,.77,3.35,2.06,.52,.77,3.87,2.84,1.8,4.38,0,0,0
435,Cochran,1,1,1,2.55,4.08,0,.51,0,.51,7.14,1.53,.51,8.67,4.59,3.57,3.06,.51,1.53,0,1.53,1.53,5.61,0,.51,1.53,0,0,0
189,Hutchison,1,1,1,1.19,3.98,1.06,.8,1.06,1.19,11.01,1.72,.8,12.73,2.52,3.32,2.25,2.12,2.65,3.58,1.19,1.06,4.77,2.79,1.46,2.92,.13,0,.66
383,Nickles,1,1,1,2.69,3.07,.13,.9,1.28,4.99,4.87,1.15,1.92,10.24,2.56,1.41,1.41,2.05,2.43,2.69,1.02,1.79,5.51,3.71,2.18,1.28,.26,0,0
521,Stabenow,1,0,2,3.25,4.22,0,.97,0,.65,9.09,.97,.65,8.12,5.19,4.87,1.95,1.95,1.3,.97,2.27,1.3,5.84,1.62,2.92,2.6,0,0,0
482,Baucus,1,1,2,1.55,3.09,0,2.32,0,.26,7.99,.26,1.29,10.31,3.61,3.09,2.32,1.8,1.03,.77,.77,1.8,5.15,1.29,3.09,3.09,.77,0,.26
409,Lott,1,1,1,2.39,2.85,.46,1.38,.83,4.78,8.74,1.29,.64,9.02,3.22,1.75,2.39,2.58,1.29,1.84,2.21,.46,6.99,1.56,3.04,3.68,0,.09,0
443,Thomas,1,1,1,1.51,4.76,0,.86,.32,1.62,10.49,1.95,.76,10.27,4,2.59,3.68,2.59,2.49,3.24,2.16,1.95,6.59,1.51,1.62,4.43,0,.11,0
558,Bennett,1,1,1,2.23,1.84,0,1.89,.78,4.85,5.79,1.11,2.9,8.19,1.84,2.17,1.73,2.17,1.23,2.12,1,.89,4.96,4.23,2.67,2.06,0,0,.5
506,Wellstone,1,0,2,4.06,3.54,0,.39,1.05,1.44,7.6,2.75,1.57,10.22,2.49,3.41,2.36,2.23,3.8,1.83,1.31,.52,5.5,2.88,2.36,2.49,.13,0,.52
3,Ashcroft,1, ,1,.38,2.09,0,1.52,0,1.14,5.5,.57,1.52,5.69,4.93,3.8,.57,1.33,.95,1.9,.95,.38,4.55,1.9,.95,3.98,.57,.57,.57
242,Kennedy,1,0,2,.31,2.3,.08,.31,.15,2.07,3.15,1.38,.92,4.69,2.53,5.76,1.77,1.61,1.38,1.69,1.15,3.69,3.99,2,1.77,2.69,0,.31,1.31
391,Nickles,1,1,1,2.73,2.52,0,.63,1.26,1.89,8.4,1.05,1.89,8.19,2.1,2.94,5.25,1.26,1.47,1.68,1.05,.63,5.25,2.73,2.1,3.99,0,0,0
389,Nickles,1,1,1,.9,4.45,.68,.6,2.78,3.3,6.93,1.16,1.46,11.39,1.76,2.1,1.58,3.08,1.24,1.58,1.24,1.2,6.25,1.88,1.88,2.61,1.11,0,.56
33,Brownback,1,1,1,1.86,1.4,0,.47,.7,2.1,7.69,.23,.23,7.46,2.33,3.03,.23,1.63,0,.47,.23,.7,4.9,1.86,2.8,1.63,0,.7,.47
209,Helms,1,1,1,1.58,1.85,0,1.58,.53,2.11,6.6,.79,.53,10.82,.53,5.28,2.11,.79,1.85,1.85,1.06,0,5.54,1.58,.53,1.58,.53,.26,1.32
283,Lott,1,1,1,1.96,.52,0,3,1.04,2.74,8.22,1.04,1.31,10.31,2.74,1.96,2.87,1.17,1.31,2.48,1.83,1.04,4.31,1.57,1.83,1.83,.39,0,.13
321,Murkowski,1,1,1,.88,3.15,.81,1.41,.85,2.51,8.95,.85,1.06,9.76,1.17,1.2,1.8,1.87,1.27,1.73,.96,.64,4.56,1.17,1.31,1.27,.53,.07,.18
386,Byrd,1,0,2,2.34,.78,.42,.64,.64,1.49,7.65,1.27,1.84,6.23,2.27,1.2,.78,.42,.85,1.35,2.2,1.27,4.11,1.91,1.91,3.12,1.7,0,.64
105,Edwards,1,1,2,.58,3.01,0,.92,1.09,.83,5.43,2.25,.83,8.6,4.84,4.92,2,1.59,2.67,1.67,3.34,2,6.51,1.09,1.34,2.75,.33,.08,.33
27,Brownback,1,1,1,.57,1.42,0,1.99,.85,2.27,6.82,0,1.42,6.25,2.84,3.98,1.42,1.14,0,.28,.85,1.14,5.4,1.14,2.27,3.12,.28,0,1.14
318,Murkowski,1,1,1,.85,3.51,.09,1.71,.28,1.71,7.5,.95,1.14,7.5,1.42,2.37,3.61,1.9,1.99,2.28,.57,.66,5.98,2.37,2.37,1.61,1.23,0,.28
1,Bennett,1,1,1,2.64,1.78,0,2.21,.79,2.64,8.85,2.14,2.43,7.78,2.07,1.78,3.71,2.21,2.07,3.07,1.86,.64,5.07,3,2.64,2.28,.29,.29,.14
479,Shelby,1,1,1,.52,.78,0,1.52,.47,1.36,4.29,.73,1.15,5.8,1.62,4.44,2.72,3.14,.63,1.1,1.93,2.98,4.97,1.73,1.31,2.67,.37,.16,.31
206,Specter,1,1,1,.58,.23,0,.12,.58,2.42,3.23,.58,.23,3.46,.92,3,2.31,1.62,1.15,.92,.81,.23,3,.58,1.85,2.08,.23,.12,1.62
285,Helms,1,1,1,1.42,1.22,0,.61,1.22,.61,6.1,1.63,.81,8.74,2.03,2.64,.61,1.83,1.42,2.24,1.42,1.63,3.05,2.24,2.03,3.86,1.02,1.22,.2
187,Daschle,1,1,2,.46,1.77,0,1.21,.84,.84,5.48,1.21,1.12,9.11,3.25,3.53,2.7,2.79,1.49,1.02,2.79,1.39,5.39,1.12,1.95,4.46,.09,.46,0
508,Brownback,1,1,1,1.35,3.83,.7,1.78,.91,1.61,9.87,.74,1.74,10.17,2.35,3.65,1.7,1.26,1.48,2.43,.96,.57,7.09,3,2.52,1.83,.22,.22,.43
503,Jeffords,1,0,1,1.68,2.41,0,.88,0,1.02,5.7,1.61,1.39,5.41,3.14,5.04,1.68,1.75,2.85,2.12,1.17,1.83,5.48,3,2.34,4.97,.51,.07,.51
436,Kyl,1,1,1,1.92,3.36,0,1.32,1.08,3.84,10.2,.84,2.52,9.12,2.52,3.36,3.36,1.44,1.32,2.04,1.44,.72,4.08,3.6,1.56,2.28,.48,0,.36
475,Mikulski,1,0,2,3.84,1.63,0,.47,.7,.7,6.98,2.21,1.16,7.22,2.68,4.42,2.44,3.14,2.44,1.4,1.16,1.63,4.42,2.21,1.63,2.91,.58,0,.7
365,Specter,1,1,1,3.77,1.74,.29,.29,.43,2.32,5.65,.87,1.16,5.8,1.88,1.88,3.33,1.74,.87,3.33,1.16,1.16,3.33,2.9,1.74,1.88,.29,0,0
511,Nickles,1,1,1,1.82,2.07,.21,2.82,1.12,3.94,7.21,1.57,1.57,9.7,2.45,2.49,3.03,3.23,1.82,1.91,1.41,.46,4.48,2.07,2.49,2.9,.29,0,.29
358,Bennett,1,1,1,2.64,2.23,.05,1.52,.41,3.6,5.73,2.03,.91,8.62,2.28,1.47,3.5,2.48,1.37,2.54,2.13,.91,5.12,2.03,1.32,2.94,.15,.05,.3
284,Lott,1,1,1,1.54,2.91,0,0,.86,.34,7.19,1.37,1.37,7.19,3.77,1.37,2.57,1.03,.86,1.37,.68,1.88,4.28,1.88,2.57,2.57,.34,.34,.68
374,Hutchison,1,1,1,2.12,4.02,.23,.68,.15,2.88,7.66,.76,1.29,9.78,2.27,5.08,2.43,1.97,1.36,1.82,.61,1.82,6.14,1.52,1.59,3.11,.23,0,1.21
5,McCain,1,1,1,2.11,2.11,0,2,.35,2.11,5.87,1.29,.82,8.69,3.64,3.52,2.46,2.23,.7,1.06,2.35,2.35,5.05,1.29,1.76,5.05,.23,.12,.94
413,Levin,1,0,2,1.85,2.31,0,1.04,.23,1.5,6.47,1.5,1.39,6.24,2.31,3.82,2.89,3.47,1.27,1.97,1.39,.69,3.47,2.89,1.85,5.9,.46,.12,.69
252,Kerrey,1, ,2,1.16,2.03,.1,1.64,1.16,1.16,5.31,.58,.97,7.72,2.99,3.09,2.22,1.74,1.06,1.25,1.16,2.7,4.63,2.12,1.83,3.38,.68,0,.39
478,Conrad,1,0,2,2.2,3.48,0,1.18,.1,.87,5.99,2.25,1.33,6.71,2.61,4.76,2,3.48,2.82,2.15,1.23,1.38,5.02,2.92,1.28,3.18,.82,.1,.61
486,Feinstein,1,1,2,2.28,.48,0,1.32,.48,.96,7.09,.96,1.2,5.17,3.85,4.09,3.85,3.12,2.16,2.16,1.08,1.68,4.09,2.4,1.32,3.37,0,.12,.24
355,Byrd,1,0,2,.22,2.95,0,1.22,.67,.89,7.12,2.39,1.28,9.23,1.39,3.45,2.39,2.95,1.89,2.95,1.33,.89,4.78,2.56,1.5,3.17,1.17,0,1.5
110,Feingold,1,0,2,2.41,2.01,0,0,.27,.8,5.5,1.47,.54,4.83,3.35,3.35,4.16,2.82,2.28,2.28,1.34,.67,4.42,1.07,1.47,2.95,0,0,.27
320,Murkowski,1,1,1,2.41,4.54,.14,1.03,.89,2.06,7.43,.89,.96,10.39,1.86,1.79,2.13,1.58,1.03,2.06,1.24,.48,4.75,1.93,2.27,1.99,.55,.14,.21
369,Bayh,1,1,2,3.9,4.74,.22,1.02,.22,1.51,7.4,1.28,1.33,10.19,4.08,3.63,3.5,2.39,2.04,2.04,1.28,1.2,6.16,2.26,1.64,3.01,.04,.18,.71
16,Johnson,1,1,2,1.06,1.52,0,.12,.7,1.17,3.4,.7,.94,5.51,1.76,4.34,1.52,1.76,.82,1.52,1.64,.47,6.1,1.17,1.06,1.76,.7,0,.82
267,Leahy,1,0,2,1.08,1.4,0,1.21,.64,2.17,6.69,1.59,1.91,5.61,2.61,3.44,1.72,3.44,2.04,2.68,1.34,1.53,3.63,2.87,.45,3.25,.51,.06,.89
270,Leahy,1,0,2,.8,2.18,.06,.98,.17,1.32,6.15,1.21,1.55,8.97,2.87,4.2,2.41,2.47,2.01,2.99,.63,1.67,3.56,2.59,1.09,2.93,.8,.17,.8
527,Enzi,1,1,1,.87,4.69,0,1.66,.47,3,7.93,1.18,1.81,11.12,2.56,2.17,3.04,1.74,1.81,1.7,1.54,1.34,7.06,2.17,2.21,4.38,.24,0,.35
15,Bingaman,1,0,2,1.02,2.61,0,.91,.91,1.7,5.91,.8,.8,6.48,1.82,3.86,1.82,2.27,1.14,2.16,.68,1.7,3.86,2.84,2.27,2.95,.11,.11,1.02
518,Frist,1,1,1,.65,1.3,0,1.74,.85,1.69,5.28,1.05,.8,6.93,2.19,7.13,1.65,2.09,1.3,1.25,1,.95,4.89,1.65,.9,2.59,.6,.1,1.4
275,Levin,1,0,2,.58,2,.06,.39,.65,2.78,5.43,1.68,1.68,7.3,3.88,3.75,1.94,2.2,2.2,2,.84,1.87,4.84,3.1,1.42,2,.06,0,.58
481,Edwards,1,1,2,.78,2.94,0,1.65,.35,.69,7.01,2.16,1.21,8.4,4.42,4.33,3.2,2.25,2.68,2.16,2.34,2.6,5.02,1.73,1.56,3.29,.26,0,.35
427,Boxer,1,0,2,2.18,1.85,.25,1.34,.67,1.93,8.98,2.01,2.18,8.22,2.18,3.02,3.52,2.01,2.43,2.85,1.17,1.26,3.19,2.85,2.85,2.18,.34,.08,.67
411,Dayton,1,0,2,2.01,2.46,.06,.65,.58,2.26,6.4,2.46,1.62,6.47,2.98,2.2,3.82,2.59,1.81,2.72,1.36,.84,4.27,2.98,1.36,2.98,.32,.45,.97
428,Sarbanes,1,0,2,3.38,.65,.26,1.43,.26,2.34,7.27,.78,.65,5.97,1.95,1.56,3.38,2.6,2.08,1.95,1.04,.78,3.51,1.95,1.82,3.9,.13,0,.65
473,Ensign,1,1,1,.49,3.67,0,2.1,.74,1.53,7.3,1.2,1.15,10.06,2.56,6.72,2.1,1.77,1.28,1.28,1.57,1.24,4.95,1.57,1.69,2.64,.45,.45,1.03
510,Wyden,1,0,2,3.56,1.48,0,.89,.36,2.13,6.99,.65,1.48,5.16,3.44,4.03,3.08,1.3,.89,1.96,1.6,1.96,3.14,2.31,.77,2.85,.36,.3,.47
520,Levin,1,0,2,1.14,3.05,.18,.39,.28,1.14,6.07,1.56,1.67,7.14,2.2,3.51,2.84,3.44,2.63,2.56,.99,1.46,4.72,3.62,2.2,2.63,.07,.11,.25
240,Kennedy,1,0,2,.17,3.01,0,.51,1.24,1.3,5.97,1.52,1.32,8.54,3.21,4.62,1.77,2.06,1.44,1.8,2.08,1.1,4.42,2.31,1.04,2.59,.73,.59,1.77
512,Helms,1,1,1,1.02,1.53,0,1.15,0,1.02,4.47,1.4,1.28,5.62,2.68,4.09,1.28,1.15,1.79,1.53,1.79,1.53,4.09,.89,1.53,3.7,.51,.51,.38
468,Kohl,1,1,2,2.6,2.32,0,1.5,.27,.27,8.06,1.37,1.64,6.69,3.42,4.51,2.87,2.46,1.09,1.78,1.09,1.23,4.78,1.91,1.64,5.19,.27,0,.82
469,Schumer,1,1,2,2.84,3.82,0,.82,.71,.93,7.05,2.46,1.42,8.41,2.62,5.08,2.89,1.69,2.35,2.13,1.8,1.47,6.23,1.97,1.75,2.84,.76,.38,.82
227,Gregg,1,1,1,.91,3.8,.62,.17,.95,1.12,7.97,1.24,1.4,8.22,2.27,2.4,2.48,3.06,1.24,2.35,1.57,.45,5.87,2.48,2.35,2.4,.08,.37,.17
485,McConnell,1,1,1,.68,1.71,0,.77,.43,.94,5.47,1.11,.77,6.75,1.79,7.01,1.97,1.88,1.11,1.79,1.11,1.28,4.44,1.88,1.03,2.82,0,0,.77
11,Biden,1,1,2,1.42,3.29,.08,.61,2.23,1.34,7.07,1.84,1.95,10.41,2.53,3.17,2.56,2.03,2.31,2.45,1.09,.81,5.21,3.06,1.56,2.14,.81,.42,.67
23,Bond,1,1,1,1.16,3.26,0,.63,.63,2.52,6.41,1.26,.74,7.78,2,4.63,2.42,2,1.37,.95,1.16,.84,6.62,1.26,2.84,2.94,0,.11,.42
207,Dorgan,1,1,2,1.33,.67,.12,1.09,1.09,3.69,3.99,1.33,.91,8.23,1.51,3.45,1.75,1.27,1.39,1.21,.97,.48,4.54,1.33,2.18,2.12,0,0,1.57
471,Sessions,1,1,1,1.12,3.2,.13,1.79,.61,1.02,7.36,1.73,1.6,8.58,4.29,3.42,2.53,3.26,1.5,2.14,2.08,1.6,4.54,2.94,1.76,3.52,.26,.26,.64
42,Kennedy,1,0,2,.82,2.58,.04,.78,.23,1.4,4.96,2.11,.94,6.16,3.08,4.64,1.83,1.87,1.21,1.64,1.29,.86,3.86,1.72,1.29,2.73,.27,.23,1.6
474,"Graham, FL",1,0,2,1.86,2.99,.11,.28,.96,1.13,4.92,1.86,.79,7.4,1.69,5.59,2.26,2.09,1.81,1.47,1.02,1.19,4.52,1.3,1.98,3.62,0,.06,1.02
488,Murkowski,1,1,1,.32,3.28,0,.88,.4,1.28,6.55,1.52,1.68,7.35,2.08,5.6,2,2.8,1.68,1.44,1.52,2.08,4.64,2.72,1.6,2.16,.64,.08,.32
41,Byrd,1,0,2,1.87,1.13,0,2.38,.57,1.19,6.8,1.19,.85,8.22,2.21,3.68,1.93,1.42,1.25,2.15,.91,.96,3.97,1.81,1.42,3.4,.06,.28,1.08
480,Dorgan,1,1,2,1.93,1.79,0,.5,.36,.79,6.71,1.36,.43,4.71,2.29,5.36,2.57,3.43,1.71,1.71,.71,1.93,3.93,1.21,1.43,3.29,.29,.07,.43
476,"Smith, NH",1,1,1,2.14,2.58,.25,1.95,.88,3.46,8.62,1.01,2.14,8.43,1.64,4.66,1.76,1.64,1.51,2.08,.88,.69,5.1,2.83,1.51,2.33,.38,.25,1.32
439,Specter,1,1,1,1.57,2.51,0,.73,.84,2.72,7.53,1.26,.42,6.9,1.88,2.09,2.62,1.26,1.57,1.26,1.05,.73,5.44,.94,3.03,2.41,.1,.1,.21
483,"Smith, OR",1,1,1,2.21,2.01,.1,1.71,.3,1.81,5.83,1.31,1.01,7.44,2.91,5.43,2.61,1.31,1.71,1.01,1.91,1.31,4.32,2.01,1.21,2.51,.5,.2,.8
414,Bingaman,1,0,2,1.36,3.35,.28,.46,.5,.99,7.04,1.67,1.89,7.87,2.05,4.15,3.01,3.07,2.76,2.23,1.49,2.29,4.99,3.22,1.83,2.91,.09,0,.25
525,Thompson,1,1,1,1.35,4.67,.12,1.56,1.23,3.9,9.68,1.35,1.72,11.56,1.8,2.83,2.62,1.44,2.09,2.3,1.85,.82,6.19,3.08,1.93,1.48,.49,.08,.33
484,Harkin,1,1,2,1.57,1.85,0,1.3,.46,1.48,3.8,.93,.65,7.04,2.96,4.07,2.69,2.78,.93,1.11,1.76,1.94,6.48,1.39,1.3,3.52,.19,0,.65
230,Hutchinson,1,1,1,1.5,4.57,.08,1.42,1.1,1.73,9.3,1.34,.79,12.06,3.23,1.89,1.58,1.73,2.05,1.34,1.34,1.34,6.78,1.58,1.89,3.31,.24,0,.39
509,Burns,1,1,1,1.81,2.98,.13,2.01,.52,1.36,7.9,1.1,1.94,10.42,2.52,4.21,2.27,1.94,1.29,1.36,1.42,.97,5.63,1.94,1.36,2.07,.39,.26,.45
501,Gregg,1,1,1,1.12,3.61,.12,1.66,.95,2.72,8.52,1.24,.95,10.18,1.89,4.73,2.13,2.66,1.83,2.43,1.01,.71,6.15,2.72,1.72,3.14,.06,.12,1.18
210,Feinstein,1,1,2,1.4,2.96,0,.43,.59,1.13,5.54,1.83,1.08,6.57,1.51,4.25,2.48,1.61,1.29,2.15,.97,.7,5.81,1.88,1.94,2.37,.38,.32,1.08
523,Chafee,1,0,1,1.78,1.78,.18,0,.71,1.6,5.34,.89,.53,8.36,4.09,3.02,3.02,1.78,1.25,.89,1.42,1.6,4.98,.53,1.78,2.85,0,.53,.18
581,Feinstein,1,1, ,1.39,2.93,0,.43,.59,1.12,5.6,1.81,1.12,6.56,1.49,4.32,2.45,1.6,1.28,2.13,.96,.69,5.76,1.92,1.92,2.4,.37,.32,1.12
515,Dodd,1,1,2,2.97,1.88,.03,.49,.49,1.64,6.94,1.61,1.52,6.55,3.49,3.24,3.85,1.82,2.58,2.88,2.18,1,3.79,2.94,1.46,3.46,.15,0,.27
7,Bennett,1,1,1,.99,2.91,0,.64,1.06,2.56,5.46,1.77,1.77,8.45,2.7,3.19,1.63,1.49,1.49,2.34,1.49,.92,5.04,2.7,2.77,3.69,.5,.21,.92
507,Kennedy,1,0,2,.99,2.91,.14,1.1,.78,1.38,6.63,1.6,1.31,8.12,2.59,4.65,2.52,2.34,1.42,2.2,1.06,2.06,4.54,2.55,1.31,3.33,.32,.11,1.81
514,Hagel,1,1,1,.67,3.12,0,.11,.17,.61,5.07,1.95,1.67,5.96,3.29,2.28,2.84,2.45,1.67,1.78,1.78,1.39,6.18,1.95,1.95,3.51,.5,.17,.45
526,Murray,1,0,2,1.85,4.49,.08,.17,.71,1.89,7.59,1.38,1.51,9.44,2.39,4.07,3.4,1.8,1.38,2.1,1.55,.8,5.79,2.22,1.8,3.27,.59,.04,.88
256,Kyl,1,1,1,.94,1.76,.3,1.28,.56,2.27,5.95,1.33,1.46,6.68,2.61,2.05,1.46,2.48,2.27,2.53,.98,1.16,4.62,3,1.24,2.44,.26,.09,.09
464,"Clinton, H.",1,1,2,1.4,2.03,0,1.49,.32,1.62,5.73,1.53,.95,6.63,3.7,4.24,2.07,2.93,2.17,2.44,1.58,1.94,5.59,1.62,1.85,4.1,.27,.32,.54
528,Reed,1,0,2,.33,2.19,0,.72,.85,.83,4.59,1.7,.89,5.62,2.19,5.09,2.4,2.96,1.39,2.67,1.24,1.3,3.85,2.3,1.18,3.66,.66,.25,.83
186,Lott,1,1,1,1.97,3.05,.25,.84,.84,1.97,9.43,1.52,1.52,8.8,1.87,2.36,2.8,2.85,2.21,1.72,1.97,.54,6.49,2.11,2.75,2.46,.25,.05,.2
370,Craig,1,1,1,1.59,3.18,.06,.53,.24,2.24,5.9,1.24,.71,6.43,2.89,2.71,1.95,2.36,1.42,.94,2.06,1.89,6.54,1.06,1.42,2.83,.24,.06,.12
296,McCain,1,1,1,1.36,2.15,0,.34,0,.68,5.56,2.15,1.59,5.33,2.83,2.95,2.15,2.27,2.27,1.7,2.38,1.59,5.1,2.38,1.13,2.49,.23,.34,.11
208,Murkowski,1,1,1,1.59,.86,0,.98,.31,.79,4.89,1.04,.61,5.2,2.63,1.53,2.87,2.81,1.1,.92,1.71,1.53,3.24,.73,2.02,3.24,1.34,0,.43
455,Wellstone,1,0,2,1.84,2.25,0,.36,.3,1.24,4.92,2.02,.71,5.33,2.79,4.62,2.49,2.31,2.55,1.42,1.19,.95,4.86,1.07,1.66,3.44,.47,0,.83
184,Feingold,1,0,2,1.23,2.11,0,.2,.48,.75,6.88,1.84,1.43,6.26,2.93,3.88,2.31,2.59,1.7,3.27,1.36,1.84,4.08,2.79,1.84,3,.07,.07,.14
519,Domenici,1,1,1,2.54,3.67,.28,1.07,.34,1.75,8.52,1.3,1.35,9.59,2.37,3.16,3.22,2.2,2.14,2.2,1.81,1.19,4.63,2.37,1.69,4.68,.23,0,.45
404,McCain,1,1,1,.88,2.22,.03,1.67,.81,1.56,5.12,1.77,1.6,8.3,3.54,4.52,2.36,2.27,1.79,1.91,1.03,2.23,3.68,2.66,1.29,3.2,.34,.24,.52
357,Cleland,1,1,2,2.37,3.14,0,.77,1.12,1.33,7.4,.56,.84,8.1,2.86,3.28,2.44,2.65,.98,1.68,1.4,1.75,5.52,1.68,1.47,1.89,1.33,0,.56
530,Inhofe,1,1,1,1.77,2.89,.23,1.97,.95,3.58,7.62,1.08,1.58,10.61,2.59,2.23,2.56,1.48,1.35,1.54,1.05,1.22,4.4,1.9,1.54,2.1,.23,.16,.3
281,Lieberman,1,1,2,1.57,1.05,0,1.05,.52,1.05,5.59,1.05,.87,5.77,4.9,2.45,3.15,1.57,1.22,1.57,1.57,1.75,4.37,1.4,1.57,2.62,0,0,.52
218,Frist,1,1,1,.58,2.49,.25,1.08,.83,2.16,4.32,1.58,1.91,8.13,3.4,4.07,1.16,2.16,1.99,2.32,1.41,1,4.65,2.82,1.91,3.07,.33,.25,.66
17,Akaka,1,0,2,.32,2.24,0,0,.32,1.44,3.68,.96,.48,4.96,2.56,3.84,2.08,2.4,1.44,1.92,1.28,1.76,5.76,1.76,.96,3.68,.16,.16,.48
487,Landrieu,1,1,2,.58,1.62,.23,1.68,.1,1.65,4.79,1.2,1.26,7.12,2.62,3.69,3.17,2.85,1.94,1.49,1.42,1.17,4.27,1.85,1.39,3.63,.19,.19,.97
470,Rockefeller,1,1,2,1.32,3.18,0,1.11,.37,1.32,6.89,2.02,1.44,7.76,2.35,5.36,2.97,2.27,1.98,2.72,1.86,.87,4.87,3.01,1.49,3.18,.29,.25,.45
212,Feinstein,1,1,2,1.11,2.71,.15,.97,.44,1.06,6.82,2.23,1.94,7.79,2.56,3.82,2.08,2.32,2.52,2.61,1.89,1.26,5.76,2.71,1.79,2.66,.19,.24,1.26
382,Murkowski,1,1,1,1.51,.87,.06,.64,.46,1.51,4.82,1.16,.58,5.23,2.15,1.51,2.56,3.02,1.05,.99,1.22,1.63,2.91,1.34,2.09,3.02,1.57,0,.17
366,Lieberman,1,1,2,1.54,2.38,.45,1.33,.31,2.38,8.04,.56,.98,8.29,2.73,3.39,2.59,2.2,.94,2.13,1.05,1.57,4.76,1.92,1.22,3.32,.45,.17,.77
368,Warner,1,1,1,2.51,2.33,.41,1.23,.23,1.92,6.43,1.46,1.51,8.17,2.51,1.64,2.01,1.46,1.14,2.24,1.78,.96,5.02,2.65,1.64,2.65,.36,.14,.05
376,Lieberman,1,1,2,2.14,1.51,.42,.92,.38,1.26,6.37,.67,.84,7.29,2.51,2.51,3.43,1.76,1.21,2.14,1.55,1.3,3.6,2.22,1.34,2.76,.34,.13,.25
408,Specter,1,1,1,2.14,1.34,.1,.83,.1,2.52,7.41,1.31,1.57,4.67,2.14,2.91,3.68,2.4,1.63,2.27,1.18,1.41,3.07,2.33,1.34,3.55,.13,.06,.74
44,Byrd,1,0,2,.98,.98,.26,.98,.43,1.84,6.93,1.46,.98,6.89,1.58,2.53,2.44,1.88,1.63,2.14,1.41,.86,3.08,2.01,1.11,3.08,.47,0,.56
371,Byrd,1,0,2,3.13,2.12,.3,.91,1.28,1.45,9.97,1.45,1.52,8.69,2.26,1.58,2.9,.91,1.72,2.63,1.11,.64,4.01,2.39,1.85,1.55,.57,.07,.27
45,Byrd,1,0,2,1.11,1.31,.1,.48,.39,2.61,4.89,1.06,1.16,5.66,1.31,3.44,2.71,1.4,1.21,1.98,.73,1.31,4.65,1.65,1.26,2.08,.19,.24,.68
500,Mikulski,1,0,2,3.04,2.43,.28,.5,.77,.94,9.05,1.43,1.16,8.17,3.59,4.25,3.04,2.54,1.66,1.82,.99,1.43,4.58,1.93,1.38,2.92,.33,.22,.83
373,Feingold,1,0,2,2.54,2.97,.03,.33,.63,1.38,7.15,.76,1.68,8.37,2.44,4.28,2.5,1.78,1.55,2.64,1.48,1.12,5.3,2.57,1.45,2.67,.23,.1,.36
261,Kyl,1,1,1,1.2,1.7,.39,1.36,1.07,2.64,8.08,1.2,1.83,7.66,2.88,1.96,2.75,2.35,2.3,2.67,1.44,.78,4.31,2.98,2.09,2.54,.24,.18,.13
188,Biden,1,1,2,.72,1.89,0,.61,.22,1.34,5.57,1.56,.95,6.91,3.29,3.29,3.29,3.06,1.73,2.12,1.67,2.34,3.79,1.84,1.56,3.34,.39,.06,.45
251,Kerrey,1, ,2,1.53,2.64,.11,.37,.58,3.16,5.01,.9,.63,8.38,2.79,3.06,1.27,2.06,1.27,1.21,.79,1.42,4.69,1.27,1.58,2.37,1.37,.79,.58
43,McCain,1,1,1,2.21,2.01,.13,.84,.45,2.86,4.74,1.62,1.23,7.86,2.99,3.12,2.4,2.08,1.49,2.21,.91,1.23,4.42,1.82,1.23,2.4,.32,.13,.26
250,Kerrey,1, ,2,.46,3.55,.15,.77,.51,1.18,5.19,1.85,.87,8.68,3.6,3.19,1.64,2.06,2.47,1.9,1.44,1.03,5.81,1.85,1.28,3.44,1.49,.05,.67
524,Hutchinson,1,1,1,1.17,2.02,.04,1.21,.7,2.57,6.52,.81,1.06,7.55,1.98,5.28,2.42,1.5,1.03,1.1,1.65,.88,4.4,1.25,1.47,2.38,.4,.11,.88
529,Corzine,1,0,2,1.66,2.93,.06,.5,.39,1.38,4.64,1.82,.88,7.63,2.87,3.76,3.1,1.66,1.44,1.93,1.49,1.44,4.59,1.6,1.88,2.54,.5,.22,.55
425,Specter,1,1,1,3.5,1.86,0,1.22,.5,2.93,6.93,1.07,1,6.79,3.22,1.57,2.57,1.64,1.43,1.86,.86,.43,4.86,2.22,1.72,2.86,.43,.64,.21
280,Lieberman,1,1,2,1.32,1.87,0,1.6,.55,1.8,3.95,1.39,.83,7.28,3.47,3.68,2.01,2.01,1.04,1.6,1.8,1.46,5.27,1.8,2.08,4.02,.28,.21,.42
78,Dayton,1,0,2,1.23,3.56,.07,1.31,.94,2.76,5.73,1.16,1.6,8.78,1.6,3.92,1.96,2.25,1.74,2.39,1.09,1.16,5.37,2.47,1.31,3.05,.44,.07,.36
379,"Graham, FL",1,0,2,2.07,2.55,.33,.81,.63,1.77,7.52,.86,1.01,8.28,1.92,4.06,1.92,2.3,1.03,1.41,.61,1.16,4.47,1.56,1.77,4.11,.15,.15,.5
85,Dodd,1,1,2,2.56,3.25,.04,.31,.73,2.29,7.37,1.72,1.76,8.33,3.36,2.67,2.87,1.57,2.37,2.29,1.53,.92,5.27,2.37,1.72,4.39,.38,.15,.04
190,Lieberman,1,1,2,1.5,2.96,.36,.83,.36,1.66,6.59,1.24,1.35,7.52,3.27,3.32,2.02,2.7,1.19,2.7,1.4,.73,5.24,2.49,1.92,3.16,.26,.05,.47
522,Sarbanes,1,0,2,1.32,3.73,.12,.27,.35,1.47,6.71,1.32,1.01,7.53,3.38,2.29,3.03,2.44,1.86,2.13,1.59,.85,5.74,2.1,2.21,4.62,.31,0,.23
410,Daschle,1,1,2,.98,3.07,0,.85,.77,1.32,7.12,1.49,1.62,8.1,2.9,4.13,3.2,2.6,2.47,2.13,1.28,1.15,5.46,2.05,1.83,4.01,.34,.21,.68
466,Collins,1,1,1,1.36,1.16,0,.97,.34,.97,4.12,.87,.53,4.46,3.3,4.9,2.62,2.47,1.16,1.45,1.41,1.36,3.98,1.45,.73,3.64,.48,.19,.63
385,Nelson,1,1,2,1.81,2.44,0,.21,.49,1.46,5.92,1.67,.35,6.13,2.44,2.37,1.88,1.67,1.46,1.95,1.39,1.6,4.25,1.05,2.23,2.44,.56,.07,.7
367,McCain,1,1,1,1.58,1.63,0,1.13,.27,1.49,5.51,1.31,1.13,7.23,3.62,3.16,3.25,1.67,1.04,1.54,1.67,2.21,3.57,1.49,1.17,3.43,.27,.14,.14
241,Specter,1,1,1,1.61,1.27,0,.52,.17,1.61,5.41,1.5,1.15,4.03,1.5,2.65,1.78,2.19,1.96,2.42,.86,.98,3.74,2.19,1.44,2.93,.12,.35,.92
405,Biden,1,1,2,2.23,2.24,.22,1.82,.75,2.41,7.82,2.01,1.91,9.03,2.41,3.82,2.41,2.68,2.73,2.3,1.88,1.02,5.18,3.02,1.77,3.07,.61,.26,.61
273,Levin,1,0,2,.56,2.25,.07,.07,.91,1.69,4.86,.77,1.27,6.19,2.46,2.32,2.81,1.9,1.13,1.55,1.48,1.34,4.86,2.04,1.27,2.81,.07,0,.14
431,Akaka,1,0,2,.43,2.06,0,.51,.51,1.16,4.89,1.46,.94,5.57,2.49,4.54,1.37,1.89,1.54,1.84,1.71,1.24,3.86,1.93,1.03,3.3,.86,0,1.37
224,Grams,1, ,1,1.22,1.65,0,1.08,.99,1.98,5.27,1.32,1.03,6.54,1.98,2.87,2.02,2.45,1.83,1.65,.94,1.79,3.67,2.35,1.65,3.72,.38,0,.47
502,Allard,1,1,1,2.07,2.07,0,1.17,.45,.77,7.35,1.22,1.04,7.26,1.98,2.34,2.7,2.21,1.89,1.76,1.04,.99,4.73,1.26,1.89,2.75,.32,.09,.18
433,Durbin,1,0,2,2.04,3.74,.5,.55,.44,2.5,7.66,.99,1.49,9.43,2.27,3.69,2.3,1.9,1.65,1.81,1.13,.64,5.4,2.55,2.2,2.76,.21,.05,.78
381,McCain,1,1,1,2.3,2.19,.04,1.53,.4,1.93,6.06,1.06,1.46,9.19,2.48,4.01,2.7,1.61,1.39,2.12,1.9,1.5,4.2,2.37,1.35,2.74,.33,.07,.36
51,Cleland,1,1,2,1.62,2.2,.29,.29,.13,1.78,4.08,.78,.81,6.03,3.31,2.53,2.53,1.94,1.17,1.3,1.46,1.46,4.57,1.17,1.49,4.15,.58,.03,.62
477,Cantwell,1,1,2,1.21,2.79,0,.98,.23,2.1,5.26,1.54,1.21,7.27,3.26,4.15,2.33,2.05,2.33,1.72,1.82,1.63,5.96,2.24,1.91,4.24,.47,.09,.37
361,Allen,1,1,1,1.66,2.15,0,.74,.48,.48,6.39,1.23,1.01,6.79,3.42,2.67,3.37,2.36,1.4,1.49,1.75,1.44,5.47,2.06,1.49,3.81,.22,.13,.26
407,Warner,1,1,1,2.79,1.5,.05,.81,.48,2.26,5.27,1.02,1.24,5.7,2.36,2.26,2.63,1.88,1.13,1.34,1.29,1.02,3.39,1.67,1.5,4.19,.27,0,.59
362,Stevens,1,1,1,1.71,3.25,.21,1.58,.81,2.65,7.22,1.5,1.03,8.63,2.09,4.27,1.96,2.01,1.67,1.84,1.96,.9,5.08,1.71,1.92,2.14,.3,.09,.81
99,Durbin,1,0,2,1.72,3.37,.2,.52,1.12,1.72,7.5,1.48,1.32,8.46,3.25,2.33,2.69,1.4,1.08,1.76,1.08,1.08,4.93,2.13,1.72,2.89,.2,.2,.32
356,Warner,1,1,1,3.87,1.78,.24,.97,.36,1.95,6.39,.78,.78,6.94,3.06,1.52,2.9,1.57,1.19,2.09,1.31,.74,4.63,1.83,1.57,2.73,.19,.1,.14
398,Roberts,1,1,1,.84,1.74,.06,.81,.41,1.28,5.69,1.71,1.36,6.82,2.41,3.25,2,2.26,1.1,1.97,1.45,1.54,4.99,2.03,1.83,3.95,.49,.29,.46
402,Kennedy,1,0,2,.75,2.3,0,1.06,.6,1.39,4.72,1.59,1.36,6.79,2.94,5.82,1.98,1.98,1.55,2.01,1.3,1.26,4.63,2.22,1.32,3.32,.31,.17,1.21
516,Roberts,1,1,1,1.82,2.77,.19,1,.67,1.34,6.98,1.34,1.29,7.79,2.53,3.68,3.39,1.91,1.77,2.82,1.86,.76,4.64,2.63,1.43,2.72,.62,.19,.43
191,Levin,1,0,2,.73,.83,0,1.25,.73,1.98,4.99,1.14,.83,6.55,3.33,2.91,2.18,2.39,1.46,1.14,1.46,2.08,4.16,1.25,1.25,3.22,.42,.1,.1
259,Kyl,1,1,1,1.44,1.4,.21,.76,.38,2.41,7.02,1.35,.93,6.43,2.58,2.03,2.5,2.33,1.73,2.28,.8,.97,4.23,2.24,1.95,3,.42,0,.3
472,Carper,1,1,2,1.53,3.4,0,1.02,.81,1.53,5.65,1.66,.98,8.15,3.18,3.65,2,2.21,1.91,2.12,1.32,.76,5.56,2,1.61,3.61,.47,.08,.72
504,Lieberman,1,1,2,1.86,1.91,0,1.02,.37,2.88,5.88,.5,1.12,7.14,2.41,2.88,2.72,2.2,.71,1.62,.94,1.1,4.55,2.12,1.78,3.48,.42,.03,.73
465,Dewine,1,1,1,1.58,2.93,.13,1.26,.44,2.11,7.09,1.45,1.45,8.32,2.33,3.5,2.99,2.52,1.77,1.29,1.8,.76,5.64,1.99,2.02,3.72,.82,.28,.88
377,Leahy,1,0,2,1.83,2.39,.1,.76,.8,2.26,7.38,1.16,1.46,8.11,2.13,2.99,3.32,2.69,1.96,2.33,.83,.96,4.32,2.63,1.8,3.59,.63,.03,.6
406,Byrd,1,0,2,2.87,2.12,.31,1.51,.99,2.44,8.05,1.6,1.54,9.91,2.57,2.52,2.69,1.55,1.78,1.69,1.21,1.32,4.55,1.95,1.6,2.62,.56,.29,.67
359,Kyl,1,1,1,.72,2.56,.03,.89,.5,1.25,6.44,1.39,1.37,6.66,2.15,3.99,2.29,2.93,1.62,2.12,1.51,1.53,4.6,1.92,2.12,2.68,.36,.11,.36
363,Hatch,1,1,1,1.62,2.76,.16,1.07,.65,1.85,5.55,1.72,1.46,8.27,2.47,3.57,2.69,2.04,1.82,1.62,1.98,1.3,5.39,1.98,1.14,2.63,.42,.52,.32
378,Grassley,1,1,1,2.19,1.44,.11,.53,.32,1.76,5.35,.86,.91,5.88,2.62,3.9,2.73,1.93,1.07,2.19,1.23,1.82,3.48,1.87,1.18,2.83,.37,.11,.48
490,Fitzgerald,1,1,1,.8,2,0,.94,.4,1.07,4.61,1.27,.94,6.28,2.94,4.34,1.47,1.67,1.34,1.27,.94,1.8,4.54,1.67,1.14,2.87,.27,.67,.6
364,Nelson,1,1,2,1.32,2.01,.04,1.24,.54,1.63,4.96,1.66,.81,7.08,3.37,3.56,2.05,1.97,1.7,1.05,1.86,1.7,5.42,1.36,1.82,3.52,.35,.08,.7
295,McCain,1,1,1,.71,1.85,0,.64,.5,1.35,4.97,1.63,.99,5.32,2.91,3.26,1.49,2.13,1.7,1.63,1.85,1.06,4.54,1.7,1.92,2.7,.43,.14,.5
22,Bond,1,1,1,1.65,2.27,0,.67,.67,2.16,6.13,1.29,1.08,7.01,2.22,3.61,2.06,2.11,1.6,2.01,1.75,.77,5.15,1.91,1.55,2.22,.57,0,.36
513,Kerry,1,1,2,1.19,2.1,.05,1.24,.78,1.67,5.92,1.23,1.3,7.22,2.44,4.2,2.38,2.84,1.6,2.08,1.55,1.19,4.82,2.04,1.48,3.48,.37,.11,.85
268,Leahy,1,0,2,1.27,1.99,0,.72,.72,1.88,5.47,1.11,1.44,7.08,2.21,3.98,1.82,1.55,1.44,1.49,1.38,1.16,4.7,1.88,1.22,2.16,.44,.17,1
403,Lieberman,1,1,2,1.9,2.39,.21,.93,.26,1.46,7.01,1.22,.95,6.96,2.17,3.27,2.38,2.48,1.57,2,1.31,1.4,4.77,2.08,1.77,2.88,.34,.24,.53
448,Nickles,2,0,1,3.74,3.49,0,1.25,2.24,3.49,7.73,.75,1.5,12.47,2.99,.5,2.24,.75,1.75,3.49,1,1.5,8.48,2,2.24,4.24,1,0,0
293,Domenici,2,0,1,2.63,3.37,1.15,.58,1.15,1.56,10.35,1.89,3.78,11.5,1.81,1.64,2.22,1.81,1.48,2.71,.82,.49,4.35,4.6,1.81,2.79,.58,0,.66
89,Hutchison,2,0,1,1.6,6.09,.32,.64,.8,4.65,10.42,.64,2.08,13.14,1.28,1.28,1.92,1.76,1.6,1.76,1.12,1.76,8.33,2.72,1.92,3.53,.48,0,0
390,Nickles,2,0,1,5.32,2.39,0,1.47,1.65,2.2,11.74,.92,2.02,9.72,1.1,.37,2.02,.92,1.83,2.75,.92,0,4.22,3.67,1.1,2.02,1.65,0,0
288,Gorton,2,0,1,1.24,2.35,.28,.14,.41,.55,5.95,1.24,2.49,5.67,2.63,2.49,1.8,3.73,1.8,1.66,.97,.41,4.56,3.04,1.52,2.9,1.24,0,1.66
231,Hutchinson,2,0,1,2.38,4.1,.13,.13,0,.66,11.11,1.46,.93,8.86,4.1,.4,3.31,1.06,2.38,3.44,2.12,.53,6.61,2.91,2.51,3.31,.26,0,.13
316,Murkowski,2,0,1,2.34,6.25,0,0,.2,.98,7.62,1.37,1.76,10.94,2.54,1.76,3.12,.78,1.95,2.15,1.56,.78,7.03,3.52,2.34,2.73,.2,0,.39
226,Grams,2,0,1,2.65,1.93,0,.48,.96,.96,7.71,.96,2.65,8.19,3.86,1.69,1.2,3.37,1.2,1.2,1.45,1.93,4.58,3.13,1.93,4.58,0,0,.24
291,Brownback,2,0,1,3.07,2.79,.28,0,.56,2.09,10.75,.98,1.96,9.78,3.35,2.37,2.37,.42,2.37,3.63,0,.84,5.59,3.91,1.82,2.23,0,0,.28
246,Dorgan,2,1,2,4.8,1.47,.29,.69,0,3.04,6.95,1.57,.98,9.3,2.35,1.18,2.25,.78,1.67,2.35,2.06,1.37,3.43,2.25,.98,1.96,0,0,.2
440,Specter,2,1,1,4.4,.96,0,0,0,3.06,7.65,.57,1.15,5.16,1.72,.76,3.06,2.49,.38,1.72,.38,.19,2.29,1.91,1.34,2.68,.19,0,.57
287,Nickles,2,0,1,3.59,2.94,.64,.89,1.37,2.42,8.66,1.97,1.65,10.07,3.75,2.58,1.85,2.22,2.26,3.14,.44,.73,4.67,2.22,1.89,1.93,0,.04,.6
53,Bennett,2,0,1,2.02,2.49,.42,2.25,.59,3.2,6.23,1.01,1.9,9.61,2.14,3.2,1.72,1.84,1.07,1.3,1.25,.77,4.69,2.25,3.14,3.26,0,.06,1.72
286,Inhofe,2,0,1,1.58,3,.33,.25,1.25,2.25,7.74,1,2.33,10.73,3.08,4.24,1.33,1.16,1.41,2,1.66,1.41,5.99,2,1.83,1.75,.17,.33,1.16
111,Feingold,2,0,2,1.75,.32,0,0,1.11,3.18,4.13,.64,.16,6.52,2.23,3.34,1.27,2.07,.64,1.75,.64,.95,3.66,.64,1.75,2.86,.64,0,1.75
446,Warner,2,1,1,2.74,1.37,0,0,.34,1.88,4.97,.68,.68,4.97,1.03,1.2,1.03,2.91,1.54,1.37,1.71,1.54,4.79,1.88,1.54,2.74,.86,.17,0
249,Warner,2,1,1,3.53,2.65,.51,.15,.66,1.4,7.27,.96,.66,8.23,3.97,2.06,1.32,1.98,1.98,2.5,1.91,.44,5,2.06,2.79,2.5,.22,0,.07
202,Snowe,2,1,1,.68,2.05,0,.11,.34,1.14,2.16,.23,.34,5.92,3.64,2.05,1.14,1.71,.46,1.02,1.93,.68,4.21,.8,1.59,2.96,3.3,.11,0
245,Hutchison,2,0,1,2.1,4.96,.16,.69,.56,1.48,10.94,1.77,2.3,9.62,3.09,1.15,2.2,1.81,2.43,2.2,1.9,.82,7.22,3.91,2.66,2.73,.36,.03,.26
55,Biden,2,1,2,.21,1.05,0,.21,.84,1.68,2.74,.63,0,5.47,1.47,2.95,.42,2.74,1.68,.21,1.05,1.68,4,.21,2.32,2.53,.42,.42,.84
426,Specter,2,1,1,1.34,1.42,0,.32,.24,2.29,5.14,1.03,1.11,5.38,1.98,1.5,2.92,2.69,1.26,1.03,.63,.63,3.24,1.98,1.26,4.19,.08,0,.32
228,Gregg,2,0,1,1.68,2.46,.09,.09,.91,2.28,8.74,.86,1.73,6.65,1.46,2.41,3.05,3.46,1.37,2.87,1.46,.5,4.69,2.82,2.18,2.32,.5,.18,.68
222,Gorton,2,0,1,1.35,2.7,.3,0,.6,1.05,5.4,1.5,1.8,7.05,2.85,1.8,1.8,2.55,1.8,1.95,1.65,.9,6.3,2.55,1.05,3,.75,.15,1.2
290,Bunning,2,0,1,1.02,2.84,.68,0,.91,2.96,8.08,1.71,1.59,8.08,1.93,2.28,1.59,1.93,1.82,2.16,1.59,.91,5.46,3.07,1.93,1.25,.46,.23,.68
441,Warner,2,1,1,3.84,1.76,.48,.48,.64,3.84,6.88,.8,.64,6.88,2.56,1.44,1.76,2.4,1.28,1.76,.64,.64,4.64,1.6,1.76,2.56,.16,0,.48
450,Warner,2,1,1,3.02,1.26,0,0,.67,1.76,7.88,.75,.92,5.53,3.69,2.43,1.51,1.51,.92,2.18,1.51,1.26,5.62,1.93,2.18,2.43,0,.34,.17
456,Wellstone,2,1,2,2.14,2.06,0,.84,.99,1.6,6.42,1.91,1.45,7.56,2.06,2.6,1.91,2.14,2.9,1.76,1.38,1.76,5.5,2.14,1.91,1.6,.23,.08,.76
211,Feinstein,2,1,2,1.76,1.44,0,.64,.8,2.24,5.76,.96,1.44,6.4,3.36,1.92,2.08,2.4,1.44,1.44,1.44,1.92,6.4,2.24,1.44,2.72,.16,.48,.8
317,Bunning,2,0,1,1.4,3.3,.38,.51,1.14,1.78,8.63,1.14,2.41,9.52,3.43,1.9,2.54,1.4,1.4,3.17,1.4,.63,5.46,3.43,1.65,2.79,.89,.25,.13
292,Warner,2,1,1,4.04,2.7,0,.61,.86,2.33,7.48,1.1,1.47,9.8,2.45,.61,2.94,1.1,2.21,2.57,1.47,1.23,5.15,2.57,1.72,2.82,.25,0,0
81,Dewine,2,1,1,.55,1.59,0,.76,.69,2.21,5.24,1.31,1.52,5.51,2.55,2.69,1.45,1.65,2.14,3.1,1.79,.76,4.55,2.76,1.45,2.69,.07,.07,.48
248,Specter,2,1,1,2.84,1.12,.19,1.44,.19,2.75,6.99,1.63,.98,7.17,1.77,1.16,2.84,1.96,1.77,2.93,.84,1.07,3.45,2.28,1.54,2.56,.23,.05,.61
447,Warner,2,1,1,3.95,1.21,.36,.12,.85,1.78,7.75,1.01,.73,5.49,1.82,1.82,1.69,2.34,1.69,1.29,1.37,.81,5.17,1.57,2.66,2.62,.28,0,.16
232,Specter,2,1,1,1.21,1.41,0,.2,.6,2.01,7.34,.5,1.01,4.82,2.31,2.71,2.11,1.11,1.21,1.11,1.01,.9,4.32,2.21,2.41,2.31,.1,0,.6
91,Domenici,2,0,1,3.25,3,.5,.5,.75,.5,8,1.25,.25,8,2.75,3.25,2.5,1.75,1.5,1.75,1.25,1,4.75,1.25,2.25,2.5,1,0,.25
77,Daschle,2,1,2,.6,1.43,0,.72,.36,1.67,4.3,.95,1.07,6.21,2.27,2.51,2.03,2.74,1.55,1.79,2.27,1.31,4.42,1.67,2.39,2.74,.24,.36,.95
201,Roberts,2,0,1,2.57,2.79,.29,.44,.37,1.76,7.92,.81,1.1,9.17,3.08,1.25,1.83,1.54,1.69,2.13,1.61,1.03,6.16,2.2,1.1,1.25,.81,.07,.07
457,Wellstone,2,1,2,2.39,1.37,0,.14,.58,.94,5.57,.94,.65,7.38,2.53,1.59,2.1,2.68,1.01,1.88,1.3,1.59,5.21,1.37,2.53,3.26,.14,0,.36
57,Biden,2,1,2,2.47,1.21,.08,1.02,.51,2.15,5.64,2.04,1.25,6.46,2.94,1.41,1.68,2.51,2.35,1.68,1.61,1.25,3.49,1.96,1.53,2.78,.27,.08,.31
88,Domenici,2,0,1,2.14,2.05,.37,.09,1.21,1.12,7.27,1.68,1.3,6.8,2.89,2.24,2.98,2.24,1.58,1.49,1.86,1.21,3.36,1.86,1.68,2.7,.93,.09,.19
449,Warner,2,1,1,3,1.26,.41,.49,.85,1.38,7.7,1.34,1.78,6.12,2.23,1.78,2.07,2.8,1.74,1.54,1.18,1.38,4.87,2.31,1.95,2.68,.04,.04,.2
313,McConnell,2,1,1,1.03,.88,0,.51,.44,1.47,3.37,.29,.51,5.87,2.35,3.67,1.39,2.64,.37,.66,1.17,1.69,5.5,.88,1.39,2.86,.29,.15,.81
289,Biden,2,1,2,2.52,2.96,.38,.31,.57,2.58,8.93,1.19,1.13,7.74,2.45,1.32,2.96,2.52,1.95,2.26,1.64,1.38,5.22,2.52,1.95,1.64,.13,.06,.31
399,Roberts,2,0,1,2.37,2.85,.14,.35,.56,1.88,7.93,.7,1.25,8.07,2.09,1.95,2.02,1.39,1.39,2.09,1.88,.63,5.78,1.81,1.6,2.02,.63,.07,.07
400,Roberts,2,0,1,1.48,1.77,.07,.32,.32,1.7,6.21,1.26,1.73,6.86,2.71,1.55,2.89,2.64,1.7,2.24,1.41,1.52,4.44,2.09,1.62,2.56,.54,.04,.43
401,Roberts,2,0,1,2.1,2.4,.35,.4,.55,2.3,7.79,1.15,1.25,8.39,2.4,1.9,1.45,1.5,1.2,1.75,1.2,1,6.29,2.1,2.05,1.55,.3,.15,.35
310,McCain,2,1,1,.5,.95,0,.39,.34,1.68,4.43,1.4,1.23,4.32,2.08,2.92,1.35,1.85,1.18,1.01,1.35,1.79,4.15,1.79,1.23,2.69,.39,.11,.79
54,Biden,2,1,2,1.55,.75,.08,.68,.48,1.27,4.77,1.43,.95,5.52,1.75,2.3,1.75,2.42,1.55,1.91,1.71,1.23,4.21,2.18,1.51,2.34,.32,.2,.44
64,Byrd,2,1,2,1.69,2.05,0,.41,.77,1.64,6.76,1.33,1.64,7.22,2,2.1,2,1.18,1.48,2.3,1.02,1.38,5.02,2.66,2.25,2.41,.46,0,.56
247,Biden,2,1,2,2.94,1.56,.36,.87,.94,3.46,6.55,1.07,1.24,8.35,2.22,1.96,2.15,2.58,1.53,2.22,1.33,.91,4.18,2.25,1.74,2.58,.23,.22,.42
