Name,Region,OpposeSupport,PartyAffliation,WPS,Sixltr,Dic,i,we,you,shehe,they,ipron,article,auxverb,past,present,future,adverb,preps,conj,negate,quant,social,posemo,negemo,insight,cause,discrep,tentat,certain,inhib,incl,excl,motion,space,time,work,achieve,money,relig,death
Akaka,1,0,1,19.53,39.68,65.28,0.32,2.24,0,0,0.32,2.4,7.36,4.96,1.44,3.68,0.96,1.12,12.32,5.6,0.48,1.92,4.96,2.56,3.84,2.08,2.4,1.44,1.92,1.28,1.76,5.76,1.76,0.96,7.2,4,4.96,3.68,0.16,0.16,0.48
Akaka,9, ,1,20.25,38.89,69.29,1.39,1.7,0,0,0.31,4.48,9.26,4.78,1.08,4.94,0.77,1.7,11.57,3.4,1.08,1.7,3.7,4.32,2.62,0.93,1.85,1.08,1.54,0.77,2.31,4.17,1.08,2.78,7.1,3.09,4.48,2.78,0.31,0,0
Akaka,1,0,1,21.6,35.62,69.14,0.43,2.06,0,0.51,0.51,3.81,8.02,6.56,1.16,4.89,1.46,1.93,12.17,4.71,0.94,2.14,5.57,2.49,4.54,1.37,1.89,1.54,1.84,1.71,1.24,3.86,1.93,1.03,5.7,3.43,4.33,3.3,0.86,0,1.37
Allard,1,1,0,18.49,30.01,71.43,2.07,2.07,0,1.17,0.45,4.91,7.21,6.62,0.77,7.35,1.22,2.57,11.63,4.69,1.04,1.71,7.26,1.98,2.34,2.7,2.21,1.89,1.76,1.04,0.99,4.73,1.26,1.89,6.13,4.46,3.15,2.75,0.32,0.09,0.18
Allen,6, ,0,25.87,38.09,64.35,0.06,0.23,0.06,0,0.17,3.81,6.54,5.4,1.42,3.98,1.08,1.42,13.59,5.69,0.97,1.76,2.96,3.07,3.98,0.8,1.48,1.14,1.31,1.19,1.59,4.72,1.59,1.31,6.48,2.9,4.72,2.67,1.31,0.17,0.4
Allen,1,1,0,22.39,35.46,72.59,1.66,2.15,0,0.74,0.48,3.77,8.1,6.39,0.48,6.39,1.23,2.5,11.69,6.61,1.01,2.1,6.79,3.42,2.67,3.37,2.36,1.4,1.49,1.75,1.44,5.47,2.06,1.49,5.56,2.76,3.33,3.81,0.22,0.13,0.26
Ashcroft,1, ,0,15.97,30.17,68.88,0.38,2.09,0,1.52,0,2.47,9.3,6.83,1.14,5.5,0.57,1.52,13.66,4.17,1.52,1.52,5.69,4.93,3.8,0.57,1.33,0.95,1.9,0.95,0.38,4.55,1.9,0.95,6.07,2.85,4.36,3.98,0.57,0.57,0.57
Baucus,1,1,1,15.52,33.76,76.03,1.55,3.09,0,2.32,0,4.64,9.79,6.7,0.26,7.99,0.26,0.77,12.37,2.84,1.29,1.55,10.31,3.61,3.09,2.32,1.8,1.03,0.77,0.77,1.8,5.15,1.29,3.09,4.64,4.12,3.35,3.09,0.77,0,0.26
Bayh,1,1,1,18.06,29.54,79.38,3.38,3.38,0,0.92,0.62,4.31,6.77,8,0.31,10.46,0.92,1.85,12.62,4.62,1.54,1.54,7.38,3.38,3.69,0.92,4.92,2.77,2.46,1.85,1.85,5.23,3.08,2.15,4.62,1.23,4.62,4,0.31,0,0.31
Bayh,1,1,1,19.13,28.62,77.4,3.9,4.74,0.22,1.02,0.22,6.07,6.73,6.87,1.51,7.4,1.28,2.79,11.7,5.72,1.33,1.68,10.19,4.08,3.63,3.5,2.39,2.04,2.04,1.28,1.2,6.16,2.26,1.64,3.99,2.75,1.86,3.01,0.04,0.18,0.71
Begich,6, ,1,21.23,37.58,63.13,0.5,1,0,0.2,0.6,4.21,6.71,5.01,0.7,5.01,1,1.7,12.73,3.31,0.5,2,4.31,3.51,4.01,0.8,1.2,1.1,1,2.3,1.2,3.81,1.3,2.2,5.31,2.51,3.31,2.4,1,0.4,0.7
Bennett,1,1,0,16.1,23.7,79.37,2.64,1.78,0,2.21,0.79,6.64,7.14,10.35,2.64,8.85,2.14,3.35,11.49,5.42,2.43,1.43,7.78,2.07,1.78,3.71,2.21,2.07,3.07,1.86,0.64,5.07,3,2.64,7.28,4.21,2.78,2.28,0.29,0.29,0.14
Bennett,1,1,0,22.02,28.96,75.87,0.99,2.91,0,0.64,1.06,6.32,8.02,8.59,2.56,5.46,1.77,2.98,13.63,4.54,1.77,1.77,8.45,2.7,3.19,1.63,1.49,1.49,2.34,1.49,0.92,5.04,2.7,2.77,6.03,4.76,2.48,3.69,0.5,0.21,0.92
Bennett,2,0,0,21.62,28.71,76.28,2.02,2.49,0.42,2.25,0.59,5.52,9.37,7.53,3.2,6.23,1.01,1.96,13.29,3.2,1.9,1.42,9.61,2.14,3.2,1.72,1.84,1.07,1.3,1.25,0.77,4.69,2.25,3.14,5.16,2.55,4.21,3.26,0,0.06,1.72
Bennett,1,1,0,22.93,24.9,79.61,2.64,2.23,0.05,1.52,0.41,6.59,8.22,9.13,3.6,5.73,2.03,4.11,11.26,5.58,0.91,2.38,8.62,2.28,1.47,3.5,2.48,1.37,2.54,2.13,0.91,5.12,2.03,1.32,6.29,4.01,3.25,2.94,0.15,0.05,0.3
Bennett,1,1,0,19.73,26.69,75.6,2.23,1.84,0,1.89,0.78,6.96,7.13,9.42,4.85,5.79,1.11,2.56,12.09,4.79,2.9,1.62,8.19,1.84,2.17,1.73,2.17,1.23,2.12,1,0.89,4.96,4.23,2.67,6.63,4.23,2.34,2.06,0,0,0.5
Biden,9, ,1,18.06,26.52,74.51,1.55,2.84,0.72,0.22,1.37,6.26,7.06,8.86,1.87,8.78,1.1,2.74,10.83,5.06,1.75,2.07,8.63,2,1.77,2.15,2.44,1.8,2.1,1.25,0.47,5.21,2.99,1.52,6.31,3.37,2.89,2.05,0.82,0.05,0.22
Biden,9, ,1,15.51,27.44,71.81,0.45,3.3,0.3,0,0.75,4.95,7.65,7.35,1.2,6.9,2.1,2.85,10.34,6,1.05,2.1,7.05,0.9,3.6,1.8,1.2,3.3,1.95,1.95,0.45,7.65,3,1.2,7.65,4.65,2.55,1.8,0.45,0,0
Biden,1,1,1,14.82,21.68,77.71,0.61,4.7,0.2,1.02,1.23,3.89,7.98,9.41,0.41,6.75,3.07,2.86,12.07,7.77,2.04,2.66,11.45,2.04,2.45,0.82,2.86,2.86,1.84,1.23,0.61,6.54,4.09,1.84,6.13,4.29,3.68,2.25,1.84,0,0.82
Biden,1,1,1,24.77,27.43,77.3,1.42,3.29,0.08,0.61,2.23,5.24,7.77,8.49,1.34,7.07,1.84,2.67,11.84,5.65,1.95,2.09,10.41,2.53,3.17,2.56,2.03,2.31,2.45,1.09,0.81,5.21,3.06,1.56,5.35,2.9,2.56,2.14,0.81,0.42,0.67
Biden,4, ,1,18.41,29.61,74.83,1.31,3.51,0.14,0.21,0.76,4.23,7.77,7.7,1.82,6.43,1.24,2.92,12.79,5.19,1.65,2.85,9.53,2.3,2.79,1.24,1.69,1.86,1.62,1.38,0.72,6.05,2.65,1.82,6.22,3.71,1.89,2.24,0.79,0.52,0.34
Biden,5, ,1,18.72,36.28,70.53,0.74,1.29,0,0,0.55,6.91,6.72,6.91,0.92,6.08,1.93,2.76,11.79,4.7,1.29,2.49,4.97,4.24,2.85,2.95,2.39,1.57,2.49,1.47,1.1,3.5,2.95,1.93,4.42,2.39,3.87,2.67,0.37,0.18,0.09
Biden,7, ,1,22.84,37.11,67.26,1.19,0.8,0,0.5,0.1,3.78,8.16,4.48,2.59,3.38,0.6,1.49,13.43,4.58,1.19,2.29,4.88,3.28,2.09,1.09,1.99,1,1.99,1.39,0.7,3.78,1.49,1.49,6.87,4.68,4.18,2.99,1.49,0.1,0.1
Biden,2,1,1,21.9,33.32,68.67,1.55,0.75,0.08,0.68,0.48,3.89,8.1,6.16,1.27,4.77,1.43,2.22,14.46,5,0.95,1.91,5.52,1.75,2.3,1.75,2.42,1.55,1.91,1.71,1.23,4.21,2.18,1.51,5.92,4.29,2.94,2.34,0.32,0.2,0.44
Biden,2,1,1,17.59,43.58,58.95,0.21,1.05,0,0.21,0.84,2.53,6.95,4,1.68,2.74,0.63,1.26,12.21,3.37,0,1.47,5.47,1.47,2.95,0.42,2.74,1.68,0.21,1.05,1.68,4,0.21,2.32,4,5.47,3.58,2.53,0.42,0.42,0.84
Biden,9, ,1,21.36,32.99,69,0.95,1.62,0,0.52,0.46,3.06,7.62,5.88,0.86,4.99,1.13,1.81,12.42,4.16,1.32,2.02,5.72,3.52,2.08,1.32,1.13,1.04,1.68,1.01,0.98,4.25,1.84,1.56,9.67,4.07,3.49,2.48,1.35,0.12,0.12
Biden,2,1,1,20.42,32.63,71.21,2.47,1.21,0.08,1.02,0.51,3.88,7.09,7.68,2.15,5.64,2.04,1.88,13.36,4.19,1.25,1.84,6.46,2.94,1.41,1.68,2.51,2.35,1.68,1.61,1.25,3.49,1.96,1.53,6.89,4.31,3.13,2.78,0.27,0.08,0.31
Biden,9, ,1,30.4,34.21,68.29,1.18,0.26,0,0.13,0.13,4.87,7.24,5.92,0.39,4.47,1.58,0.92,12.5,4.21,0.66,0.92,5.53,5.39,1.05,2.11,0.79,1.45,1.32,0.92,0.79,4.47,1.18,2.63,8.42,2.5,2.76,3.82,0.66,0.13,0
Biden,8, ,1,20.94,26.12,76.12,3.37,1.12,0.28,2.25,0.84,4.21,8.99,7.02,2.81,5.9,1.4,1.69,17.7,4.78,0.84,0,9.27,2.81,0.84,2.81,2.25,2.81,1.4,0.84,0.56,3.37,1.4,2.25,8.71,1.4,2.53,1.12,0,0,0.84
Biden,1,1,1,24.8,25.81,71.77,1.61,2.42,0,0,0,5.65,7.26,3.23,2.42,3.23,0.81,1.61,14.52,6.45,0.81,0.81,8.06,0,1.61,0.81,1.61,1.61,0.81,0,2.42,6.45,2.42,3.23,2.42,7.26,4.84,5.65,2.42,0,0.81
Biden,1,1,1,19.1,36.55,72.76,0.72,1.89,0,0.61,0.22,4.12,7.41,6.96,1.34,5.57,1.56,1.45,12.7,4.18,0.95,1.89,6.91,3.29,3.29,3.29,3.06,1.73,2.12,1.67,2.34,3.79,1.84,1.56,6.41,3.62,4.57,3.34,0.39,0.06,0.45
Biden,5, ,1,20.19,29.05,72.9,1.57,2.19,0.14,0.52,1.76,5.38,6.48,7.86,0.76,7.67,1.71,3.19,12.86,5.38,1.48,2.9,6.9,3.1,3.1,1.81,1.48,2.1,3.29,0.81,0.76,4.62,2.76,1.43,6.76,2.86,2.62,2.38,1.52,0.1,0.05
Biden,2,1,1,16.96,28.28,73.61,2.94,1.56,0.36,0.87,0.94,5.31,7.53,8.55,3.46,6.55,1.07,2.75,11.81,4.99,1.24,1.41,8.35,2.22,1.96,2.15,2.58,1.53,2.22,1.33,0.91,4.18,2.25,1.74,5.28,3.92,2.64,2.58,0.23,0.22,0.42
Biden,2,1,1,16.39,23.52,75.16,2.52,2.96,0.38,0.31,0.57,7.3,7.99,8.68,2.58,8.93,1.19,3.14,13.02,4.91,1.13,2.26,7.74,2.45,1.32,2.96,2.52,1.95,2.26,1.64,1.38,5.22,2.52,1.95,6.67,3.27,1.45,1.64,0.13,0.06,0.31
Biden,5, ,1,21.54,27.34,75.35,1.75,2.38,0.63,0.09,1.78,7.22,6.45,8.34,2.01,7.57,1.03,3.38,11.46,5.42,1.09,2.24,8.46,2.26,2.21,1.49,1.92,1.12,2.69,1.35,1.32,4.9,2.24,2.15,5.5,4.13,3.41,2.69,0.89,0.11,0.17
Biden,1,1,1,19.97,21.96,84.19,2.23,2.24,0.22,1.82,0.75,6.06,8.73,9.35,2.41,7.82,2.01,2.6,14.05,5.75,1.91,1.97,9.03,2.41,3.82,2.41,2.68,2.73,2.3,1.88,1.02,5.18,3.02,1.77,5.61,3.74,3.44,3.07,0.61,0.26,0.61
Biden,1,1,1,16.54,20.93,80.29,3.34,2.56,1.62,2.31,0.88,5.26,7.57,9.58,2.31,10.12,1.67,3.05,12.19,4.86,2.01,1.28,13.12,2.06,2.31,2.11,2.01,2.21,2.7,1.13,0.84,4.42,2.75,1.62,5.9,3.69,1.97,1.77,0.2,0.1,0.84
Bingaman,1,0,1,20.95,32.16,73.64,1.02,2.61,0,0.91,0.91,4.43,8.86,6.25,1.7,5.91,0.8,1.93,12.95,5.45,0.8,2.39,6.48,1.82,3.86,1.82,2.27,1.14,2.16,0.68,1.7,3.86,2.84,2.27,6.48,5,3.18,2.95,0.11,0.11,1.02
Bingaman,1,0,1,23.38,30.97,75.64,1.36,3.35,0.28,0.46,0.5,5.36,8.21,7.72,0.99,7.04,1.67,2.73,11.9,5.15,1.89,1.86,7.87,2.05,4.15,3.01,3.07,2.76,2.23,1.49,2.29,4.99,3.22,1.83,5.61,3.13,2.29,2.91,0.09,0,0.25
Blunt,5, ,0,24.68,29.24,74.48,2.19,1.31,0.11,0,0.66,5.59,8.32,7.78,3.72,6.35,0.77,2.41,10.41,4.05,1.31,1.97,4.27,2.19,1.31,1.42,2.41,0.77,1.64,1.1,0.33,4.16,1.75,3.29,4.71,5.81,5.81,2.52,1.42,0.11,0
Bond,1,1,0,15.96,32.02,74.71,1.16,2.32,0.23,3.48,0.93,3.71,7.89,8.12,0.46,7.19,2.09,1.86,10.44,6.5,0.93,2.09,11.14,3.25,4.41,2.32,2.78,1.39,2.32,1.39,0.23,6.96,2.09,1.86,4.64,2.09,2.32,3.25,0,0.23,0
Bond,1,1,0,16.45,28.28,73.36,1.65,2.27,0,0.67,0.67,4.22,5.72,6.9,2.16,6.13,1.29,2.73,13.76,4.33,1.08,3.09,7.01,2.22,3.61,2.06,2.11,1.6,2.01,1.75,0.77,5.15,1.91,1.55,6.9,5.15,4.07,2.22,0.57,0,0.36
Bond,1,1,0,18.29,29.55,74.13,1.16,3.26,0,0.63,0.63,4.73,8.2,8.62,2.52,6.41,1.26,1.58,11.57,5.26,0.74,1.16,7.78,2,4.63,2.42,2,1.37,0.95,1.16,0.84,6.62,1.26,2.84,5.47,4.84,2.52,2.94,0,0.11,0.42
Boxer,5, ,1,17.8,41.57,65.54,3,0.37,0,0,0.37,2.62,5.99,6.74,1.5,5.99,2.25,2.25,10.86,3,0.75,1.12,3.37,4.12,4.87,2.25,0.75,3.37,1.5,0.37,0.75,1.5,1.12,2.25,4.87,2.62,5.62,4.12,1.87,0,0.37
Boxer,5, ,1,20.93,36.86,65.87,1.37,1.02,0,0,0.68,4.1,8.87,4.1,1.02,5.46,0.68,2.39,12.63,2.73,0.68,1.02,6.14,5.12,3.75,2.73,1.71,1.37,1.02,1.37,1.71,2.73,0,2.05,5.8,3.07,4.1,1.71,0,0,0
Boxer,8, ,1,11,22.73,77.27,5.11,4.55,0,0.57,0.57,6.82,6.25,12.5,1.7,11.93,1.14,2.84,10.23,1.7,0.57,1.14,9.09,4.55,2.27,0.57,0.57,0.57,1.14,1.14,1.14,5.68,1.14,3.41,6.82,3.98,0,1.14,0,0,1.7
Boxer,5, ,1,23.33,40,64.64,1.79,0.36,0,0,1.07,3.57,5.71,6.79,0.71,5.36,1.43,0.71,10,6.43,0.36,0.36,3.21,3.57,3.93,1.79,1.79,2.14,1.07,0.71,1.43,5,0.71,1.43,5.71,2.5,5.71,5.36,0.36,0.71,0
Boxer,6, ,1,18.46,23.89,77.35,2.31,3.2,0.36,0.62,1.15,6.48,6.66,9.41,3.02,8.88,0.89,2.58,12.52,4.88,0.98,1.15,8.79,2.93,2.4,1.6,1.33,1.42,1.69,2.13,1.51,6.22,1.78,2.22,7.55,3.37,1.95,1.87,1.6,0,0.18
Boxer,1,0,1,15.48,27.85,76.26,2.18,1.85,0.25,1.34,0.67,6.29,8.47,8.31,1.93,8.98,2.01,3.27,10.15,4.11,2.18,0.84,8.22,2.18,3.02,3.52,2.01,2.43,2.85,1.17,1.26,3.19,2.85,2.85,4.53,3.19,2.94,2.18,0.34,0.08,0.67
Brown,5, ,1,29.43,28.16,73.3,0.97,2.91,0,0,0.49,4.85,7.77,5.83,0.97,7.28,1.46,4.37,15.05,7.28,1.94,2.43,6.31,4.37,3.4,1.46,2.91,1.94,0.49,0.97,0.97,7.77,3.4,0.49,4.37,1.94,3.4,3.88,0.49,0,0
Brownback,8, ,0,15.41,33.4,71.03,1.51,0.38,0.28,0.56,1.88,6.59,7.62,6.4,1.98,5.36,0.56,3.01,11.19,4.14,0.19,2.16,9.41,1.03,3.2,0.94,1.69,0.66,1.41,0.85,0.66,2.82,0.75,1.41,6.68,4.42,4.23,1.51,0.47,0.66,0.38
Brownback,1,1,0,16,26.7,69.89,0.57,1.42,0,1.99,0.85,3.98,7.1,7.67,2.27,6.82,0,1.42,13.92,3.69,1.42,2.56,6.25,2.84,3.98,1.42,1.14,0,0.28,0.85,1.14,5.4,1.14,2.27,9.38,5.68,1.99,3.12,0.28,0,1.14
Brownback,9, ,0,19.03,24.57,73.45,1.91,1.77,0.27,0.14,1.91,4.3,8.33,6.55,1.09,6.69,1.16,3.48,12.56,4.85,0.48,2.18,9.08,2.05,2.05,1.02,1.23,1.91,1.71,0.55,0.68,5.8,1.37,1.5,10.31,2.8,2.94,1.57,0.89,0.07,0.27
Brownback,5, ,0,15.68,29.85,73.27,1.49,3.66,0,1.36,1.9,5.7,7.19,6.51,1.22,7.46,1.09,1.22,13.57,3.39,0.27,0.41,13.03,2.85,3.8,1.76,1.63,1.36,1.22,0.27,0.27,5.43,0.41,2.04,8.01,2.99,3.66,3.12,0.81,1.22,0.41
Brownback,9, ,0,22.15,28.04,70.34,0.86,1.09,0.24,0.05,1.05,4.56,7.37,5.75,1.52,5.09,0.71,2.52,13.88,5.7,0.76,2.14,6.46,1.57,2.28,1.33,1.71,1.19,1.81,0.81,0.9,5.37,1.66,1.47,10.12,3.23,2.28,1.43,0.24,0,0.43
Brownback,8, ,0,16.06,22.95,77.7,1.81,3.04,0,0.36,2.46,7.24,6.88,10.93,3.84,9.27,1.01,3.77,11.44,4.13,0.94,1.23,10.64,1.81,2.03,0.94,0.65,1.16,1.3,0.8,0.94,6.37,1.81,3.11,6.73,4.34,1.88,1.52,0,0.07,1.59
Brownback,5, ,0,14.88,29.97,75.32,1.42,1.03,0,0.9,2.2,6.59,7.62,9.17,1.94,9.04,0.65,2.97,12.4,4.13,1.68,1.29,7.24,2.33,2.45,0.9,1.68,1.55,1.03,0.9,0.78,3.49,1.42,3.49,6.33,4.13,4.65,2.58,0.78,0.13,0
Brownback,1,1,0,15.32,25.64,75.06,1.86,1.4,0,0.47,0.7,5.59,8.39,7.93,2.1,7.69,0.23,4.43,14.69,3.5,0.23,1.63,7.46,2.33,3.03,0.23,1.63,0,0.47,0.23,0.7,4.9,1.86,2.8,8.62,3.5,1.4,1.63,0,0.7,0.47
Brownback,8, ,0,18.8,32.89,70.98,1.79,0.92,0.12,0.64,0.75,4.16,8.32,5.61,2.08,5.43,0.75,1.79,13.06,4.1,1.04,1.27,7.05,1.62,2.54,1.68,1.33,1.21,1.5,0.75,1.21,4.62,1.68,1.73,6.3,4.8,3.82,1.91,0.87,0,2.02
Brownback,7, ,0,29.14,38.82,63.91,0.47,0.83,0,0.12,0.59,2.96,6.98,4.26,1.18,3.79,1.3,2.01,15.38,5.09,0.12,1.54,6.04,3.43,2.96,0.47,1.07,0.95,1.3,1.78,1.42,4.5,0.71,1.89,4.5,3.67,2.96,1.78,1.3,0.71,0.12
Brownback,9, ,0,17.19,24.35,71.34,1.72,0.65,0.22,0,2.37,6.9,7.97,4.74,0.43,6.9,0,2.16,11.42,4.53,0,1.29,9.48,2.16,1.94,0.86,0.43,0.65,1.94,0.65,1.08,4.53,1.51,1.72,8.62,2.59,3.66,2.16,1.29,0,0
Brownback,8, ,0,17.75,34.39,72.53,2.17,0.79,0.1,0.3,0.69,5.34,9.49,6.42,2.17,5.63,0.79,2.37,12.65,3.75,0.89,1.98,6.62,2.67,2.37,1.38,1.38,0.89,0.69,1.28,0.79,3.85,1.48,1.98,5.93,4.64,4.35,1.98,0.1,0,1.09
Brownback,9, ,0,22.46,30.21,70.75,1.37,1.16,0.07,0.07,0.89,4.25,7.88,5.62,0.89,5.14,1.16,2.53,13.22,4.73,0.75,1.92,6.92,1.99,1.64,1.58,1.51,1.37,1.03,1.16,1.03,5.07,1.03,1.1,10.34,1.99,3.36,2.19,0.89,0.21,0.41
Brownback,8, ,0,12.9,27.72,75.41,1.64,3.43,0,0.15,1.04,4.47,9.84,9.39,1.94,9.24,0.15,3.43,10.88,3.87,0.75,2.09,8.79,1.79,2.38,0.89,1.19,1.19,1.34,0,0.45,5.51,1.79,2.09,6.56,5.07,3.58,2.38,0.75,0,1.04
Brownback,8, ,0,14.84,23.5,78.51,2.37,3.1,0.18,0.18,0.73,7.83,7.83,10.2,2.73,10.38,0.55,3.64,12.75,3.46,0.91,1.46,7.47,1.82,1.64,0.55,1.46,2,2.19,0,0.36,6.56,1.28,2.37,10.56,4.37,3.83,1.09,0.73,0.18,0.73
Brownback,9, ,0,21.04,26.6,72.38,0.81,2.68,0.37,0.85,0.69,5.73,6.46,5.85,2.32,4.91,0.73,3.25,12.88,4.87,1.22,1.71,9.5,2.44,2.27,1.42,1.46,1.26,1.71,1.42,1.95,5.4,1.54,0.81,7.19,4.26,1.99,1.34,0.61,0.24,1.02
Brownback,8, ,0,20.88,30,77.04,1.41,1.69,0.28,0.14,1.69,6.06,7.04,7.89,2.82,6.62,1.13,3.94,12.96,4.23,0.56,2.39,6.76,1.27,3.38,1.55,1.55,1.97,0.99,1.41,0.56,3.38,1.41,1.55,7.61,3.94,4.08,1.27,0.7,0,0.14
Brownback,9, ,0,19.14,24.31,74.09,1.81,2.24,0.53,0.53,2.45,6.18,6.18,9.49,2.24,7.89,1.81,2.35,10.98,4.26,1.17,1.92,8.85,1.28,1.81,0.96,2.67,3.09,2.13,1.28,0.53,4.8,1.81,2.35,7.78,3.41,3.41,2.24,0.64,0,0
Brownback,9, ,0,20.32,24.85,73.71,1.79,2.49,0.84,0.2,0.84,7.75,6.01,7.65,1.49,7.95,0.6,3.98,13.67,4.37,1.44,2.29,8.6,1.24,1.94,1.24,0.99,1.04,2.14,1.14,0.4,5.86,1.89,1.94,7.9,4.17,2.19,1.29,0.25,0,0.45
Brownback,5, ,0,17.57,34.16,73.02,1.36,1.86,0,0.12,2.23,4.7,8.66,5.07,0.62,5.94,0.62,0.99,12.87,4.08,0.87,1.61,9.28,5.32,2.97,0.74,1.11,0.99,1.11,1.11,1.73,5.32,0.99,3.09,4.83,1.98,3.71,3.71,1.36,0.5,0.25
Brownback,2,0,0,16.27,25.14,78.49,3.07,2.79,0.28,0,0.56,5.73,6.7,10.34,2.09,10.75,0.98,3.77,12.15,5.59,1.96,1.12,9.78,3.35,2.37,2.37,0.42,2.37,3.63,0,0.84,5.59,3.91,1.82,7.96,4.33,1.54,2.23,0,0,0.28
Brownback,5, ,0,17.66,32.77,73.49,0.96,1.33,0.12,0,0.72,6.75,8.31,7.95,0.6,7.47,1.33,3.73,11.45,2.65,0.96,2.29,4.94,3.49,2.05,1.45,2.53,1.33,1.57,1.57,0.84,3.37,1.93,2.29,6.63,4.34,4.46,3.61,1.33,0,0.12
Brownback,6, ,0,14.1,29.56,75.34,1.86,2.7,0.17,0,1.52,5.57,7.43,6.76,1.18,7.94,1.18,2.03,14.86,2.2,1.01,2.2,6.25,3.04,2.53,1.18,2.87,1.52,1.69,1.18,1.01,4.73,1.35,3.21,8.61,2.7,3.04,2.53,1.01,0,0
Brownback,1,1,0,13.61,22,79.43,1.35,3.83,0.7,1.78,0.91,6.74,6.57,9.52,1.61,9.87,0.74,3,12.83,4.57,1.74,2.13,10.17,2.35,3.65,1.7,1.26,1.48,2.43,0.96,0.57,7.09,3,2.52,6.87,4.35,1.87,1.83,0.22,0.22,0.43
Bunning,2,0,0,15.7,21.84,77.02,1.02,2.84,0.68,0,0.91,6.03,7.96,11.38,2.96,8.08,1.71,2.96,14.33,4.89,1.59,2.96,8.08,1.93,2.28,1.59,1.93,1.82,2.16,1.59,0.91,5.46,3.07,1.93,6.94,2.62,2.05,1.25,0.46,0.23,0.68
Bunning,2,0,0,16.42,29.82,72.59,1.4,3.3,0.38,0.51,1.14,4.31,4.57,8.76,1.78,8.63,1.14,4.06,11.68,6.47,2.41,3.05,9.52,3.43,1.9,2.54,1.4,1.4,3.17,1.4,0.63,5.46,3.43,1.65,5.71,3.93,2.54,2.79,0.89,0.25,0.13
Burns,1,1,0,14.71,26.21,78.83,1.81,2.98,0.13,2.01,0.52,4.98,6.86,7.44,1.36,7.9,1.1,3.88,10.61,6.02,1.94,2.14,10.42,2.52,4.21,2.27,1.94,1.29,1.36,1.42,0.97,5.63,1.94,1.36,5.44,4.66,1.68,2.07,0.39,0.26,0.45
Byrd,1,0,1,21.27,29.29,72.01,1.87,1.13,0,2.38,0.57,4.02,9.24,6.57,1.19,6.8,1.19,1.81,12.58,4.65,0.85,1.08,8.22,2.21,3.68,1.93,1.42,1.25,2.15,0.91,0.96,3.97,1.81,1.42,6.06,3.46,3.46,3.4,0.06,0.28,1.08
Byrd,1,0,1,15.17,30.18,72.6,0.98,0.98,0.26,0.98,0.43,5.27,9.03,7.71,1.84,6.93,1.46,2.14,11.86,3.68,0.98,1.63,6.89,1.58,2.53,2.44,1.88,1.63,2.14,1.41,0.86,3.08,2.01,1.11,5.65,3.68,4.15,3.08,0.47,0,0.56
Byrd,1,0,1,18.95,34.56,69.94,1.11,1.31,0.1,0.48,0.39,4.02,9.49,6.78,2.61,4.89,1.06,2.61,11.33,4.4,1.16,1.4,5.66,1.31,3.44,2.71,1.4,1.21,1.98,0.73,1.31,4.65,1.65,1.26,4.21,4.07,5.32,2.08,0.19,0.24,0.68
Byrd,2,1,1,19.74,32.14,71.75,1.69,2.05,0,0.41,0.77,4.35,8.09,7.47,1.64,6.76,1.33,3.12,13.15,4.96,1.64,1.69,7.22,2,2.1,2,1.18,1.48,2.3,1.02,1.38,5.02,2.66,2.25,6.14,3.89,4.4,2.41,0.46,0,0.56
Byrd,1,0,1,13.1,23.29,78.47,4.7,4.31,0,0.78,0,4.7,8.22,11.35,0.2,14.09,2.54,2.35,12.72,4.7,1.57,1.37,10.37,1.57,1.37,3.72,1.37,3.13,4.11,0.78,0.78,5.48,2.94,1.57,7.24,2.15,1.76,1.37,0.2,0.2,0.78
Byrd,6, ,1,20.43,35.43,66.2,1.4,0,0,0,0.47,5.13,6.99,6.06,1.17,3.5,1.17,2.33,15.15,3.26,0.23,1.86,2.33,2.56,3.96,2.33,3.5,1.17,1.4,0.7,0.7,2.56,0,2.8,4.66,1.86,3.5,0.7,2.56,0,0.23
Byrd,1,0,1,15.63,27.98,76.97,0.22,2.95,0,1.22,0.67,4.17,8.4,8.29,0.89,7.12,2.39,3.67,13.4,4.67,1.28,2.45,9.23,1.39,3.45,2.39,2.95,1.89,2.95,1.33,0.89,4.78,2.56,1.5,6.06,4.23,3.73,3.17,1.17,0,1.5
Byrd,1,0,1,13.74,22.68,78.03,3.13,2.12,0.3,0.91,1.28,8.76,6.74,10.01,1.45,9.97,1.45,2.83,11.79,4.21,1.52,2.29,8.69,2.26,1.58,2.9,0.91,1.72,2.63,1.11,0.64,4.01,2.39,1.85,5.59,4.41,1.99,1.55,0.57,0.07,0.27
Byrd,1,0,1,14.56,26.35,77.41,2.34,0.78,0.42,0.64,0.64,5.52,10.2,9.56,1.49,7.65,1.27,2.41,12.68,4.46,1.84,2.41,6.23,2.27,1.2,0.78,0.42,0.85,1.35,2.2,1.27,4.11,1.91,1.91,4.89,4.53,4.18,3.12,1.7,0,0.64
Byrd,1,0,1,16.09,20.47,83.77,2.87,2.12,0.31,1.51,0.99,7.33,8.55,8.57,2.44,8.05,1.6,3.51,14.93,4.71,1.54,1.78,9.91,2.57,2.52,2.69,1.55,1.78,1.69,1.21,1.32,4.55,1.95,1.6,6.05,4.07,2.96,2.62,0.56,0.29,0.67
Cantwell,1,1,1,22.13,34.51,72.38,1.21,2.79,0,0.98,0.23,3.91,7.69,6.47,2.1,5.26,1.54,2,10.85,5.26,1.21,1.16,7.27,3.26,4.15,2.33,2.05,2.33,1.72,1.82,1.63,5.96,2.24,1.91,5.68,3.21,3.59,4.24,0.47,0.09,0.37
Cardin,7, ,1,15.73,27.5,74.07,1.95,3.35,0,1.84,0.78,4.68,6.92,9.54,2.29,8.64,0.73,2.62,12.49,3.85,0.61,1.62,10.54,1.95,1.34,1.73,1.73,1.34,1.28,1.12,0.78,5.41,1.34,2.68,6.75,3.96,2.73,2.06,1.06,0.22,0.78
Cardin,6, ,1,17.19,27.65,72.67,1.2,2.55,0.08,0.48,2.31,5.5,8.05,8.21,3.51,6.85,0.56,3.43,14.02,4.78,0.48,1.59,10.36,2.71,0.96,1.04,1.91,1.83,1.83,0.88,1.59,5.42,0.72,2.39,7.17,1.99,1.99,2.39,0.4,0,0.32
Carper,1,1,1,19.79,30.96,72.65,1.53,3.4,0,1.02,0.81,4.71,7.43,6.58,1.53,5.65,1.66,2.12,11.97,5.01,0.98,1.83,8.15,3.18,3.65,2,2.21,1.91,2.12,1.32,0.76,5.56,2,1.61,6.16,4.29,2.85,3.61,0.47,0.08,0.72
Casey,5, ,1,17.41,33.16,68.93,1.31,1.57,0,0,0,5.87,9.14,8.09,2.09,6.14,2.09,1.04,12.4,2.35,0.65,0.78,3.79,1.96,3.13,1.83,1.83,2.09,0.78,2.35,1.17,4.05,0.91,1.44,6.79,2.48,4.18,2.35,1.44,0.13,0.13
Chafee,6, ,0,28.92,29.79,69.95,2.93,0.8,0,0,0,4.52,10.11,5.32,0.8,4.26,1.33,1.33,11.97,4.79,0.8,1.33,4.52,3.72,1.6,1.06,1.33,1.33,1.6,1.33,0.53,3.46,1.6,1.33,9.31,2.39,4.79,2.13,1.86,0,0
Chafee,1,0,0,20.07,35.94,67.62,1.78,1.78,0.18,0,0.71,3.38,8.72,4.8,1.6,5.34,0.89,1.25,12.46,4.45,0.53,1.25,8.36,4.09,3.02,3.02,1.78,1.25,0.89,1.42,1.6,4.98,0.53,1.78,6.94,1.78,2.49,2.85,0,0.53,0.18
Cleland,1,1,1,25.5,35.42,70.84,1.62,2.2,0.29,0.29,0.13,3.21,8.2,4.41,1.78,4.08,0.78,2.27,13.77,4.18,0.81,2.37,6.03,3.31,2.53,2.53,1.94,1.17,1.3,1.46,1.46,4.57,1.17,1.49,5.99,4.5,4.02,4.15,0.58,0.03,0.62
Cleland,1,1,1,21.7,28.63,75.91,2.37,3.14,0,0.77,1.12,5.59,7.82,5.8,1.33,7.4,0.56,2.65,12.5,5.1,0.84,1.12,8.1,2.86,3.28,2.44,2.65,0.98,1.68,1.4,1.75,5.52,1.68,1.47,6.56,2.37,3.14,1.89,1.33,0,0.56
"Clinton, H.",8, ,1,17.09,35.82,71.81,1.42,3.37,0,0,0.71,4.79,5.67,9.4,1.77,5.67,1.95,1.06,12.23,4.43,0.35,2.13,7.8,3.72,2.66,0.71,1.24,1.77,0.53,2.3,1.42,6.38,0.71,1.24,3.55,4.96,4.79,2.84,0.71,0.35,0.53
"Clinton, H.",8, ,1,23.87,37.81,68.26,1.08,0.59,1.01,0.07,0.21,3.07,8.14,3.63,0.91,2.83,0.94,1.19,14.46,4.96,0.45,1.19,6.39,4.36,1.92,1.75,1.01,0.94,1.01,1.08,2.65,5.83,0.87,1.26,7.12,3.49,5.38,3.07,0.56,0.21,0.42
"Clinton, H.",1,1,1,21.52,32.57,73.43,1.4,2.03,0,1.49,0.32,4.19,6.59,6.27,1.62,5.73,1.53,3.02,11.59,6.45,0.95,2.17,6.63,3.7,4.24,2.07,2.93,2.17,2.44,1.58,1.94,5.59,1.62,1.85,6.27,3.61,3.38,4.1,0.27,0.32,0.54
Coats,6, ,0,20.21,33.88,75.55,2.15,1.92,0,0.99,1.69,4.66,6.46,8.15,1.34,7.28,1.92,3.49,10.54,5.36,1.8,2.85,8.85,2.5,3.61,3.08,2.74,1.34,2.85,1.22,1.57,3.43,2.39,1.28,5.12,2.97,2.68,3.43,0.23,0.52,0.58
Cochran,5, ,0,25.32,44.15,57.12,0.56,0.85,0,0,0.42,3.95,4.65,4.94,0.14,3.81,0.85,1.83,10.01,3.53,0.28,2.96,2.54,1.69,2.4,0.42,1.69,0.85,0.71,0.28,0.85,2.96,0.28,1.41,4.65,5.22,4.65,3.24,0.71,0.14,0
Cochran,1,1,0,24.5,41.33,68.37,2.55,4.08,0,0.51,0,2.55,10.2,8.16,0.51,7.14,1.53,2.04,11.73,4.08,0.51,1.02,8.67,4.59,3.57,3.06,0.51,1.53,0,1.53,1.53,5.61,0,0.51,6.12,1.02,2.04,1.53,0,0,0
Coleman,5, ,0,14.57,25.86,76.96,0.98,2.45,0.25,0.25,3.06,5.02,7.97,8.33,1.47,9.19,0.86,3.06,12.99,3.31,1.23,1.1,10.42,4.04,2.82,2.21,2.08,2.57,1.23,1.35,2.21,4.66,1.84,1.84,4.04,2.45,3.19,2.94,0.49,0,0.12
Coleman,5, ,0,13.29,25.98,76.12,1.92,2.01,0.26,1.22,1.84,4.37,8.66,8.31,1.75,7.79,1.05,3.59,12.25,4.55,1.22,1.92,9.8,2.27,2.45,1.84,1.57,2.01,1.22,1.84,0.87,5.34,1.92,1.4,6.04,3.85,2.97,2.62,0.44,0.26,0.09
Collins,5, ,0,27.93,37.34,68.03,2.3,1.79,0,0.26,0.26,4.6,8.44,4.6,0.51,4.6,1.02,1.02,13.81,3.58,0,1.02,5.63,3.58,2.56,1.53,1.53,0.26,0.26,1.28,2.05,4.35,0.26,1.53,6.39,4.6,5.12,3.58,0,0.26,0
Collins,6, ,0,25.41,35.68,71.2,1.42,1.05,0,0.94,0.21,4.35,9.02,6.77,1.21,5.72,1.1,2.89,11.91,4.56,1.47,2.41,4.35,2.2,4.77,2.1,3.78,1.57,2.15,1.52,1.36,2.52,2.73,1.94,5.35,2.36,2.73,3.1,0,0.1,1.05
Collins,1,1,0,22.91,39.04,68.67,1.36,1.16,0,0.97,0.34,2.81,8.39,5.58,0.97,4.12,0.87,2.33,12.27,5.63,0.53,2.09,4.46,3.3,4.9,2.62,2.47,1.16,1.45,1.41,1.36,3.98,1.45,0.73,4.22,3.25,4.66,3.64,0.48,0.19,0.63
Conrad,1,0,1,16.97,31.66,72.54,2.2,3.48,0,1.18,0.1,3.43,7.99,7.02,0.87,5.99,2.25,2.1,10.5,4.56,1.33,1.59,6.71,2.61,4.76,2,3.48,2.82,2.15,1.23,1.38,5.02,2.92,1.28,6.3,4.25,2.51,3.18,0.82,0.1,0.61
Corker,6, ,0,17.6,25.8,79.17,5.27,1.83,0.12,0.89,0.65,7.28,8.28,9.41,2.54,11.66,0.71,2.78,12.84,3.02,0.95,2.78,6.86,2.6,0.65,3.25,2.13,1.3,1.6,1.3,0.89,3.91,1.48,2.01,5.5,2.9,3.08,2.72,0,0.12,0.12
Cornyn,6, ,0,21.44,31.73,74.56,2.55,1.89,0.11,1.74,0.59,4.44,6.66,7.59,3.18,6.81,1.18,3.26,10.88,4.85,1.63,2.26,9.11,2.48,3.92,2.22,2.22,1.96,1.78,1.59,1.44,4.15,2,1.26,5,3.41,3.63,4.22,0.15,0.04,0.96
Cornyn,6, ,0,26.19,31,69.82,2.91,0.82,0.27,0.91,0.27,5.09,5.64,5.73,1.09,5.82,0.73,2.36,13.27,5.73,0.91,2.18,6,2.45,3.09,2.91,1.18,1.27,1.64,0.64,0.91,4.64,1.73,0.64,6.18,2.73,2.82,1.73,1.18,0.18,0.64
Corzine,8, ,1,17.88,38.2,72.23,0.57,0.95,0,0,0.38,5.97,8.15,6.26,1.71,4.93,0.57,2.37,12.42,5.97,0.57,2.65,5.69,1.71,3.98,0.95,2.37,1.14,0.95,1.61,2.56,4.64,1.52,0.95,4.74,3.79,3.32,2.56,0.09,0.09,2.84
Corzine,8, ,1,23.71,35.54,74.1,2.71,1.81,0.3,0,0.6,3.61,7.23,2.11,0.9,2.11,0.9,2.11,16.57,5.72,1.2,1.81,10.84,3.01,0.3,1.81,0.6,0.3,0,1.51,0,6.33,0.3,1.51,5.12,6.02,2.71,1.2,0.6,4.52,1.81
Corzine,8, ,1,21.27,32.05,73.08,1.28,2.71,0,0,0.71,6.13,7.41,6.55,1.14,6.55,1.57,3.56,12.68,4.27,0.85,1.99,6.98,1.42,3.13,1.57,1.28,1.14,1.57,2.42,1.14,4.27,1,1.71,8.55,3.85,2.56,1.71,0,0,0.85
Corzine,8, ,1,15.62,30.04,76.71,1.51,3.2,0.09,0.09,0.98,5.87,8.36,7.11,1.87,7.02,0.53,2.76,12.44,3.82,1.24,2.22,9.69,2.49,2.22,1.24,1.42,1.69,1.33,0.98,1.87,5.6,1.6,2.76,5.6,3.47,3.64,1.51,1.33,0.09,0.89
Corzine,6, ,1,22.18,39.94,67.31,0.81,0.48,0,0,0.32,5.15,5.8,3.7,0.32,4.83,0.32,1.29,15.78,4.67,0.64,1.45,3.7,4.03,2.9,1.13,2.58,0.16,0.48,0.48,3.38,4.19,0.48,1.93,6.92,2.74,4.03,3.22,0.32,0.97,0.32
Corzine,1,0,1,19.89,41.06,67.04,1.96,2.79,0.28,0,0.28,1.68,8.66,1.96,0.56,3.63,0,2.79,12.29,7.82,1.12,1.12,6.42,4.19,3.35,1.4,0.84,1.4,2.79,0.56,1.96,6.15,2.79,2.79,7.82,3.63,1.96,2.23,0.56,0,0.28
Corzine,1,0,1,18.65,34.88,71.97,1.66,2.93,0.06,0.5,0.39,4.48,8.07,6.63,1.38,4.64,1.82,1.82,11.5,4.59,0.88,1.44,7.63,2.87,3.76,3.1,1.66,1.44,1.93,1.49,1.44,4.59,1.6,1.88,6.36,3.7,2.6,2.54,0.5,0.22,0.55
Craig,1,1,0,23.23,28.66,75.35,1.59,3.18,0.06,0.53,0.24,4.95,8.02,6.84,2.24,5.9,1.24,1.95,13.86,5.72,0.71,1.42,6.43,2.89,2.71,1.95,2.36,1.42,0.94,2.06,1.89,6.54,1.06,1.42,7.25,5.66,2.59,2.83,0.24,0.06,0.12
Daschle,4, ,1,17.19,31.16,77.29,0.83,6.09,0,0,2.35,6.51,7.34,6.79,2.49,5.26,1.25,1.8,12.33,6.23,0.83,1.11,12.6,4.16,4.99,1.25,0.83,0.42,1.11,0.83,1.39,7.76,1.66,1.66,5.54,3.05,1.94,4.71,0.28,0.42,1.11
Daschle,9, ,1,19.34,30.48,72.52,0.41,1.22,0,1.22,0.27,5.71,7.07,6.53,3.13,5.17,0.68,1.9,11.97,4.76,0.95,1.63,5.03,1.36,4.08,2.59,1.5,1.5,0.95,1.09,0.54,4.22,1.5,1.09,9.12,5.99,5.44,3.13,0.54,0,0.14
Daschle,2,1,1,17.1,35.56,70.05,0.6,1.43,0,0.72,0.36,3.82,7.76,6.21,1.67,4.3,0.95,1.55,13.96,3.58,1.07,1.07,6.21,2.27,2.51,2.03,2.74,1.55,1.79,2.27,1.31,4.42,1.67,2.39,7.16,5.13,2.98,2.74,0.24,0.36,0.95
Daschle,1,1,1,22.42,34.85,74.54,0.46,1.77,0,1.21,0.84,4.09,5.95,6.41,0.84,5.48,1.21,2.23,14.13,4.83,1.12,2.42,9.11,3.25,3.53,2.7,2.79,1.49,1.02,2.79,1.39,5.39,1.12,1.95,5.86,3.07,4.18,4.46,0.09,0.46,0
Daschle,6, ,1,25.22,38.16,74.49,1.39,1.93,0,0.54,0.21,5.89,8.15,4.93,1.39,5.89,0.54,1.93,15.76,3.86,0.96,1.82,5.79,4.61,2.57,2.14,2.04,1.18,0.75,1.39,1.5,4.07,1.18,2.89,6.65,3.22,4.07,2.79,0.75,0.32,0.11
Daschle,1,1,1,19.71,31.71,74.38,0.98,3.07,0,0.85,0.77,4.65,7.5,7.25,1.32,7.12,1.49,2.09,12.28,4.73,1.62,2,8.1,2.9,4.13,3.2,2.6,2.47,2.13,1.28,1.15,5.46,2.05,1.83,5.29,2.51,3.84,4.01,0.34,0.21,0.68
Dayton,1,0,1,26,30.77,76.56,1.23,3.56,0.07,1.31,0.94,6.39,7.69,7.84,2.76,5.73,1.16,2.54,10.96,5.22,1.6,2.18,8.78,1.6,3.92,1.96,2.25,1.74,2.39,1.09,1.16,5.37,2.47,1.31,6.6,5.3,2.39,3.05,0.44,0.07,0.36
Dayton,1,0,1,18.63,29.11,76.58,2.01,2.46,0.06,0.65,0.58,6.73,6.34,8.47,2.26,6.4,2.46,3.69,12.94,6.02,1.62,1.55,6.47,2.98,2.2,3.82,2.59,1.81,2.72,1.36,0.84,4.27,2.98,1.36,4.53,4.92,2.59,2.98,0.32,0.45,0.97
DeMint,9, ,0,15.98,31.68,70.8,1.04,1.69,0,0.39,1.83,6.13,5.61,7.43,1.56,6.52,0.78,2.09,11.21,4.43,0.91,1.56,6.91,1.96,3.91,1.56,1.3,0.65,1.17,1.56,1.56,3.65,1.96,1.17,7.82,3.52,3.13,2.48,0.52,0.26,0.13
Dewine,8, ,0,15.31,27.04,76.23,1.09,3.45,0,0,0.73,5.44,8.17,10.34,1.63,8.35,3.09,3.63,11.43,4.17,0.73,1.27,8.71,1.81,1.81,0.73,1.09,4.17,1.81,1.63,1.63,6.17,1.81,3.27,6.72,4.72,2.9,1.63,0.18,0.18,0.54
Dewine,2,1,0,17.7,31.08,70.99,0.55,1.59,0,0.76,0.69,4.62,6.48,7.79,2.21,5.24,1.31,2.89,12.34,5.93,1.52,3.1,5.51,2.55,2.69,1.45,1.65,2.14,3.1,1.79,0.76,4.55,2.76,1.45,5.58,5.1,3.31,2.69,0.07,0.07,0.48
Dewine,1,1,0,16.61,28.91,75.63,1.58,2.93,0.13,1.26,0.44,4.85,6.53,8.1,2.11,7.09,1.45,3.4,11.76,5.36,1.45,1.99,8.32,2.33,3.5,2.99,2.52,1.77,1.29,1.8,0.76,5.64,1.99,2.02,5.42,3.66,3.28,3.72,0.82,0.28,0.88
Dodd,8, ,1,17.97,32.76,73.12,1.25,1.65,0,0.31,0.55,4.23,7.68,6.74,1.33,5.8,1.1,4.15,13.24,5.41,1.72,2.04,6.74,2.66,1.57,1.88,1.65,1.1,1.18,2.59,1.49,5.17,2.19,1.72,5.88,5.33,3.37,1.96,0.24,0.08,1.18
Dodd,8, ,1,18.19,32.1,69.84,1.49,1.19,0.15,0.3,0.45,4.46,9.06,5.5,1.04,4.9,1.19,1.34,11.89,4.75,0.3,2.08,4.75,3.42,0.74,1.78,2.38,1.04,0.59,1.19,0.74,4.01,1.34,2.97,2.97,3.42,5.2,3.27,2.67,0.15,1.49
Dodd,8, ,1,27.89,35.19,70.65,1.33,0.8,0,0.27,0.13,3.05,7.97,5.31,1.33,4.65,0.8,2.79,12.62,5.18,0.4,1.59,5.58,3.05,2.66,2.12,1.73,1.33,0.8,1.2,1.99,4.38,0.66,3.59,5.31,6.51,3.72,2.66,0.8,0.53,0.66
Dodd,1,1,1,18.83,28.85,76.77,2.56,3.25,0.04,0.31,0.73,5.2,7.22,8.02,2.29,7.37,1.72,3.29,12.04,4.81,1.76,1.76,8.33,3.36,2.67,2.87,1.57,2.37,2.29,1.53,0.92,5.27,2.37,1.72,5.2,4.28,4.05,4.39,0.38,0.15,0.04
Dodd,8, ,1,16.05,32.35,72.9,0.98,1.8,0,0.49,0.49,4.54,7.87,6.12,1.26,5.3,1.04,3.77,13.11,4.37,0.6,1.75,7.32,2.51,2.73,1.42,1.64,1.37,0.82,1.86,1.64,4.32,1.04,1.58,5.25,5.46,4.32,2.19,0.6,0.11,1.09
Dodd,1,1,1,19.87,29.5,77.29,2.97,1.88,0.03,0.49,0.49,6.06,7.4,7.85,1.64,6.94,1.61,2.91,12.4,5.06,1.52,2.03,6.55,3.49,3.24,3.85,1.82,2.58,2.88,2.18,1,3.79,2.94,1.46,5.18,3.52,2.3,3.46,0.15,0,0.27
Domenici,5, ,0,16.24,42.2,67.33,1.29,1.59,0,0,0.7,3.18,7.65,4.37,0.2,3.77,1.29,2.28,10.92,5.76,0.99,2.98,4.17,3.57,4.27,1.69,1.39,0.99,2.48,0.6,2.58,3.38,2.18,1.69,4.67,3.18,3.08,5.36,0.99,0,0.3
Domenici,2,0,0,15.78,33.55,73.72,2.14,2.05,0.37,0.09,1.21,4.29,7.64,9.23,1.12,7.27,1.68,3.17,11.65,3.54,1.3,2.89,6.8,2.89,2.24,2.98,2.24,1.58,1.49,1.86,1.21,3.36,1.86,1.68,5.59,2.89,2.89,2.7,0.93,0.09,0.19
Domenici,1,1,0,14.14,20.73,80.73,2.44,3.17,0.24,2.93,4.15,6.34,5.61,9.51,4.39,10.49,1.46,2.93,9.27,5.37,1.71,3.66,13.9,2.68,2.68,2.44,0.49,2.44,4.15,1.95,0.49,5.12,3.66,1.46,6.83,3.66,0.49,1.46,0.24,0,0.24
Domenici,2,0,0,21.05,32.25,74,3.25,3,0.5,0.5,0.75,2.5,6,6.5,0.5,8,1.25,3.25,12.25,5.75,0.25,3.25,8,2.75,3.25,2.5,1.75,1.5,1.75,1.25,1,4.75,1.25,2.25,6.25,5,3.5,2.5,1,0,0.25
Domenici,2,0,0,14.84,20.3,80.12,2.63,3.37,1.15,0.58,1.15,8.13,7.23,9.94,1.56,10.35,1.89,3.94,11.67,5.75,3.78,1.07,11.5,1.81,1.64,2.22,1.81,1.48,2.71,0.82,0.49,4.35,4.6,1.81,6.24,3.45,2.3,2.79,0.58,0,0.66
Domenici,5, ,0,17.25,42.77,65.28,0.82,1.09,0.14,0.07,0.55,4.37,8.46,4.98,0.75,3.62,1.09,1.84,11.87,3.68,0.89,2.25,3.41,3,4.37,2.05,1.91,1.3,2.11,0.95,2.18,3.14,1.5,1.23,6.14,3.41,3.68,3.48,0.07,0,0.14
Domenici,1,1,0,21.88,21.14,80.57,5.71,2.86,0,1.14,0,5.14,7.43,9.14,1.14,11.43,1.71,3.43,16.57,4.57,1.14,4.57,8.57,0.57,4,4.57,2.86,1.14,3.43,0.57,0.57,5.14,2.86,0.57,5.14,2.29,1.14,1.71,0,0,1.71
Domenici,1,1,0,18.85,26.98,79.63,2.54,3.67,0.28,1.07,0.34,5.98,6.55,8.13,1.75,8.52,1.3,4.12,12.92,5.25,1.35,2.03,9.59,2.37,3.16,3.22,2.2,2.14,2.2,1.81,1.19,4.63,2.37,1.69,5.53,3.22,3.16,4.68,0.23,0,0.45
Dorgan,4, ,1,17.54,25.44,78.25,1.4,2.54,0.35,1.67,0.7,9.21,8.16,6.84,4.3,5.61,0.7,2.02,11.58,4.82,1.49,1.67,9.04,1.93,2.72,1.67,0.79,1.14,1.4,1.32,0.61,6.05,2.11,1.84,7.37,3.86,2.11,2.54,0.18,1.23,0.53
Dorgan,1,1,1,16.53,31.16,70.84,1.33,0.67,0.12,1.09,1.09,4.6,7.56,6.23,3.69,3.99,1.33,2.48,11.25,5.02,0.91,1.45,8.23,1.51,3.45,1.75,1.27,1.39,1.21,0.97,0.48,4.54,1.33,2.18,6.35,3.33,2.72,2.12,0,0,1.57
Dorgan,2,1,1,16.47,29.68,76.69,4.8,1.47,0.29,0.69,0,6.27,7.25,9.21,3.04,6.95,1.57,4.51,12.63,4.51,0.98,1.96,9.3,2.35,1.18,2.25,0.78,1.67,2.35,2.06,1.37,3.43,2.25,0.98,5.97,3.33,2.55,1.96,0,0,0.2
Dorgan,1,1,1,25.93,34.71,72.86,1.93,1.79,0,0.5,0.36,5.71,7.36,6.14,0.79,6.71,1.36,2.71,11.79,4.5,0.43,1.57,4.71,2.29,5.36,2.57,3.43,1.71,1.71,0.71,1.93,3.93,1.21,1.43,6.93,3.64,3.79,3.29,0.29,0.07,0.43
Durbin,8, ,1,19.04,31.8,75.67,1.29,1.94,0.09,0.55,0.46,5.62,7.83,6.54,1.57,7.28,1.11,2.21,11.8,4.24,0.65,2.76,6.91,2.95,2.4,1.75,1.75,0.74,1.01,1.2,2.03,4.33,0.83,2.4,5.44,5.07,5.71,3.69,1.66,0,1.29
Durbin,8, ,1,17.88,30.92,73.29,2.37,1.38,0.13,0.13,0.86,5.13,7.96,6.64,2.96,6.05,0.46,2.37,13.36,5,0.79,1.38,6.64,2.17,1.05,1.32,1.51,1.38,1.05,0.72,0.59,4.28,2.04,1.71,7.17,4.34,4.21,1.58,1.38,0.39,1.51
Durbin,8, ,1,17.95,31.82,73.05,2.69,1.41,0,0.64,0.64,4.48,6.85,7.11,3.59,5.12,1.09,1.98,12.61,4.16,1.41,1.92,6.79,1.98,2.5,1.92,1.41,1.47,1.28,1.34,1.15,4.87,1.73,1.34,6.66,4.48,3.59,2.3,0.64,0,2.18
Durbin,8, ,1,15.04,32.98,69.41,2.13,1.33,0,0.4,0.93,3.06,7.71,6.12,1.86,4.65,1.33,1.6,11.7,3.86,0.53,2.13,7.31,1.46,3.99,0.8,2.39,0.53,0.66,0.66,1.2,4.92,0.4,1.06,5.85,4.79,4.26,2.93,1.06,0,1.6
Durbin,8, ,1,15.04,28.74,74.82,2.49,1.78,0.18,1.25,0.59,5.94,5.94,7.78,3.21,6.65,1.19,2.49,12.59,5.29,1.07,2.61,8.67,1.48,1.48,1.37,2.02,1.48,2.2,1.31,0.89,4.75,2.73,1.9,6.53,3.38,3.44,1.9,1.01,0.36,1.6
Durbin,1,0,1,18.89,25.5,76.38,1.72,3.37,0.2,0.52,1.12,6.78,8.3,8.1,1.72,7.5,1.48,2.69,12.47,4.13,1.32,1.6,8.46,3.25,2.33,2.69,1.4,1.08,1.76,1.08,1.08,4.93,2.13,1.72,7.26,3.77,2.61,2.89,0.2,0.2,0.32
Durbin,8, ,1,16.52,28.59,73.54,1.55,2,0.13,0.39,1.22,4.25,7.98,6.95,2.12,5.67,0.77,2.25,12.88,3.99,0.77,2.7,8.56,3.03,1.87,0.84,1.48,0.97,0.97,0.58,1.42,4.12,1.09,2.19,6.31,5.15,2.51,1.87,0.58,0.39,1.22
Durbin,8, ,1,17.38,29.79,75.63,2.22,1.69,0.19,0.87,0.77,5.42,8.12,7.83,2.95,6.38,1.26,2.22,11.94,4.69,1.02,2.22,7.3,3.05,1.5,2.32,1.35,1.64,1.69,0.97,0.87,4.59,1.5,1.45,6.38,3.92,4.35,2.61,1.31,0.1,0.97
Durbin,8, ,1,15.91,39.91,73.68,1.02,1.32,0,1.17,0,3.8,7.75,5.7,2.19,4.53,1.32,1.9,11.4,4.09,0.15,3.51,6.58,4.09,3.95,1.32,2.05,1.46,1.32,1.61,1.32,3.65,1.02,1.75,6.14,5.99,5.26,3.36,0.88,0.44,0.73
Durbin,8, ,1,15.74,35.79,74.92,0.5,2.01,0,0.67,0,3.18,9.7,6.19,0.84,4.85,1.34,2.34,10.87,3.34,0.33,2.68,6.69,5.18,4.35,0.84,1.67,1.34,1,2.01,1.84,4.68,0.84,1.51,7.36,5.35,4.35,2.68,0.67,0.33,0.67
Durbin,5, ,1,18.05,37.43,71.18,1.28,1.96,0,1.36,0.26,5.2,7.5,5.63,2.81,4.6,0.6,2.3,10.57,4.6,1.36,1.71,6.39,2.22,3.58,2.3,1.71,1.02,1.36,1.71,0.85,4.35,1.79,2.13,4.86,3.92,5.97,4.52,0.85,0,1.11
Durbin,6, ,1,20.43,28.29,73.07,2.18,3.26,0.09,0.36,1.72,5.26,6.8,9.52,1.18,9.25,0.82,1.81,12.87,5.08,1.99,1.45,9.61,2.81,1.9,1.63,1.45,1.63,1.18,1.09,0.82,6.07,1.99,1.54,6.17,2.63,3.17,1.27,1.18,0.18,1
Durbin,6, ,1,21.24,32.03,72.22,0.8,1.38,0,0.46,0.23,4.94,7.81,6.54,1.49,5.28,1.26,1.61,12.17,4.94,1.84,1.03,6.77,4.71,3.56,1.49,1.26,1.15,1.03,1.49,1.49,4.13,2.53,2.87,6.31,2.87,2.87,2.76,1.03,0,0.23
Durbin,5, ,1,18.95,26.43,74.6,2.05,2,0.49,0.54,2.15,6.25,7.43,7.28,2.83,6.64,1.27,2.15,11.48,4.64,1.61,2.54,10.75,2.88,2.64,1.86,0.88,2.1,2,0.98,1.32,4.89,2.39,1.91,4.59,3.76,2,2,0.44,0.05,0.93
Durbin,1,0,1,17.15,25.59,78.15,2.04,3.74,0.5,0.55,0.44,6.34,8.36,8.2,2.5,7.66,0.99,2.55,12.48,4.87,1.49,1.59,9.43,2.27,3.69,2.3,1.9,1.65,1.81,1.13,0.64,5.4,2.55,2.2,6.82,3.88,2.59,2.76,0.21,0.05,0.78
Durbin,6, ,1,19.5,26.15,75.79,2.48,1.93,0,0.92,0.59,5.72,7.82,8.2,3.11,7.57,0.92,3.78,12.86,5.09,1.39,1.6,6.43,1.68,3.78,2.31,2.4,1.09,1.72,1.01,1.35,4.92,1.93,1.98,7.61,4.62,2.65,2.44,0.38,0.17,0.8
Edwards,1,1,1,20.31,32.97,74.12,0.58,3.01,0,0.92,1.09,3.92,8.1,7.1,0.83,5.43,2.25,1.59,11.85,5.01,0.83,2.67,8.6,4.84,4.92,2,1.59,2.67,1.67,3.34,2,6.51,1.09,1.34,5.59,2.84,2.67,2.75,0.33,0.08,0.33
Edwards,1,1,1,20.62,32.73,73.94,0.78,2.94,0,1.65,0.35,4.94,5.89,7.1,0.69,7.01,2.16,2.77,10.48,5.28,1.21,2.34,8.4,4.42,4.33,3.2,2.25,2.68,2.16,2.34,2.6,5.02,1.73,1.56,4.42,3.64,3.38,3.29,0.26,0,0.35
Ensign,1,1,0,20.21,28.95,74.93,0.49,3.67,0,2.1,0.74,4.45,6.64,7.51,1.53,7.3,1.2,1.86,12.58,4.54,1.15,1.57,10.06,2.56,6.72,2.1,1.77,1.28,1.28,1.57,1.24,4.95,1.57,1.69,5.48,4.45,2.31,2.64,0.45,0.45,1.03
Enzi,1,1,0,15.65,26.85,76.46,0.87,4.69,0,1.66,0.47,4.42,7.89,9.15,3,7.93,1.18,2.84,11,4.65,1.81,1.97,11.12,2.56,2.17,3.04,1.74,1.81,1.7,1.54,1.34,7.06,2.17,2.21,4.38,3.98,3.04,4.38,0.24,0,0.35
Faircloth,5, ,0,16.39,29.32,73.9,3.9,3.73,0,0.51,1.53,4.24,8.81,8.14,1.69,8.31,1.36,4.58,11.86,4.24,1.19,2.37,7.46,5.76,1.02,3.9,2.2,1.69,1.53,1.19,0.85,5.08,1.53,0.85,5.25,2.88,2.37,3.56,1.36,0,0.17
Feingold,9, ,1,21.37,30.05,71.67,0.74,3.2,0,0.25,0,4.68,7.64,8.37,2.22,6.4,1.23,3.2,10.34,4.68,1.48,1.23,6.9,5.42,2.22,0.74,1.48,2.46,1.23,1.97,0.99,5.17,2.22,0.99,9.36,4.43,3.45,2.22,0.25,0,0
Feingold,8, ,1,21.82,33.96,72.6,1.35,1.04,0,0,0.42,6.04,8.33,5.62,1.67,5.42,1.35,2.5,12.6,4.17,0.94,1.88,5.21,3.85,3.44,2.71,1.25,1.98,2.5,1.25,1.67,2.81,2.6,1.67,6.25,4.27,4.17,3.44,0.42,0.1,0.94
Feingold,7, ,1,25.44,42.54,62.7,0,0.1,0,0.71,0.71,2.22,7.16,3.73,1.31,2.32,0.71,1.31,13.61,4.03,0.2,2.02,5.65,2.12,3.33,0.71,2.12,0.71,1.41,1.61,1.51,2.62,0.6,1.61,6.65,2.12,6.55,3.73,1.11,0.2,0.3
Feingold,8, ,1,16.22,36.74,71.89,2.1,1.85,0,0.12,1.11,4.07,7.52,4.93,1.23,6.04,0.49,2.47,13.44,4.32,0.86,1.48,9,1.97,3.58,1.23,1.23,1.6,0.99,1.23,0.99,4.69,0.74,2.71,3.82,4.07,4.44,3.45,0.12,0.12,0.62
Feingold,1,0,1,22.61,34.05,69.84,2.41,2.01,0,0,0.27,3.35,8.04,6.43,0.8,5.5,1.47,2.82,13.14,4.56,0.54,1.88,4.83,3.35,3.35,4.16,2.82,2.28,2.28,1.34,0.67,4.42,1.07,1.47,5.76,3.35,2.28,2.95,0,0,0.27
Feingold,2,0,1,19.66,32.11,69.16,1.75,0.32,0,0,1.11,4.29,7.63,6.52,3.18,4.13,0.64,2.54,13.67,4.29,0.16,2.7,6.52,2.23,3.34,1.27,2.07,0.64,1.75,0.64,0.95,3.66,0.64,1.75,6.2,6.04,2.7,2.86,0.64,0,1.75
Feingold,5, ,1,22.81,35.49,72.44,0.42,4.38,0,0.21,1.25,4.8,4.18,8.77,0.42,6.26,2.09,3.13,11.9,5.85,2.09,1.25,8.14,4.18,2.92,2.09,1.25,2.51,1.67,2.71,2.3,4.59,3.76,1.04,7.72,3.55,2.71,3.97,0,0,0.21
Feingold,8, ,1,23.79,38.94,71.24,0.22,0.44,0,0,0.22,4.65,9.73,5.75,0.44,3.54,1.33,0.66,13.5,4.2,1.33,2.88,4.2,7.52,1.77,2.65,1.33,1.55,0.22,2.43,1.55,3.76,0.88,0,6.42,3.32,2.21,2.88,0.22,0,0
Feingold,8, ,1,24.19,35.77,71.7,1.27,0.95,0,0,0.32,3.66,6.68,5.41,1.11,4.77,0.32,2.23,13.04,5.88,1.43,2.54,6.52,1.59,3.18,1.43,2.23,0.95,1.59,0.95,1.59,4.93,1.59,2.07,7.15,4.13,3.97,2.54,0.32,0,0.48
Feingold,8, ,1,22.21,35.74,70.94,1.5,1.09,0,0,0.14,4.5,9,5.59,1.77,5.18,0.55,1.23,15.42,4.91,0.68,2.05,7.09,3.55,2.46,1.91,0.82,1.23,1.5,1.77,1.5,4.37,1.36,0.55,5.87,2.86,4.09,2.46,0.27,0.14,0.41
Feingold,8, ,1,31.61,39.2,71.25,1.24,0.41,0,0,0.83,4.54,7.57,4.68,0.83,4.4,0.69,1.93,12.1,5.78,0,2.61,5.36,4.95,1.93,1.51,1.51,0.96,0.55,1.24,0.96,4.68,0.55,1.93,5.23,3.58,4.81,2.61,2.2,0,0.41
Feingold,5, ,1,20.68,37.5,68.75,0.24,3.42,0,0.12,0.59,4.13,5.42,6.37,0.83,5.54,1.53,2.83,12.74,6.37,1.53,2.36,6.49,2.83,3.66,1.65,1.18,2.12,2.36,0.71,1.42,6.84,2.48,1.3,5.66,2.95,4.25,3.66,0.47,0.47,0.12
Feingold,8, ,1,25.81,41.38,67.88,0.12,0.12,0,0,0.75,3.62,9.75,4.25,1,3.62,0.75,1,12.5,3.38,0.25,2.12,4.12,2.88,3.12,1.5,2.62,0.88,1.88,1.75,1.62,3.5,1,2,8.75,3.75,3.38,2.75,0.12,0,0.5
Feingold,8, ,1,21.21,39.3,71.46,2.78,0.73,0,0.12,0.24,2.9,7.74,4.11,1.45,5.08,0.24,1.69,14.63,4.35,1.57,1.21,6.89,3.99,2.06,2.18,0.97,0.73,1.09,1.21,0.36,4.23,2.66,1.09,6.77,3.99,6.29,4.59,0.24,0.48,0.24
Feingold,1,0,1,19.85,30.7,75.29,1.23,2.11,0,0.2,0.48,5.51,7.96,7.9,0.75,6.88,1.84,2.31,12.32,4.15,1.43,2.59,6.26,2.93,3.88,2.31,2.59,1.7,3.27,1.36,1.84,4.08,2.79,1.84,7.22,2.18,2.79,3,0.07,0.07,0.14
Feingold,1,0,1,20.65,30.41,76.9,2.54,2.97,0.03,0.33,0.63,4.84,6.79,7.05,1.38,7.15,0.76,3.16,13.61,5.44,1.68,2.44,8.37,2.44,4.28,2.5,1.78,1.55,2.64,1.48,1.12,5.3,2.57,1.45,6.66,4.12,2.9,2.67,0.23,0.1,0.36
Feingold,1,0,1,23.67,42.96,68.31,4.93,0,0,0,0,3.52,4.23,4.23,0.7,4.93,0.7,0.7,14.08,2.82,3.52,2.82,6.34,4.23,2.82,5.63,1.41,1.41,3.52,0.7,3.52,1.41,3.52,1.41,7.75,0.7,4.23,3.52,0,0,0
Feinstein,9, ,1,27.19,34.38,65.26,0.5,1.09,0.09,0.05,0.45,3.59,6.72,5.13,1.5,3.77,1.04,2.18,11.58,5.13,0.82,2.09,3.45,3.45,3.04,1.59,2.09,1.04,1.68,1.32,1.09,4.27,1.23,1.54,8.58,3.59,4.13,2.95,0.86,0.05,0.18
Feinstein,5, ,1,29.64,35.66,66.75,1.08,1.08,0,0.12,0.12,5.3,6.27,5.18,0.48,4.7,0.72,2.41,13.73,5.78,0.36,2.53,2.77,2.53,2.65,0.84,0.84,1.2,2.05,1.2,1.57,5.06,1.45,1.81,6.99,3.13,3.98,2.65,0.6,0.12,0.12
Feinstein,1,1,1,18.04,29.98,71.21,1.4,2.96,0,0.43,0.59,4.2,7.1,7,1.13,5.54,1.83,3.39,11.95,5.27,1.08,2.15,6.57,1.51,4.25,2.48,1.61,1.29,2.15,0.97,0.7,5.81,1.88,1.94,7.64,3.93,2.1,2.37,0.38,0.32,1.08
Feinstein,2,1,1,22.32,30.4,72.16,1.76,1.44,0,0.64,0.8,4.16,7.68,5.92,2.24,5.76,0.96,1.76,12.8,4.64,1.44,1.92,6.4,3.36,1.92,2.08,2.4,1.44,1.44,1.44,1.92,6.4,2.24,1.44,6.56,4,2.88,2.72,0.16,0.48,0.8
Feinstein,1,1,1,16.15,27.96,74.89,1.11,2.71,0.15,0.97,0.44,5.47,6.43,8.22,1.06,6.82,2.23,2.9,11.9,6.19,1.94,1.98,7.79,2.56,3.82,2.08,2.32,2.52,2.61,1.89,1.26,5.76,2.71,1.79,7.01,3.63,2.52,2.66,0.19,0.24,1.26
Feinstein,6, ,1,21.78,33.53,72.72,1.76,0.86,0.07,0.4,0.47,4.86,8.32,6.59,2.13,5.85,1.06,2.73,12.51,4.82,0.96,2,4.69,2.69,3.66,1.66,2.99,1.46,1.73,1.4,1.23,4.09,1.53,1.8,7.09,4.66,2.69,2.2,0.1,0.07,0.83
Feinstein,6, ,1,26.76,40.21,67.97,1.25,0.53,0,0,0,5.16,5.87,5.69,0.71,5.69,0.53,0.71,13.7,5.16,0.89,1.25,3.74,3.74,3.91,1.07,1.78,1.07,0.53,0.89,3.2,6.05,1.42,2.31,3.91,2.85,5.34,3.2,0.71,0,0
Feinstein,1,1,1,22.49,33.53,73.68,2.28,0.48,0,1.32,0.48,4.45,8.41,6.73,0.96,7.09,0.96,2.16,11.54,6.25,1.2,1.08,5.17,3.85,4.09,3.85,3.12,2.16,2.16,1.08,1.68,4.09,2.4,1.32,5.17,3.25,3,3.37,0,0.12,0.24
Feinstein,1,1,1,17.85,29.99,71.29,1.39,2.93,0,0.43,0.59,4.22,7.15,7.04,1.12,5.6,1.81,3.36,12.06,5.23,1.12,2.13,6.56,1.49,4.32,2.45,1.6,1.28,2.13,0.96,0.69,5.76,1.92,1.92,7.68,3.9,2.08,2.4,0.37,0.32,1.12
Fitzgerald,1,1,0,20.79,32.33,68,0.8,2,0,0.94,0.4,3.47,7.95,5.74,1.07,4.61,1.27,1.34,12.02,4.28,0.94,2.14,6.28,2.94,4.34,1.47,1.67,1.34,1.27,0.94,1.8,4.54,1.67,1.14,7.01,4.21,3.01,2.87,0.27,0.67,0.6
Frist,8, ,0,16.33,27.56,74.74,2.82,1.29,0.33,1.34,1.05,4.74,8.18,6.79,4.11,6.08,0.29,2.78,13.64,4.4,0.72,2.06,10.14,2.68,1.82,1.2,1.2,0.96,1.05,0.67,0.67,4.4,1.72,2.54,6.99,3.54,2.15,2.25,0.14,0,0.53
Frist,8, ,0,17.11,28,75.69,2.46,1.85,0,0,0.31,3.08,7.38,7.69,2.15,7.38,1.54,3.69,15.69,4.92,0,2.15,5.54,1.54,1.85,0,1.85,1.85,1.54,0.62,0,4.62,0.92,3.38,8.31,6.15,3.69,1.54,0.31,0,0
Frist,9, ,0,21.02,35.73,66.92,0.88,0.66,0,0,0.22,5.53,7.19,3.87,0.77,2.77,1.11,1.88,12.39,4.09,0.77,2.77,4.76,2.77,2.43,1.66,1.22,1,1.33,1.66,2.21,2.99,1.11,2.21,7.08,3.54,4.76,2.43,1,0.11,0.11
Frist,8, ,0,14.35,23.98,77.66,1.43,2.25,0.2,0,1.43,3.28,8.81,7.99,1.23,7.79,0.82,3.89,14.55,5.12,0.61,2.46,8.4,1.84,1.84,1.23,0.82,1.02,2.25,0.41,0.61,4.51,1.64,2.66,9.43,4.51,1.64,1.84,0,0,1.02
Frist,8, ,0,16.84,29.07,76.51,1.54,1.33,0.05,0.05,1.18,5.22,8.9,7.57,1.94,5.99,1.13,3.89,11.62,4.91,0.97,2.25,5.22,2.2,4.09,1.59,2.05,1.38,1.54,1.43,0.97,4.3,1.59,1.69,7.88,4.55,2.87,2.71,0.82,0.05,0.92
Frist,1,1,0,18.54,30.54,73.69,0.58,2.49,0.25,1.08,0.83,4.48,7.55,6.72,2.16,4.32,1.58,2.57,11.37,5.56,1.91,1.99,8.13,3.4,4.07,1.16,2.16,1.99,2.32,1.41,1,4.65,2.82,1.91,5.89,5.73,2.57,3.07,0.33,0.25,0.66
Frist,8, ,0,16.49,23.59,77.16,1.58,1.99,0.33,0.25,0.5,5.56,8.64,7.97,3.41,7.14,0.42,3.9,15.2,4.82,0.58,2.24,9.63,2.74,1.5,0.83,0.83,0.75,1.08,1.33,0.33,4.82,1.08,1.74,8.72,4.57,1.83,1.33,0,0.17,0.66
Frist,8, ,0,22.46,21.64,82.81,1.16,2.14,0,0,0.89,6.23,10.86,7.57,2.85,6.41,0.8,2.85,16.47,5.16,1.34,1.96,8.28,2.23,1.78,1.87,1.6,1.25,0.89,0.53,1.25,5.52,2.05,2.67,8.82,4.54,3.03,2.76,0.09,0,1.25
Frist,8, ,0,16.95,28.09,71.63,1.26,0.84,0.42,0,0.98,4.35,7.72,6.46,1.69,6.32,0.14,2.81,16.01,4.21,0.84,2.81,6.74,1.97,2.39,0.42,0.84,0,0.84,0.7,0.84,4.35,1.26,2.67,7.58,4.63,2.25,1.54,0,0.14,1.54
Frist,1,1,0,17.44,33.95,70.84,0.65,1.3,0,1.74,0.85,2.89,5.68,6.48,1.69,5.28,1.05,2.29,11.47,5.58,0.8,2.34,6.93,2.19,7.13,1.65,2.09,1.3,1.25,1,0.95,4.89,1.65,0.9,5.83,3.14,3.99,2.59,0.6,0.1,1.4
Gorton,2,0,0,25.65,28.79,73.31,1.35,2.7,0.3,0,0.6,4.5,7.8,6.6,1.05,5.4,1.5,2.7,13.19,5.55,1.8,2.4,7.05,2.85,1.8,1.8,2.55,1.8,1.95,1.65,0.9,6.3,2.55,1.05,8.55,2.85,2.85,3,0.75,0.15,1.2
Gorton,2,0,0,20.66,24.48,75.66,1.24,2.35,0.28,0.14,0.41,6.09,10.1,6.22,0.55,5.95,1.24,1.94,15.35,3.18,2.49,2.07,5.67,2.63,2.49,1.8,3.73,1.8,1.66,0.97,0.41,4.56,3.04,1.52,6.78,3.18,3.46,2.9,1.24,0,1.66
"Graham, FL",6, ,1,22.28,34.16,73.07,2,1,0,1,1.25,5.49,5.99,6.23,2.99,4.99,1.25,1.5,13.97,3.49,0.75,1,5.49,1.5,6.23,1.5,2.49,0.5,0.5,1.75,1.5,3.99,1,1.25,5.99,5.49,3.74,4.49,0.5,0.5,1.5
"Graham, FL",1,0,1,21.53,30.24,75.29,2.07,2.55,0.33,0.81,0.63,5.38,8.81,7.85,1.77,7.52,0.86,1.77,13.35,3.94,1.01,1.54,8.28,1.92,4.06,1.92,2.3,1.03,1.41,0.61,1.16,4.47,1.56,1.77,5.86,3.74,2.88,4.11,0.15,0.15,0.5
"Graham, FL",1,0,1,19.89,32.6,73.84,1.86,2.99,0.11,0.28,0.96,4.52,7.4,6.67,1.13,4.92,1.86,2.37,12.77,4.07,0.79,2.03,7.4,1.69,5.59,2.26,2.09,1.81,1.47,1.02,1.19,4.52,1.3,1.98,6.21,4.07,2.49,3.62,0,0.06,1.02
"Graham, SC",6, ,0,16,24.14,78.8,1.59,2.27,1.65,0.55,1.72,5.7,7.41,10.17,1.59,9.44,1.9,3.19,12.5,4.6,1.47,1.96,9.5,2.94,4.23,2.33,2.21,2.27,2.33,0.55,1.16,4.04,2.63,2.08,5.45,4.41,1.16,2.02,0.49,0.37,1.23
"Graham, SC",5, ,0,15.94,25.1,76.86,3.14,3.14,1.18,0,0,5.49,9.02,6.67,1.18,9.8,0.39,4.31,11.37,5.49,1.57,1.57,7.06,3.92,0,3.14,3.53,2.75,2.35,2.75,0.39,5.49,1.96,4.31,5.88,1.18,4.71,4.71,0.78,0.78,0
Gramm,1,1,0,14.32,18.57,84.01,3.31,4.78,1.84,1.1,1.29,5.88,6.99,11.95,1.1,13.97,1.47,2.39,10.85,6.25,1.65,1.29,14.71,2.39,3.12,2.57,1.47,2.02,1.84,0.37,2.21,7.72,2.76,2.76,5.33,2.02,2.39,2.57,0,0,0.18
Grams,1, ,0,22.62,33.4,70.04,1.22,1.65,0,1.08,0.99,3.76,7.53,7.01,1.98,5.27,1.32,2.49,11.85,5.32,1.03,1.65,6.54,1.98,2.87,2.02,2.45,1.83,1.65,0.94,1.79,3.67,2.35,1.65,5.03,3.48,4.84,3.72,0.38,0,0.47
Grams,8, ,0,19.17,33.83,68.41,0.89,1.34,0,0,0.3,3.73,7.6,6.26,1.34,4.47,1.04,1.79,13.86,3.73,0.89,1.79,4.47,2.68,2.38,1.19,1.94,1.34,1.64,0.45,2.09,2.98,1.19,2.98,6.11,4.02,2.53,2.53,0.3,0.45,0.75
Grams,2,0,0,18.04,33.49,69.16,2.65,1.93,0,0.48,0.96,4.1,6.75,6.51,0.96,7.71,0.96,2.89,11.33,5.78,2.65,2.41,8.19,3.86,1.69,1.2,3.37,1.2,1.2,1.45,1.93,4.58,3.13,1.93,4.58,3.37,4.1,4.58,0,0,0.24
Grassley,1,1,0,20.78,33.21,71.55,2.19,1.44,0.11,0.53,0.32,3.96,6.79,6.26,1.76,5.35,0.86,2.57,13.58,5.13,0.91,2.25,5.88,2.62,3.9,2.73,1.93,1.07,2.19,1.23,1.82,3.48,1.87,1.18,5.99,4.6,2.94,2.83,0.37,0.11,0.48
Gregg,1,1,0,22.42,28.13,76.54,0.91,3.8,0.62,0.17,0.95,6.15,7.77,8.34,1.12,7.97,1.24,3.1,12.6,6.57,1.4,1.98,8.22,2.27,2.4,2.48,3.06,1.24,2.35,1.57,0.45,5.87,2.48,2.35,6.28,3.1,2.44,2.4,0.08,0.37,0.17
Gregg,2,0,0,19.1,26.4,78.83,1.68,2.46,0.09,0.09,0.91,6.78,7.28,8.92,2.28,8.74,0.86,4.28,13.02,5.83,1.73,1.87,6.65,1.46,2.41,3.05,3.46,1.37,2.87,1.46,0.5,4.69,2.82,2.18,7.28,3.32,1.91,2.32,0.5,0.18,0.68
Gregg,1,1,0,18.17,27.81,76.69,1.12,3.61,0.12,1.66,0.95,5.98,6.98,9.7,2.72,8.52,1.24,2.66,11.01,6.63,0.95,1.42,10.18,1.89,4.73,2.13,2.66,1.83,2.43,1.01,0.71,6.15,2.72,1.72,5.21,2.43,3.2,3.14,0.06,0.12,1.18
Hagel,5, ,0,18.81,34.05,70.59,0.79,2.04,0.34,0.45,0.34,3.62,8.26,6.22,1.02,3.73,2.38,1.92,10.75,3.96,1.24,2.15,5.66,4.19,1.92,3.05,2.26,2.38,0.9,2.71,1.24,5.54,1.24,1.58,8.26,4.64,4.19,4.86,0.23,0,0
Hagel,1,1,0,18.89,32.92,71.2,0.67,3.12,0,0.11,0.17,3.45,8.64,6.52,0.61,5.07,1.95,2.23,11.87,5.79,1.67,2.56,5.96,3.29,2.28,2.84,2.45,1.67,1.78,1.78,1.39,6.18,1.95,1.95,6.57,3.9,3.9,3.51,0.5,0.17,0.45
Harkin,1,1,1,28.42,34.54,71.76,1.57,1.85,0,1.3,0.46,3.52,7.22,4.81,1.48,3.8,0.93,1.85,11.76,6.3,0.65,1.85,7.04,2.96,4.07,2.69,2.78,0.93,1.11,1.76,1.94,6.48,1.39,1.3,6.02,4.26,4.17,3.52,0.19,0,0.65
Hatch,6, ,0,20.68,34.63,70.81,1.47,1.3,0,0.17,0.35,4.66,7.25,5.44,1.55,4.58,0.95,2.07,14.34,4.75,1.04,1.3,5.27,2.42,3.63,1.64,1.73,0.95,1.55,1.12,0.95,4.23,1.3,1.21,6.39,4.23,5.44,2.76,0.69,0.26,0.52
Hatch,1,1,0,21.86,31.73,74.79,1.62,2.76,0.16,1.07,0.65,3.96,7.4,7.4,1.85,5.55,1.72,2.08,13.08,5.55,1.46,2.11,8.27,2.47,3.57,2.69,2.04,1.82,1.62,1.98,1.3,5.39,1.98,1.14,6,4.64,3.41,2.63,0.42,0.52,0.32
Helms,5, ,0,25.02,38.69,65.99,0.17,0.26,0.09,0.09,0.77,4.68,8.25,4.76,1.19,2.64,1.36,2.3,12.84,4.51,0.68,1.53,3.06,1.96,2.64,0.77,2.38,1.36,0.77,1.45,2.21,4.34,0.94,1.19,6.21,3.83,6.04,3.83,1.7,0.17,0
Helms,1,1,0,16.48,30.87,69.66,1.58,1.85,0,1.58,0.53,4.49,7.39,7.65,2.11,6.6,0.79,2.11,10.55,5.54,0.53,1.32,10.82,0.53,5.28,2.11,0.79,1.85,1.85,1.06,0,5.54,1.58,0.53,4.49,2.9,2.37,1.58,0.53,0.26,1.32
Helms,1,1,0,18.92,31.71,70.93,1.42,1.22,0,0.61,1.22,5.69,8.74,6.5,0.61,6.1,1.63,3.05,10.77,3.86,0.81,0.81,8.74,2.03,2.64,0.61,1.83,1.42,2.24,1.42,1.63,3.05,2.24,2.03,5.08,3.25,4.07,3.86,1.02,1.22,0.2
Helms,1,1,0,21.75,38.31,67.56,1.02,1.53,0,1.15,0,2.94,6.64,5.87,1.02,4.47,1.4,2.3,11.49,3.7,1.28,1.79,5.62,2.68,4.09,1.28,1.15,1.79,1.53,1.79,1.53,4.09,0.89,1.53,5.36,6.13,5.24,3.7,0.51,0.51,0.38
Hutchinson,1,1,0,18.66,24.19,78.25,1.5,4.57,0.08,1.42,1.1,5.99,8.59,9.38,1.73,9.3,1.34,2.6,11.43,4.41,0.79,2.36,12.06,3.23,1.89,1.58,1.73,2.05,1.34,1.34,1.34,6.78,1.58,1.89,5.44,3.23,3.07,3.31,0.24,0,0.39
Hutchinson,2,0,0,24.39,26.06,79.76,2.38,4.1,0.13,0.13,0,7.8,8.07,9.92,0.66,11.11,1.46,3.84,11.24,5.56,0.93,2.12,8.86,4.1,0.4,3.31,1.06,2.38,3.44,2.12,0.53,6.61,2.91,2.51,4.37,3.97,2.25,3.31,0.26,0,0.13
Hutchinson,1,1,0,15.33,32.32,72.55,1.17,2.02,0.04,1.21,0.7,4.84,6.82,8.06,2.57,6.52,0.81,2.64,12.28,3.37,1.06,2.09,7.55,1.98,5.28,2.42,1.5,1.03,1.1,1.65,0.88,4.4,1.25,1.47,5.35,3.74,2.71,2.38,0.4,0.11,0.88
Hutchison,2,0,0,15.22,25.48,78.85,1.6,6.09,0.32,0.64,0.8,4.81,8.65,12.98,4.65,10.42,0.64,2.88,11.06,4.49,2.08,0.8,13.14,1.28,1.28,1.92,1.76,1.6,1.76,1.12,1.76,8.33,2.72,1.92,5.29,4.49,3.69,3.53,0.48,0,0
Hutchison,1,1,0,16.76,25.33,81.43,1.19,3.98,1.06,0.8,1.06,7.69,8.62,11.01,1.19,11.01,1.72,3.58,12.07,4.64,0.8,1.33,12.73,2.52,3.32,2.25,2.12,2.65,3.58,1.19,1.06,4.77,2.79,1.46,5.31,1.59,2.52,2.92,0.13,0,0.66
Hutchison,3, ,0,18.97,22.13,82.45,1.64,6.14,0.35,0.09,0.35,5.96,7.69,11.84,1.12,11.58,1.38,4.24,12.53,5.88,1.3,2.33,9.68,1.73,0.86,2.33,2.33,2.16,2.25,0.95,0.86,6.91,1.9,1.99,6.31,4.32,3.11,2.85,3.98,0,0.17
Hutchison,2,0,0,17.91,24.17,77.67,2.1,4.96,0.16,0.69,0.56,5.98,7.16,10.8,1.48,10.94,1.77,4.2,10.11,6.17,2.3,1.61,9.62,3.09,1.15,2.2,1.81,2.43,2.2,1.9,0.82,7.22,3.91,2.66,6.04,4.14,1.9,2.73,0.36,0.03,0.26
Hutchison,1,1,0,13.32,28.43,74.98,2.12,4.02,0.23,0.68,0.15,4.62,7.2,9.17,2.88,7.66,0.76,2.12,10.31,4.47,1.29,2.12,9.78,2.27,5.08,2.43,1.97,1.36,1.82,0.61,1.82,6.14,1.52,1.59,5.61,3.79,2.73,3.11,0.23,0,1.21
Hutchison,5, ,0,11.56,23.08,78.85,3.85,2.4,0.96,0.96,1.44,4.33,6.73,9.62,0.96,9.62,1.92,2.88,12.5,3.85,1.44,0.96,10.1,0.96,1.44,0.96,3.37,3.37,1.44,1.44,0.48,5.77,2.4,4.33,8.65,4.81,4.81,3.85,1.44,0,0
Inhofe,6, ,0,18.22,25.75,76.27,3.47,3.55,0,0.81,0.89,5.41,5.81,9.2,2.58,8.07,1.45,4.28,11.38,4.6,1.37,1.86,9.12,1.53,2.42,1.45,1.78,2.02,1.29,0.89,1.13,6.13,1.69,1.78,5.17,4.92,2.74,2.58,0.97,0.4,0.24
Inhofe,2,0,0,19.7,27.45,74.79,1.58,3,0.33,0.25,1.25,3.83,5.32,9.4,2.25,7.74,1,3.99,11.56,3.99,2.33,2.5,10.73,3.08,4.24,1.33,1.16,1.41,2,1.66,1.41,5.99,2,1.83,8.24,3.24,2.5,1.75,0.17,0.33,1.16
Inhofe,1,1,0,16.92,26.21,75.99,1.77,2.89,0.23,1.97,0.95,5.42,7.91,8.6,3.58,7.62,1.08,2.73,11.43,2.92,1.58,1.81,10.61,2.59,2.23,2.56,1.48,1.35,1.54,1.05,1.22,4.4,1.9,1.54,6.34,4.89,2.76,2.1,0.23,0.16,0.3
Jeffords,6, ,0,19.33,35.06,68.39,2.87,1.15,0,0,0,6.32,9.77,6.32,0,5.17,2.3,0,14.37,3.45,0,1.72,1.72,5.17,1.72,0.57,0.57,1.72,1.72,1.15,0.57,2.3,1.15,2.3,4.6,1.15,5.75,5.17,1.72,0,0
Jeffords,1,0,0,16.39,34.26,72.95,0.69,2.91,0,0,0,3.19,10.4,4.58,0.42,5.69,0.69,2.22,11.1,4.58,0.14,2.22,6.1,5.13,3.74,2.77,1.66,2.5,1.66,0.69,1.66,5.13,0.83,1.94,7.49,3.33,4.16,6.66,0.42,0,0.83
Jeffords,1,0,0,20.42,34.06,75.15,1.68,2.41,0,0.88,0,4.39,7.09,6.43,1.02,5.7,1.61,2.7,13.08,5.04,1.39,2.12,5.41,3.14,5.04,1.68,1.75,2.85,2.12,1.17,1.83,5.48,3,2.34,6.07,3.95,3.95,4.97,0.51,0.07,0.51
Johnson,1,1,1,27.52,35.05,68.35,1.06,1.52,0,0.12,0.7,3.87,6.45,4.34,1.17,3.4,0.7,2.46,14.07,6.1,0.94,1.76,5.51,1.76,4.34,1.52,1.76,0.82,1.52,1.64,0.47,6.1,1.17,1.06,4.92,3.63,4.57,1.76,0.7,0,0.82
Johnson,5, ,1,22.44,37.62,68.32,3.47,0.99,0,0,0.5,7.43,7.43,2.48,0.5,5.45,0.5,1.98,10.89,3.47,0,1.98,3.96,4.46,1.49,0.5,1.49,0,0,2.48,0.99,6.93,0,2.97,4.95,5.94,4.46,5.45,2.97,0,0
Kaine,6, ,1,20.49,28.66,76.81,2.27,2.18,0.06,0.22,0.99,6.68,6.84,8.95,3.11,7.34,1.65,2.89,12.34,5.88,1.43,2.08,6.84,2.05,3.26,2.67,2.49,1.96,2.46,1.18,1.24,5.63,2.3,1.68,6.25,3.64,1.77,2.83,0.22,0.28,0.81
Kaufman,5, ,1,18.31,41.3,70.31,0.68,0.17,0,0,1.37,2.73,6.66,6.48,2.73,4.44,0.51,2.39,10.92,7.68,0.68,0.85,6.83,5.12,0.68,1.37,0.34,0.34,0.68,0.34,3.75,5.8,1.54,1.19,6.31,2.22,2.9,2.05,0.85,0,0
Kennedy,1,0,1,18.44,32.27,69.45,0.82,2.58,0.04,0.78,0.23,4.02,7.22,7.1,1.4,4.96,2.11,3.24,10.61,4.21,0.94,2.18,6.16,3.08,4.64,1.83,1.87,1.21,1.64,1.29,0.86,3.86,1.72,1.29,4.84,4.92,3.08,2.73,0.27,0.23,1.6
Kennedy,8, ,1,17.75,31.22,74.88,0.47,2.82,0,0.7,0,2.11,8.92,6.34,2.11,3.29,1.41,2.35,14.32,5.4,1.41,2.58,8.22,1.64,2.35,0.7,1.41,1.88,1.64,1.88,1.88,4.93,2.82,1.41,8.22,5.63,2.35,1.41,0.23,0.23,2.35
Kennedy,8, ,1,19.62,34.16,72.18,0.14,1.79,0,0.69,0.41,2.07,10.88,5.79,1.65,2.89,2.2,2.34,13.64,5.1,1.24,1.79,8.4,2.34,2.48,1.1,1.65,2.34,1.79,1.79,1.65,4.55,1.65,1.65,7.16,5.23,2.75,1.93,0.14,0.14,1.52
Kennedy,1,0,1,19.55,37.67,67.91,3.26,1.4,0,1.4,0,2.33,8.37,3.26,0,4.65,0.47,1.86,12.09,5.58,0.93,0.93,7.91,3.26,5.58,1.4,0.47,0.47,0,0,0.47,4.19,0.93,1.86,6.51,4.19,5.58,0.93,0.47,0,0
Kennedy,1,0,1,17.57,29.3,74.82,0.17,3.01,0,0.51,1.24,3.72,7.83,7.15,1.3,5.97,1.52,2.54,12.9,4.34,1.32,2.7,8.54,3.21,4.62,1.77,2.06,1.44,1.8,2.08,1.1,4.42,2.31,1.04,6.62,3.89,2.76,2.59,0.73,0.59,1.77
Kennedy,1,0,1,19.43,37.25,70.51,0.31,2.3,0.08,0.31,0.15,4.61,7.37,5.38,2.07,3.15,1.38,3.3,11.67,5.15,0.92,1.84,4.69,2.53,5.76,1.77,1.61,1.38,1.69,1.15,3.69,3.99,2,1.77,6.99,4.38,2.61,2.69,0,0.31,1.31
Kennedy,1,0,1,22.98,34.38,70.91,0.75,2.3,0,1.06,0.6,3.39,7.19,6.25,1.39,4.72,1.59,2.36,12.04,5.06,1.36,1.69,6.79,2.94,5.82,1.98,1.98,1.55,2.01,1.3,1.26,4.63,2.22,1.32,6.19,3.68,3.29,3.32,0.31,0.17,1.21
Kennedy,1,0,1,19.72,32.06,74.04,0.99,2.91,0.14,1.1,0.78,3.26,8.01,7.94,1.38,6.63,1.6,2.59,12.02,4.65,1.31,1.99,8.12,2.59,4.65,2.52,2.34,1.42,2.2,1.06,2.06,4.54,2.55,1.31,5.85,3.55,3.65,3.33,0.32,0.11,1.81
Kerrey,1, ,1,17.85,31.5,73.18,0.46,3.55,0.15,0.77,0.51,3.34,8.38,6.63,1.18,5.19,1.85,2,12.13,4.47,0.87,1.8,8.68,3.6,3.19,1.64,2.06,2.47,1.9,1.44,1.03,5.81,1.85,1.28,4.78,3.44,3.75,3.44,1.49,0.05,0.67
Kerrey,1, ,1,19.56,31.63,70.95,1.53,2.64,0.11,0.37,0.58,3.58,7.17,6.85,3.16,5.01,0.9,2.16,12.65,4.69,0.63,1.9,8.38,2.79,3.06,1.27,2.06,1.27,1.21,0.79,1.42,4.69,1.27,1.58,6.27,4.06,2.79,2.37,1.37,0.79,0.58
Kerrey,1, ,1,17.27,32.24,72.88,1.16,2.03,0.1,1.64,1.16,3.76,8.2,5.21,1.16,5.31,0.58,1.45,12.74,5.12,0.97,1.54,7.72,2.99,3.09,2.22,1.74,1.06,1.25,1.16,2.7,4.63,2.12,1.83,6.18,3.67,3.76,3.38,0.68,0,0.39
Kerry,3, ,1,20.55,27.26,76.4,2.34,2.74,0.18,0.77,0.62,5.27,7.87,8.2,2.2,7.83,1.06,2.93,12.99,4.57,1.32,1.83,8.45,3.22,2.31,2.38,1.79,1.79,1.65,1.39,1.02,5.31,1.9,2.45,6.29,3.81,2.12,3,0.44,0.07,0.7
Kerry,1,1,1,23.44,31.89,73.46,1.19,2.1,0.05,1.24,0.78,4.57,7.96,6.56,1.67,5.92,1.23,1.99,12.85,5.17,1.3,1.58,7.22,2.44,4.2,2.38,2.84,1.6,2.08,1.55,1.19,4.82,2.04,1.48,5.87,3.68,3.38,3.48,0.37,0.11,0.85
Kirk,5, ,0,24.32,29.74,70.12,1.32,2.72,0.07,0.22,0.66,4.99,9.18,6.83,2.79,5.29,1.25,3.01,12.04,3.96,1.1,1.91,7.05,1.54,1.91,1.62,1.25,1.54,1.69,0.88,0.66,5.29,1.98,1.4,5.73,2.86,3.08,1.69,1.84,0.22,0.44
Kohl,8, ,1,23.46,35.37,67.86,1.15,0.92,0,0,0.46,2.76,8.29,4.26,2.07,3.23,0.81,2.53,14.52,3.92,0.81,2.53,4.72,2.07,1.96,1.38,1.73,0.58,1.15,1.04,0.58,4.03,1.27,0.69,9.22,5.65,3.23,1.84,0.46,0,0.58
Kohl,7, ,1,23.29,47.85,61.2,0.31,0.77,0,0.61,0.15,3.22,6.13,4.91,0.15,3.83,1.07,1.38,11.96,4.75,0,1.53,3.37,2.61,1.69,0.61,2.91,0.77,0.15,1.07,2.45,4.91,0.31,1.07,8.28,1.84,5.21,4.14,0.92,0.31,0.31
Kohl,1,1,1,18.77,32.38,75.14,2.6,2.32,0,1.5,0.27,3.83,7.24,8.33,0.27,8.06,1.37,1.37,11.61,4.37,1.64,2.6,6.69,3.42,4.51,2.87,2.46,1.09,1.78,1.09,1.23,4.78,1.91,1.64,5.46,2.87,4.23,5.19,0.27,0,0.82
Kyl,5, ,0,25.94,38.44,67.12,1.36,0.34,0,0.57,0.23,4.31,8.28,4.08,1.7,2.83,0.79,2.61,12.7,4.2,0.68,1.02,4.65,0.91,3.17,1.02,1.36,1.13,0.68,1.25,1.47,3.63,0.68,2.38,2.83,4.99,7.48,3.63,0.57,0.11,0
Kyl,1,1,0,22.46,29.79,75.3,0.94,1.76,0.3,1.28,0.56,5.09,8.26,8.09,2.27,5.95,1.33,2.91,13.36,6.21,1.46,2.44,6.68,2.61,2.05,1.46,2.48,2.27,2.53,0.98,1.16,4.62,3,1.24,5.69,4.02,3.9,2.44,0.26,0.09,0.09
Kyl,9, ,0,22.83,26.72,75.23,0.83,2.48,0.05,0.44,1.07,6.28,7.83,9,1.02,8.42,1.12,3.36,12.6,4.33,1.31,2.04,6.67,2.14,2.58,2.29,2,1.8,2.73,0.58,0.68,5.26,2.43,1.22,8.66,3.41,2.19,2.24,0.49,0.15,0.15
Kyl,9, ,0,25.26,36.37,67.96,0.46,1.2,0,0.28,0.46,4.24,7,5.34,1.38,3.87,1.01,1.93,10.87,4.7,1.66,1.75,5.99,3.78,2.49,1.66,2.03,1.75,1.57,0.74,1.66,3.87,2.03,2.21,8.38,3.78,4.88,3.41,0.74,0,0
Kyl,1,1,0,29.19,30.37,76.4,1.44,1.4,0.21,0.76,0.38,6.85,9.05,8.59,2.41,7.02,1.35,2.75,13.2,6.05,0.93,1.99,6.43,2.58,2.03,2.5,2.33,1.73,2.28,0.8,0.97,4.23,2.24,1.95,5.16,3.81,3.68,3,0.42,0,0.3
Kyl,5, ,0,15.88,35.83,67.32,0.79,1.18,0,0,0.39,3.15,7.87,5.51,0.79,4.33,1.57,1.57,12.2,3.94,1.57,1.57,4.72,3.15,2.76,1.57,1.18,0.39,1.18,0.79,1.97,3.15,1.57,3.15,5.51,4.33,3.94,3.54,0.79,0.39,0
Kyl,1,1,0,21.61,27.35,77.07,1.2,1.7,0.39,1.36,1.07,6.25,7.61,9.2,2.64,8.08,1.2,2.95,12.21,5.59,1.83,2.04,7.66,2.88,1.96,2.75,2.35,2.3,2.67,1.44,0.78,4.31,2.98,2.09,6.04,3.58,2.3,2.54,0.24,0.18,0.13
Kyl,1,1,0,27.71,28.87,77.32,3.61,1.29,0,0.52,0,4.9,9.28,7.99,2.06,6.44,2.58,1.8,12.89,4.12,2.32,1.8,7.22,1.8,1.55,3.09,0.77,3.35,2.06,0.52,0.77,3.87,2.84,1.8,5.67,3.87,2.32,4.38,0,0,0
Kyl,5, ,0,23.63,41.87,63.47,0.67,0.67,0,3.12,0.45,4.23,4.45,5.12,1.78,4.45,0.22,2,10.69,4.9,0.67,0.89,7.35,3.34,3.79,1.34,0.67,0.67,0.67,1.56,1.11,5.35,0.67,1.11,7.13,6.46,2.67,1.78,0.45,0.45,0
Kyl,5, ,0,22.02,34.23,67.45,1.09,0.84,0,0.17,0.25,6.39,7.49,6.73,1.35,5.63,1.09,3.2,14.05,4.79,0.84,1.68,3.62,1.85,1.09,0.76,2.27,0.93,1.85,0.5,0.84,3.53,2.19,1.43,4.63,3.53,4.04,3.28,0.5,0.08,0
Kyl,1,1,0,19.82,31.49,72.69,0.72,2.56,0.03,0.89,0.5,4.82,6.8,7.72,1.25,6.44,1.39,3.12,11.98,4.79,1.37,1.84,6.66,2.15,3.99,2.29,2.93,1.62,2.12,1.51,1.53,4.6,1.92,2.12,5.18,4.52,2.62,2.68,0.36,0.11,0.36
Kyl,9, ,0,24,28.63,74.17,1.33,1.69,0.27,0.25,0.88,6.58,7,7.77,2.07,6.58,1.22,3.47,13.81,5.38,1.33,1.87,5.7,2.34,2.79,1.71,2.77,1.87,2.32,1.33,0.72,4.39,2.68,1.64,7.57,2.95,2.41,2.32,0.59,0.07,0.09
Kyl,1,1,0,18.51,27.01,76.11,1.92,3.36,0,1.32,1.08,7.08,5.52,10.32,3.84,10.2,0.84,3.36,12,5.76,2.52,1.32,9.12,2.52,3.36,3.36,1.44,1.32,2.04,1.44,0.72,4.08,3.6,1.56,3.48,5.16,2.04,2.28,0.48,0,0.36
Kyl,5, ,0,23.55,30.24,72.63,1.32,2.24,0.29,0.98,1.38,7.69,7.86,8.43,2.07,6.88,1.2,3.44,12.11,4.25,0.57,1.66,9.29,1.66,2.24,1.72,2.29,1.15,1.84,1.03,1.38,4.48,0.98,1.09,5.34,2.47,3.21,1.55,0.52,0.4,0.34
Landrieu,1,1,1,20.45,34.16,69.2,0.58,1.62,0.23,1.68,0.1,3.92,7.55,5.63,1.65,4.79,1.2,1.98,12.34,4.7,1.26,1.3,7.12,2.62,3.69,3.17,2.85,1.94,1.49,1.42,1.17,4.27,1.85,1.39,5.15,2.91,4.08,3.63,0.19,0.19,0.97
Lautenberg,3, ,1,17.31,30.02,76.57,0.96,1.12,0,0.8,1.44,8.03,7.22,8.83,3.53,4.98,1.61,2.73,10.27,4.98,2.25,2.25,9.15,2.89,3.85,1.61,0.96,1.61,2.09,2.57,0.96,2.41,2.89,1.93,3.85,4.49,4.01,2.73,1.28,0.16,0.64
Lautenberg,5, ,1,17.61,33.33,69.14,1.48,0.49,0,1.73,0.25,5.43,8.4,5.43,2.72,5.43,0.74,2.22,13.83,3.21,0.25,0.74,7.16,1.48,3.21,1.48,1.48,0.99,1.48,0.99,0,2.96,0.74,1.48,6.42,1.73,3.95,4.44,0,1.48,0.74
Lautenberg,5, ,1,13.8,40.11,64.49,0.88,0.88,0,0.18,1.94,5.65,7.77,6.36,0.88,4.42,1.41,2.12,10.42,4.42,0.88,0.71,5.83,1.41,1.41,0.88,1.59,2.47,1.77,1.06,1.06,3.71,2.12,1.06,6.36,1.94,5.12,3.89,0.18,0.53,0.18
Leahy,1,0,1,19.61,31.99,74,1.08,1.4,0,1.21,0.64,4.91,6.76,9.11,2.17,6.69,1.59,3.19,12.11,5.54,1.91,1.91,5.61,2.61,3.44,1.72,3.44,2.04,2.68,1.34,1.53,3.63,2.87,0.45,4.65,4.4,4.33,3.25,0.51,0.06,0.89
Leahy,1,0,1,18.65,30.68,72.58,1.27,1.99,0,0.72,0.72,3.76,8.57,7.41,1.88,5.47,1.11,2.76,11.72,4.59,1.44,2.54,7.08,2.21,3.98,1.82,1.55,1.44,1.49,1.38,1.16,4.7,1.88,1.22,6.03,4.59,2.99,2.16,0.44,0.17,1
Leahy,8, ,1,20.76,31.6,73.03,0.58,0.96,0,0,0.39,5.78,7.13,6.36,1.73,4.82,0.96,1.93,14.64,6.55,0.58,2.12,6.17,3.28,2.31,1.35,0.58,1.16,1.16,0.77,0.77,5.2,1.93,0.96,7.71,3.66,2.89,2.7,1.35,0,0.58
Leahy,1,0,1,21.48,32.53,72.53,0.8,2.18,0.06,0.98,0.17,4.66,7.76,6.67,1.32,6.15,1.21,3.56,10.63,4.6,1.55,2.41,8.97,2.87,4.2,2.41,2.47,2.01,2.99,0.63,1.67,3.56,2.59,1.09,4.66,3.16,4.48,2.93,0.8,0.17,0.8
Leahy,8, ,1,18.68,33.64,71.71,0.42,1.19,0,0.17,1.02,4.08,8.41,6.63,0.93,5.95,1.02,2.38,12.15,5.78,0.93,2.72,5.61,2.8,3.74,0.93,2.8,1.44,1.95,0.76,1.95,3.74,1.61,1.27,6.63,3.65,3.57,2.55,0.34,0.08,1.78
Leahy,6, ,1,23.66,33.81,70.93,2.58,0.93,0,0,0.41,7.53,4.95,8.25,1.24,8.04,1.55,2.06,12.99,4.23,1.55,2.68,4.23,2.68,3.61,2.06,1.75,1.44,2.68,0.82,1.24,2.78,2.37,1.34,4.54,2.06,2.99,2.37,1.24,0,0
Leahy,1,0,1,17.59,31.85,74.8,1.83,2.39,0.1,0.76,0.8,5.62,7.35,7.85,2.26,7.38,1.16,3.03,11.54,5.09,1.46,1.86,8.11,2.13,2.99,3.32,2.69,1.96,2.33,0.83,0.96,4.32,2.63,1.8,4.69,4.06,4.16,3.59,0.63,0.03,0.6
Levin,1,0,1,21.86,37.32,69.65,0.73,0.83,0,1.25,0.73,3.74,6.96,5.51,1.98,4.99,1.14,1.25,13.41,4.78,0.83,1.87,6.55,3.33,2.91,2.18,2.39,1.46,1.14,1.46,2.08,4.16,1.25,1.25,6.44,4.16,4.89,3.22,0.42,0.1,0.1
Levin,5, ,1,21.88,38.98,71.24,2.69,0.27,0,0.27,0,7.53,9.14,7.8,1.08,6.45,1.88,2.42,11.56,4.57,0.27,1.08,4.3,2.42,0.54,3.76,3.23,1.08,2.42,1.34,1.08,2.15,1.88,1.34,4.03,2.15,5.91,3.76,1.61,0.27,0
Levin,5, ,1,21.14,40.81,67.97,1.08,0.81,0,0,0.81,4.32,7.7,3.65,1.08,3.51,0.27,1.76,13.92,4.46,0.27,1.49,5.95,1.62,2.7,1.35,2.03,0.54,0.95,0.81,1.62,4.73,0.68,1.35,4.86,2.43,5.68,1.62,0.54,0,0.27
Levin,1,0,1,26.81,34.83,70.8,0.56,2.25,0.07,0.07,0.91,3.66,9.29,4.93,1.69,4.86,0.77,2.18,13.65,4.29,1.27,1.76,6.19,2.46,2.32,2.81,1.9,1.13,1.55,1.48,1.34,4.86,2.04,1.27,6.69,5.91,3.8,2.81,0.07,0,0.14
Levin,6, ,1,25.62,39.64,70.87,1.2,0,0,0.3,0,6.91,8.71,4.2,1.5,3.6,1.5,0.6,12.61,4.2,0.6,0,3.6,6.31,3.3,0.6,0.9,1.2,0.9,1.5,2.7,3.6,0.6,2.4,6.31,2.7,4.2,5.11,0.6,0,0.3
Levin,1,0,1,24.57,32.82,75.19,0.58,2,0.06,0.39,0.65,3.55,10.59,7.04,2.78,5.43,1.68,2.58,12.86,5.68,1.68,1.87,7.3,3.88,3.75,1.94,2.2,2.2,2,0.84,1.87,4.84,3.1,1.42,5.94,3.49,2.84,2,0.06,0,0.58
Levin,6, ,1,23.61,35.18,73.51,0.86,1.79,0,0.5,0.43,4.95,8.26,5.96,1.94,5.46,1.22,1.72,12.63,4.74,1.29,1.94,5.38,3.52,4.67,1.36,3.95,1.94,2.8,1.51,2.3,3.8,2.58,1.65,4.52,3.23,3.95,3.88,0.5,0.07,0
Levin,6, ,1,25.19,34.97,70.23,1.98,1.32,0.09,1.13,0.38,5.2,6.14,6.14,0.66,6.52,1.23,2.27,13.89,4.63,0.76,1.8,5.29,2.65,2.74,2.27,1.8,1.51,1.98,1.04,1.23,4.73,1.89,2.84,6.05,2.74,2.46,2.84,0.09,0.57,0.19
Levin,1,0,1,24.71,31.45,74.68,1.85,2.31,0,1.04,0.23,4.74,6.36,7.75,1.5,6.47,1.5,2.54,13.41,4.62,1.39,1.39,6.24,2.31,3.82,2.89,3.47,1.27,1.97,1.39,0.69,3.47,2.89,1.85,5.55,4.74,4.51,5.9,0.46,0.12,0.69
Levin,1,0,1,25.38,31.84,72.77,1.14,3.05,0.18,0.39,0.28,5.18,9.12,6.53,1.14,6.07,1.56,1.99,11.43,4.69,1.67,1.14,7.14,2.2,3.51,2.84,3.44,2.63,2.56,0.99,1.46,4.72,3.62,2.2,6.64,3.12,2.27,2.63,0.07,0.11,0.25
Lieberman,1,1,1,27.94,28.32,76.04,1.5,2.96,0.36,0.83,0.36,7.05,7.99,7.16,1.66,6.59,1.24,2.54,13.07,5.34,1.35,2.13,7.52,3.27,3.32,2.02,2.7,1.19,2.7,1.4,0.73,5.24,2.49,1.92,7.11,2.18,3.01,3.16,0.26,0.05,0.47
Lieberman,5, ,1,24.51,32.02,73.03,1.01,2.86,0.25,0.46,0.63,5.85,7.78,7.07,1.6,6.23,0.93,2.86,14.26,4.88,0.88,1.89,7.24,2.78,3.2,1.18,2.4,1.09,1.51,0.97,1.26,4.75,1.89,1.39,6.6,3.03,3.03,3.49,0.63,0.34,0.13
Lieberman,6, ,1,20.5,28.35,70.96,1.07,1.91,0,1.22,1.68,4.34,7.32,6.86,1.14,7.39,1.07,2.59,13.87,5.87,0.46,1.22,9.91,2.74,2.67,1.3,1.14,1.6,1.37,0.91,1.3,6.94,1.22,1.75,6.4,3.89,1.91,2.29,0.38,0.46,0.38
Lieberman,7, ,1,26.07,36.65,65.34,0.85,1.56,0.28,0.71,0.43,2.13,8.1,2.98,1.85,3.41,0.14,1.85,14.91,5.11,0.43,1.14,6.82,4.26,1.99,1.14,2.27,0.28,0.28,1.99,0.99,4.4,0.71,1.85,4.69,4.55,4.55,3.84,0.43,0.28,0
Lieberman,6, ,1,23.18,30.58,70.37,1.46,1.08,0,0.89,1.21,3.93,7.93,6.66,1.4,6.28,0.76,2.6,13.2,4.57,0.44,1.84,8.63,2.22,2.16,1.14,1.78,0.76,1.08,1.14,1.33,4.31,0.57,1.46,7.04,3.87,3.17,3.05,0.38,0.44,0.13
Lieberman,1,1,1,24.03,31.14,71.36,1.32,1.87,0,1.6,0.55,3.26,6.52,5.55,1.8,3.95,1.39,1.53,13.52,6.03,0.83,1.53,7.28,3.47,3.68,2.01,2.01,1.04,1.6,1.8,1.46,5.27,1.8,2.08,6.93,5.89,2.91,4.02,0.28,0.21,0.42
Lieberman,1,1,1,28.6,30.24,73.6,1.57,1.05,0,1.05,0.52,4.02,8.92,5.77,1.05,5.59,1.05,1.75,15.38,6.29,0.87,1.75,5.77,4.9,2.45,3.15,1.57,1.22,1.57,1.57,1.75,4.37,1.4,1.57,8.04,4.02,1.75,2.62,0,0,0.52
Lieberman,3, ,1,20.94,27.06,74.33,1.49,3.18,0.45,0.65,1.54,5.17,6.77,7.56,2.34,7.11,1,2.59,12.04,5.62,1.44,2.14,11.24,2.79,2.49,1.94,2.09,1.59,1.79,1.09,0.7,5.32,1.84,1.49,6.57,3.83,1.79,1.99,0.35,0.2,0.3
Lieberman,5, ,1,23.9,33.11,72.62,1.68,1.91,0.05,0.32,0.55,6.05,7.87,7.41,1.09,7.19,1.05,3,13.05,4.68,0.86,2.5,6.14,2.82,1.96,1.91,2.14,0.82,2.68,1.27,1.14,3.46,2.18,1.77,6.64,3.23,3.46,3.23,0.73,0.18,0.05
Lieberman,1,1,1,20.88,27.66,76.89,1.54,2.38,0.45,1.33,0.31,6.08,8.15,7.73,2.38,8.04,0.56,3.04,12.66,4.65,0.98,1.96,8.29,2.73,3.39,2.59,2.2,0.94,2.13,1.05,1.57,4.76,1.92,1.22,5.28,4.51,3.08,3.32,0.45,0.17,0.77
Lieberman,1,1,1,33.17,34.67,71.82,2.14,1.51,0.42,0.92,0.38,4.56,9.72,5.82,1.26,6.37,0.67,2.18,13.61,4.61,0.84,2.3,7.29,2.51,2.51,3.43,1.76,1.21,2.14,1.55,1.3,3.6,2.22,1.34,5.9,2.43,2.55,2.76,0.34,0.13,0.25
Lieberman,1,1,1,18.97,30.51,72.19,1.9,2.39,0.21,0.93,0.26,4.72,8.03,7.34,1.46,7.01,1.22,2.43,11.96,5.17,0.95,1.57,6.96,2.17,3.27,2.38,2.48,1.57,2,1.31,1.4,4.77,2.08,1.77,5,3.65,2.88,2.88,0.34,0.24,0.53
Lieberman,5, ,1,24.16,33.33,67.59,0.98,2.78,0,0.98,1.58,5.77,7.03,6.64,1.25,6.32,0.93,1.25,12.64,5.01,0.93,0.93,9.48,1.96,2.78,1.85,2.12,1.2,1.36,0.82,1.03,5.12,0.93,1.31,6.21,2.02,3.1,2.4,0.44,0.16,0.98
Lieberman,1,1,1,24.84,28.99,73.91,1.86,1.91,0,1.02,0.37,5.28,7.84,6.54,2.88,5.88,0.5,3.01,13.52,4.89,1.12,2.07,7.14,2.41,2.88,2.72,2.2,0.71,1.62,0.94,1.1,4.55,2.12,1.78,5.31,4.68,2.9,3.48,0.42,0.03,0.73
Lincoln,1,1,0,17.18,31.57,78.84,4.76,2.65,0,2.82,0.71,3.35,5.64,7.94,0.71,10.05,1.06,1.59,10.93,5.29,2.12,1.41,10.76,4.23,4.41,4.76,2.65,2.29,2.12,2.47,1.41,4.94,2.29,2.29,3.35,3.7,2.47,3.88,0.35,0,0.53
Lott,1,1,0,17.7,26.54,76.95,1.97,3.05,0.25,0.84,0.84,5.5,7.08,10.32,1.97,9.43,1.52,4.13,10.96,5.6,1.52,1.92,8.8,1.87,2.36,2.8,2.85,2.21,1.72,1.97,0.54,6.49,2.11,2.75,4.77,4.08,2.31,2.46,0.25,0.05,0.2
Lott,5, ,0,21.29,30.38,74.44,2.32,1.37,0.06,0.3,1.13,5.95,6.9,7.49,1.84,6.84,1.19,2.56,13.67,5.35,1.07,1.66,6.42,3.27,2.44,1.96,1.9,1.61,2.73,1.07,0.89,4.28,2.91,3.03,6.06,3.57,3.86,3.45,0.77,0,0.06
Lott,1,1,0,16.3,32.25,75.46,1.96,0.52,0,3,1.04,6.14,7.44,9.27,2.74,8.22,1.04,2.22,10.31,4.31,1.31,2.09,10.31,2.74,1.96,2.87,1.17,1.31,2.48,1.83,1.04,4.31,1.57,1.83,4.18,3.26,4.31,1.83,0.39,0,0.13
Lott,1,1,0,16.22,33.73,70.03,1.54,2.91,0,0,0.86,2.57,8.56,6.85,0.34,7.19,1.37,2.91,11.47,3.08,1.37,2.4,7.19,3.77,1.37,2.57,1.03,0.86,1.37,0.68,1.88,4.28,1.88,2.57,6.16,3.6,3.42,2.57,0.34,0.34,0.68
Lott,5, ,0,15.37,31.7,75.71,2.15,2.28,0,0.35,1.11,5.26,6.71,9.76,3.46,8.44,0.76,4.15,10.93,4.78,1.59,1.94,6.57,2.01,1.73,1.52,1.87,1.73,2.49,1.45,1.73,4.57,3.32,2.84,4.91,6.3,3.88,3.74,0.21,0.28,0.14
Lott,1,1,0,15.31,22.54,78.84,2.39,2.85,0.46,1.38,0.83,4.32,6.53,9.94,4.78,8.74,1.29,3.68,11.22,5.34,0.64,2.12,9.02,3.22,1.75,2.39,2.58,1.29,1.84,2.21,0.46,6.99,1.56,3.04,5.52,4.6,2.39,3.68,0,0.09,0
Lugar,3, ,0,20.38,38.9,68.88,0.53,1.88,0,0.53,0.36,4.09,8.29,6.58,1.32,5.05,0.92,1.74,11.42,3.81,1.64,2.24,5.41,2.63,3.17,2.7,2.24,1.17,2.45,1.03,1.85,3.34,2.45,1.24,6.08,2.84,3.98,4.87,0.75,0.04,1.24
Lugar,6, ,0,20.19,37.38,68.28,0.94,0.83,0,0.24,0.47,4.6,7.19,4.95,0.83,3.89,1.53,1.3,13.33,4.48,0.71,1.77,4.13,5.9,2.24,1.77,2.12,1.53,0.94,1.42,1.65,4.25,0.83,2.36,6.25,3.42,4.95,2.95,2.36,0.47,0.35
Mack,3, ,0,19.38,31.35,65.08,1.59,0.4,0.4,0,0.4,3.97,7.14,7.54,0,6.35,1.59,0.79,13.1,1.59,0.79,0.79,2.78,3.57,1.98,3.57,0.4,1.59,0.4,1.98,0.79,3.17,0.79,3.57,6.35,2.78,3.17,4.37,1.19,0,0.4
McCain,1,1,0,27.48,34.15,75.47,2.11,2.11,0,2,0.35,2.46,8.8,6.57,2.11,5.87,1.29,2.35,13.03,4.34,0.82,1.64,8.69,3.64,3.52,2.46,2.23,0.7,1.06,2.35,2.35,5.05,1.29,1.76,5.63,2.82,5.28,5.05,0.23,0.12,0.94
McCain,1,1,0,25.25,30.91,72.79,2.21,2.01,0.13,0.84,0.45,4.09,8.57,6.95,2.86,4.74,1.62,2.14,11.75,5.58,1.23,2.21,7.86,2.99,3.12,2.4,2.08,1.49,2.21,0.91,1.23,4.42,1.82,1.23,4.74,4.35,2.99,2.4,0.32,0.13,0.26
McCain,1,1,0,20.13,37.33,69.69,0.71,1.85,0,0.64,0.5,4.12,6.39,6.81,1.35,4.97,1.63,1.99,14.19,4.54,0.99,2.2,5.32,2.91,3.26,1.49,2.13,1.7,1.63,1.85,1.06,4.54,1.7,1.92,6.74,2.63,2.63,2.7,0.43,0.14,0.5
McCain,1,1,0,23.21,34.58,71.2,1.36,2.15,0,0.34,0,4.76,7.82,6.58,0.68,5.56,2.15,2.38,13.27,4.99,1.59,1.7,5.33,2.83,2.95,2.15,2.27,2.27,1.7,2.38,1.59,5.1,2.38,1.13,6.12,2.38,2.72,2.49,0.23,0.34,0.11
McCain,6, ,0,22.81,32.79,70.72,1.52,2.34,0,0.7,0.41,5.2,6.84,6.9,1.58,5.38,1.17,3.33,11.98,5.55,1.11,2.4,6.2,2.28,3.92,1.93,2.05,1.93,1.46,1.64,1.81,5.79,1.34,1.23,6.08,3.51,2.57,3.21,0.41,0.06,0.18
McCain,3, ,0,25.09,30.75,75.49,3.08,1.58,0,0.53,0.75,5.94,6.77,7.29,1.05,7.22,1.8,2.63,13.68,5.19,0.9,2.11,6.99,2.56,2.33,1.88,2.11,1.65,0.98,1.5,1.73,3.83,1.05,1.73,5.94,3.91,4.51,3.68,0.23,0.08,0.23
McCain,6, ,0,22.09,34.16,71.6,2.41,2.18,0,0.47,0.41,3.29,6.53,6.17,1.53,6.7,0.82,2.53,13.05,4.29,1.18,2.94,6.94,2.76,2.23,1.94,1.76,1.82,1.47,1.41,1.41,4.35,1.82,1.82,5.41,3.7,3.53,3.23,0.59,0.12,0.24
McCain,3, ,0,20.37,28.65,74.77,1.85,2.74,0.04,0.52,0.97,5.51,8.53,8.21,1.13,7.89,1.61,2.78,11.63,5.23,1.13,1.85,10.02,2.25,1.89,1.97,1.33,1.65,2.01,0.97,1.09,5.27,1.93,2.21,5.84,4.55,3.94,2.9,0.16,0.12,0.48
McCain,7, ,0,21.83,33.18,73.18,2.23,1.23,0,0.22,1.68,5.59,6.48,5.59,1.23,5.03,1.45,3.13,13.07,5.36,0.89,2.46,9.5,5.59,1.12,0.45,1.9,1.9,1.45,1.79,1.34,4.69,1.56,0.67,5.36,3.13,2.68,2.46,0.56,0.45,0
McCain,7, ,0,43.4,41.94,65.9,1.38,0,0,0,0,3.23,7.37,5.07,0.46,5.07,0.92,1.84,11.98,5.53,1.38,1.84,5.99,2.76,3.23,0.46,1.84,0.92,0.46,1.38,1.38,2.76,0.46,2.3,4.61,5.07,4.15,3.23,0.46,0,0.92
McCain,7, ,0,24.96,42.27,65.17,0.65,1.06,0.08,0.57,0.49,3.6,5.97,4.91,0.57,5.48,0.98,1.64,12.51,4.25,1.23,0.74,5.89,3.52,4.01,1.88,3.19,1.14,0.98,1.06,0.9,4.33,1.47,2.21,7.6,2.94,4.5,4.42,0.57,0.33,0.33
McCain,7, ,0,14.97,37.28,70.37,0.75,0.32,0,1.08,1.19,3.34,8.19,5.6,1.08,3.99,1.62,2.26,12.07,5.17,1.29,1.83,6.57,2.16,3.77,1.19,3.02,1.51,0.86,0.65,1.62,3.34,2.05,2.69,5.93,3.77,4.2,3.99,0.86,0,0.22
McCain,2,1,0,23.77,33.26,69.49,0.5,0.95,0,0.39,0.34,3.98,9.14,6.67,1.68,4.43,1.4,2.19,13.52,4.15,1.23,1.85,4.32,2.08,2.92,1.35,1.85,1.18,1.01,1.35,1.79,4.15,1.79,1.23,5.72,4.99,2.86,2.69,0.39,0.11,0.79
McCain,5, ,0,23.82,26.72,75.19,4.2,1.53,0,0.38,0.76,6.11,7.25,7.63,1.53,7.63,1.91,3.82,9.54,4.96,2.67,3.44,4.58,3.44,1.53,3.44,2.29,1.53,3.44,1.15,0,6.87,2.29,2.29,5.73,1.53,5.73,7.25,0.38,0,0.38
McCain,1,1,0,25.73,33.53,72.12,1.58,1.63,0,1.13,0.27,5.92,7.77,6.37,1.49,5.51,1.31,2.35,12.52,3.84,1.13,1.94,7.23,3.62,3.16,3.25,1.67,1.04,1.54,1.67,2.21,3.57,1.49,1.17,4.97,4.25,3.21,3.43,0.27,0.14,0.14
McCain,1,1,0,21.41,30.76,74.97,2.3,2.19,0.04,1.53,0.4,4.96,7.44,7.04,1.93,6.06,1.06,2.23,12.7,4.38,1.46,1.64,9.19,2.48,4.01,2.7,1.61,1.39,2.12,1.9,1.5,4.2,2.37,1.35,5.69,4.12,2.59,2.74,0.33,0.07,0.36
McCain,1,1,0,20.63,31.75,72.2,0.88,2.22,0.03,1.67,0.81,4.01,6.96,7,1.56,5.12,1.77,2.1,12.46,4.74,1.6,1.7,8.3,3.54,4.52,2.36,2.27,1.79,1.91,1.03,2.23,3.68,2.66,1.29,5.74,3.49,2.99,3.2,0.34,0.24,0.52
McConnell,3, ,0,24.17,35.06,71.25,1.03,1.55,0,1.14,0.31,4.14,8.38,6.62,1.96,4.24,1.86,1.86,13.44,5.17,0.41,0.93,7.86,2.28,1.76,2.9,2.9,1.55,1.96,1.14,1.96,4.55,1.03,1.86,5.58,4.24,4.45,4.34,0.31,0,0.41
McConnell,6, ,0,21.63,29.19,75.16,1.39,2.12,0.18,0.94,0.48,5.71,7.68,7.28,1.66,6.68,0.97,4.02,12.78,5.83,1.69,2.18,6.23,2.75,3.38,2.06,2.09,1.57,2.87,1.57,1.18,3.84,2.69,1.48,6.47,3.87,2.78,3.48,0.3,0.18,0.42
McConnell,2,1,0,18.67,36.98,67.35,1.03,0.88,0,0.51,0.44,3.08,8.07,3.89,1.47,3.37,0.29,2.05,12.55,4.48,0.51,1.32,5.87,2.35,3.67,1.39,2.64,0.37,0.66,1.17,1.69,5.5,0.88,1.39,5.36,4.84,3.67,2.86,0.29,0.15,0.81
McConnell,6, ,0,23.09,40.6,64.41,0.14,0.14,0,0,0.68,3.52,7.85,3.79,0.95,4.19,0.41,0.95,13.26,3.25,0.41,0.81,3.65,4.19,4.19,1.76,2.03,0.54,1.22,0.81,1.49,3.92,0.68,1.62,6.22,2.84,3.92,1.76,1.49,0.68,0.54
McConnell,1,1,0,20.89,32.82,69.15,0.68,1.71,0,0.77,0.43,3.76,7.09,7.18,0.94,5.47,1.11,1.37,11.28,5.04,0.77,1.79,6.75,1.79,7.01,1.97,1.88,1.11,1.79,1.11,1.28,4.44,1.88,1.03,4.96,4.96,3.33,2.82,0,0,0.77
Menendez,6, ,1,15.94,29.41,75.29,2.75,2.22,1.05,1.31,0.65,4.44,8.89,7.58,1.18,7.45,0.65,2.75,13.07,4.18,0.52,1.83,8.1,4.05,1.96,1.83,2.75,1.31,0.78,1.05,1.57,4.31,1.44,1.96,6.01,3.4,3.27,3.01,0.13,0.52,0.13
Menendez,5, ,1,36.95,36.54,66.71,1.08,0.81,0,0.14,0.81,5.14,7.58,3.65,1.08,3.65,0.81,1.49,14.88,4.74,0.81,2.03,4.47,2.98,1.49,1.35,1.76,0.68,1.49,2.57,1.35,5.41,1.22,1.35,7.17,2.84,5.14,2.44,1.49,0.14,0.68
Menendez,6, ,1,27.29,30.89,74.45,1.02,2.49,0,0.2,0.66,4.22,8.6,6.11,1.48,6.77,1.17,2.14,13.59,4.68,0.92,1.68,7.68,2.04,3.92,2.24,3.05,1.07,1.17,1.48,2.09,6.01,1.17,1.63,5.85,3.61,3.21,2.34,0.31,0.05,0.2
Mikulski,1,0,1,16.84,33.76,73.34,3.84,1.63,0,0.47,0.7,3.73,8.96,6.75,0.7,6.98,2.21,1.63,9.55,5.59,1.16,1.16,7.22,2.68,4.42,2.44,3.14,2.44,1.4,1.16,1.63,4.42,2.21,1.63,5.82,1.51,3.14,2.91,0.58,0,0.7
Mikulski,6, ,1,16.62,27.34,77.01,4.75,1.47,0.87,0.53,1.34,4.28,7.42,8.96,2.34,10.23,1.07,3.07,12.5,5.55,1.74,1.47,7.62,2.81,3.21,2.01,2.27,1.27,1.67,1.27,2.14,3.94,2.47,2.07,4.48,2.61,2.41,3.01,0.47,0,0.4
Mikulski,1,0,1,14.38,31.51,74.72,3.04,2.43,0.28,0.5,0.77,3.7,8.61,7.73,0.94,9.05,1.43,2.59,10.6,5.96,1.16,1.27,8.17,3.59,4.25,3.04,2.54,1.66,1.82,0.99,1.43,4.58,1.93,1.38,5.41,2.1,3.2,2.92,0.33,0.22,0.83
Miller,1,1,1,14.79,17.72,80.65,9.09,0.47,1.63,0,1.86,5.59,8.16,8.39,4.43,6.76,0.47,3.26,8.39,5.36,1.4,3.5,8.86,2.1,3.03,2.56,0.7,1.63,2.8,1.63,0.7,3.03,2.33,1.17,4.2,4.66,1.17,0.93,0.23,0,1.63
Moran,5, ,0,16.73,38.22,67.39,0.27,1,0,0.45,0.36,3.44,7.07,6.34,1.36,5.16,1.81,1.99,9.78,4.08,0.91,2.99,4.98,2.54,4.53,1.27,2.63,2.26,1.27,1.45,1.27,3.71,1.18,1.81,5.89,5.71,4.62,3.17,1.45,0.18,0.36
Murkowski,1,1,0,20.71,33.5,70.97,1.59,0.86,0,0.98,0.31,4.77,7.52,5.44,0.79,4.89,1.04,1.96,13.81,2.87,0.61,2.63,5.2,2.63,1.53,2.87,2.81,1.1,0.92,1.71,1.53,3.24,0.73,2.02,5.99,3.36,4.52,3.24,1.34,0,0.43
Murkowski,2,0,0,20.48,26.95,78.71,2.34,6.25,0,0,0.2,4.69,7.23,7.42,0.98,7.62,1.37,2.15,14.65,6.25,1.76,1.37,10.94,2.54,1.76,3.12,0.78,1.95,2.15,1.56,0.78,7.03,3.52,2.34,6.05,6.45,1.76,2.73,0.2,0,0.39
Murkowski,1,1,0,18.49,26.66,75.05,0.85,3.51,0.09,1.71,0.28,5.79,8.06,7.97,1.71,7.5,0.95,3.32,14.14,4.17,1.14,0.95,7.5,1.42,2.37,3.61,1.9,1.99,2.28,0.57,0.66,5.98,2.37,2.37,5.79,2.75,1.61,1.61,1.23,0,0.28
Murkowski,1,1,0,17.52,26.34,73.93,2.41,4.54,0.14,1.03,0.89,6.6,5.91,7.84,2.06,7.43,0.89,2.82,12.38,3.37,0.96,2.54,10.39,1.86,1.79,2.13,1.58,1.03,2.06,1.24,0.48,4.75,1.93,2.27,6.6,3.71,1.99,1.99,0.55,0.14,0.21
Murkowski,1,1,0,13.66,23.2,74.25,0.88,3.15,0.81,1.41,0.85,6.12,7.89,9.66,2.51,8.95,0.85,3.86,12.63,3.96,1.06,1.91,9.76,1.17,1.2,1.8,1.87,1.27,1.73,0.96,0.64,4.56,1.17,1.31,8.17,3.61,1.17,1.27,0.53,0.07,0.18
Murkowski,1,1,0,22.35,35.21,70.77,1.51,0.87,0.06,0.64,0.46,4.47,7.61,5.93,1.51,4.82,1.16,2.09,12.55,3.54,0.58,2.44,5.23,2.15,1.51,2.56,3.02,1.05,0.99,1.22,1.63,2.91,1.34,2.09,5.46,3.95,4.82,3.02,1.57,0,0.17
Murkowski,9, ,0,21.21,31.55,70.53,1.63,0.82,0,0.27,0.27,3.99,8.43,5.53,1.36,5.44,0.63,2.36,12.06,4.35,0.82,1.63,4.71,2.45,2.18,1.81,1.9,1.09,1.54,0.91,1,2.45,2.18,1.45,8.88,3.54,4.26,1.81,0.27,0,0.36
Murkowski,1,1,0,16.68,28.3,72.34,0.32,3.28,0,0.88,0.4,4.56,7.11,6.95,1.28,6.55,1.52,1.76,12.07,4,1.68,1.12,7.35,2.08,5.6,2,2.8,1.68,1.44,1.52,2.08,4.64,2.72,1.6,5.36,5.76,2.08,2.16,0.64,0.08,0.32
Murray,1,0,1,16.56,29.87,76.97,1.85,4.49,0.08,0.17,0.71,4.7,7.13,8.01,1.89,7.59,1.38,2.22,11.95,4.61,1.51,1.68,9.44,2.39,4.07,3.4,1.8,1.38,2.1,1.55,0.8,5.79,2.22,1.8,6.71,4.74,3.65,3.27,0.59,0.04,0.88
Nelson,1,1,1,19.87,32.29,71.27,1.32,2.01,0.04,1.24,0.54,4.1,7.55,6.27,1.63,4.96,1.66,2.05,12.93,5.11,0.81,1.59,7.08,3.37,3.56,2.05,1.97,1.7,1.05,1.86,1.7,5.42,1.36,1.82,6.35,3.21,3.45,3.52,0.35,0.08,0.7
Nelson,1,1,1,22.42,28.5,75.26,1.81,2.44,0,0.21,0.49,5.02,9.69,8.57,1.46,5.92,1.67,3.21,14.22,5.44,0.35,1.18,6.13,2.44,2.37,1.88,1.67,1.46,1.95,1.39,1.6,4.25,1.05,2.23,6.34,2.79,2.72,2.44,0.56,0.07,0.7
Nelson,9, ,1,19.16,29.88,72.81,1.26,1.6,0.17,0.34,0.59,5.72,8.84,4.8,1.43,4.97,0.93,3.28,13.64,3.79,0.76,1.09,5.81,2.27,2.61,1.6,1.52,1.77,1.85,1.43,1.01,4.38,1.35,1.68,9.51,4.04,3.96,2.27,0.51,0.08,0.08
Nelson,6, ,1,22.28,29.15,77.03,1.5,1.3,0.33,0.98,0.98,5.66,8.59,8.39,2.6,8.2,1.43,2.67,13.6,4.16,1.04,1.63,8.2,1.69,3.32,1.89,2.34,1.76,2.8,1.17,1.11,3.32,1.82,1.17,6.44,3.84,2.21,2.02,0.2,0.26,0.26
Nickles,2,0,0,14.02,27.03,76.35,3.59,2.94,0.64,0.89,1.37,5.08,6,10.8,2.42,8.66,1.97,3.79,10.52,4.43,1.65,2.46,10.07,3.75,2.58,1.85,2.22,2.26,3.14,0.44,0.73,4.67,2.22,1.89,5.92,2.94,2.74,1.93,0,0.04,0.6
Nickles,1,1,0,22.31,28.3,78.62,2.69,3.07,0.13,0.9,1.28,5.38,7.04,7.94,4.99,4.87,1.15,3.07,13.19,4.74,1.92,2.69,10.24,2.56,1.41,1.41,2.05,2.43,2.69,1.02,1.79,5.51,3.71,2.18,3.46,2.3,4.87,1.28,0.26,0,0
Nickles,1,1,0,12.49,26.58,76.71,0.9,4.45,0.68,0.6,2.78,5.01,5.39,8.9,3.3,6.93,1.16,3.55,11.04,4.62,1.46,2.18,11.39,1.76,2.1,1.58,3.08,1.24,1.58,1.24,1.2,6.25,1.88,1.88,5.57,5.44,3.64,2.61,1.11,0,0.56
Nickles,2,0,0,11.35,21.28,79.27,5.32,2.39,0,1.47,1.65,3.67,6.24,11.19,2.2,11.74,0.92,5.5,12.11,4.95,2.02,1.65,9.72,1.1,0.37,2.02,0.92,1.83,2.75,0.92,0,4.22,3.67,1.1,5.87,5.14,2.57,2.02,1.65,0,0
Nickles,1,1,0,17.63,33.19,73.74,2.73,2.52,0,0.63,1.26,5.25,6.09,6.93,1.89,8.4,1.05,1.89,10.71,3.57,1.89,1.26,8.19,2.1,2.94,5.25,1.26,1.47,1.68,1.05,0.63,5.25,2.73,2.1,5.88,3.99,5.88,3.99,0,0,0
Nickles,1,1,0,14.12,24.96,75.93,3.19,2.65,0.35,0.35,0.35,6.73,8.32,7.61,5.13,4.96,0.71,2.48,12.04,4.25,1.77,2.48,8.32,1.77,0.53,3.72,3.01,1.06,1.42,2.12,0.35,5.49,2.3,3.89,5.84,3.72,1.06,1.77,0.35,0,0
Nickles,2,0,0,12.53,24.19,81.55,3.74,3.49,0,1.25,2.24,3.99,6.98,8.48,3.49,7.73,0.75,3.24,13.97,7.23,1.5,2.24,12.47,2.99,0.5,2.24,0.75,1.75,3.49,1,1.5,8.48,2,2.24,3.99,3.99,4.49,4.24,1,0,0
Nickles,1,1,0,14.03,27.6,75.92,1.82,2.07,0.21,2.82,1.12,5.51,6.55,9.61,3.94,7.21,1.57,2.74,10.94,4.14,1.57,1.99,9.7,2.45,2.49,3.03,3.23,1.82,1.91,1.41,0.46,4.48,2.07,2.49,4.72,3.11,2.98,2.9,0.29,0,0.29
Obama,5, ,1,22,35.23,67.42,2.65,0,0,0,0.38,7.2,6.44,5.68,0.76,6.82,0.76,1.52,13.64,5.3,0.38,1.14,3.03,2.65,1.89,2.27,1.89,1.52,1.14,0.38,0,3.41,1.14,3.03,3.79,1.14,3.79,2.27,2.27,0,0
Portman,6, ,0,15.2,30.59,78.62,2.96,2.96,0,0,0,4.61,10.86,9.87,1.64,10.2,1.97,2.3,11.51,2.96,1.97,1.32,5.92,2.63,1.97,4.28,1.97,1.32,1.32,1.32,0.99,3.29,2.96,1.64,4.93,3.95,3.29,3.95,0.33,0,0
Pryor,8, ,1,16.86,30.23,71.47,3.39,1.13,0,0,0.56,4.52,5.08,8.76,3.39,7.63,0.28,1.13,14.12,6.78,0.56,0.85,6.78,2.82,3.11,1.41,0.28,1.41,1.41,0.28,0.56,5.37,1.69,1.13,5.65,2.26,3.39,2.82,0.28,0.56,0.56
Reed,1,0,1,20.23,36.1,69.4,0.33,2.19,0,0.72,0.85,3.35,8,6.14,0.83,4.59,1.7,1.47,12.16,4.84,0.89,2.05,5.62,2.19,5.09,2.4,2.96,1.39,2.67,1.24,1.3,3.85,2.3,1.18,5.96,2.67,3.04,3.66,0.66,0.25,0.83
Reid,5, ,1,18,30.25,80.25,3.7,3.09,0,1.23,0.62,8.64,5.56,9.26,3.09,8.64,1.23,3.7,11.11,3.7,0,1.85,7.41,4.94,0.62,6.17,1.23,2.47,1.85,1.23,0.62,3.7,1.23,1.23,6.17,4.94,4.32,6.17,1.85,0,0
Reid,1,1,1,16.6,25.23,75.45,2.95,2.39,1.59,0.34,0.8,4.32,6.93,7.27,2.27,6.93,1.59,2.39,12.39,5.57,1.59,1.36,10.45,3.64,1.82,2.95,3.86,1.59,1.59,1.02,1.48,4.09,3.07,1.36,5.45,2.61,2.84,4.2,0.45,0.34,0.45
Reid,6, ,1,17.44,36.94,70.7,0,0,0,2.55,0.64,3.18,5.73,6.37,1.91,5.73,2.55,0.64,12.1,3.82,0.64,3.82,7.64,1.91,5.1,0.64,1.91,2.55,0,1.27,0,4.46,1.27,1.91,7.01,3.18,2.55,4.46,0,0,2.55
Reid,1,1,1,12.21,23.59,75.83,3.31,2.34,0.19,2.14,1.95,7.6,7.41,11.5,6.43,7.41,1.36,2.34,11.11,1.56,2.92,2.73,10.92,1.95,0.78,1.95,0.97,1.95,2.14,1.17,0,4.09,2.14,0.58,2.92,7.21,1.56,2.73,0.39,0,0
Reid,6, ,1,15,31.68,74.98,1.65,1.86,0,0.14,1.03,5.57,6.32,6.53,2.75,5.15,0.76,3.78,11.13,5.36,1.79,2.06,6.53,1.99,6.46,1.58,1.37,1.03,1.79,1.37,0.96,4.19,1.92,1.03,6.12,5.29,1.79,2.06,0.34,0.48,2.41
Reid,1,1,1,15.98,24.38,79.4,6.13,1.17,1.3,1.83,0.52,6,6.13,9.52,2.35,10.04,0.65,3.65,11.21,7.04,2.22,2.22,11.99,2.74,0.52,3,0.91,1.69,2.74,1.04,0.26,3.26,4.56,1.56,5.74,2.09,3.39,2.09,0.65,0,0.26
Roberts,2,0,0,16.62,24.8,76.6,2.57,2.79,0.29,0.44,0.37,5.14,8.73,7.56,1.76,7.92,0.81,3.89,12.91,6.02,1.1,2.13,9.17,3.08,1.25,1.83,1.54,1.69,2.13,1.61,1.03,6.16,2.2,1.1,6.16,4.11,3.23,1.25,0.81,0.07,0.07
Roberts,1,1,0,20.51,32.89,71.96,0.84,1.74,0.06,0.81,0.41,3.86,7.69,7.75,1.28,5.69,1.71,2.64,12.13,4.91,1.36,1.94,6.82,2.41,3.25,2,2.26,1.1,1.97,1.45,1.54,4.99,2.03,1.83,6.04,4.01,3.28,3.95,0.49,0.29,0.46
Roberts,2,0,0,20.24,29.37,73.76,2.37,2.85,0.14,0.35,0.56,4.66,7.03,8.91,1.88,7.93,0.7,4.59,12.73,4.52,1.25,2.02,8.07,2.09,1.95,2.02,1.39,1.39,2.09,1.88,0.63,5.78,1.81,1.6,6.96,3.27,2.37,2.02,0.63,0.07,0.07
Roberts,2,0,0,18.1,29.39,74.66,1.48,1.77,0.07,0.32,0.32,3.83,9.42,7.18,1.7,6.21,1.26,3.07,12.6,5.31,1.73,2.09,6.86,2.71,1.55,2.89,2.64,1.7,2.24,1.41,1.52,4.44,2.09,1.62,5.34,4.37,4.4,2.56,0.54,0.04,0.43
Roberts,2,0,0,17.73,26.26,75.44,2.1,2.4,0.35,0.4,0.55,5.24,8.84,9.44,2.3,7.79,1.15,3.1,11.88,5.94,1.25,1.85,8.39,2.4,1.9,1.45,1.5,1.2,1.75,1.2,1,6.29,2.1,2.05,5.79,4.14,2.5,1.55,0.3,0.15,0.35
Roberts,1,1,0,15.61,29.97,74.24,1.82,2.77,0.19,1,0.67,4.68,7.12,7.65,1.34,6.98,1.34,3.82,11.71,5.83,1.29,2.06,7.79,2.53,3.68,3.39,1.91,1.77,2.82,1.86,0.76,4.64,2.63,1.43,4.68,3.82,2.29,2.72,0.62,0.19,0.43
Rockefeller,1,1,1,20.37,30.03,75.17,1.32,3.18,0,1.11,0.37,5.12,7.26,8.33,1.32,6.89,2.02,2.76,11.59,5.53,1.44,2.56,7.76,2.35,5.36,2.97,2.27,1.98,2.72,1.86,0.87,4.87,3.01,1.49,5.2,3.55,1.98,3.18,0.29,0.25,0.45
Sanders,5, , ,22.01,28.71,75.09,1.75,2.8,0.15,0.45,1.2,5.69,7.09,7.89,1.65,7.39,1.15,2.8,12.58,4.29,1.35,2,8.89,1.9,4.29,1.6,1.2,1.5,1.35,1.6,1.55,3.89,1.55,1.55,6.89,3.69,3.34,3.15,0.65,0.05,1.75
Santorum,1,1,0,17.74,27.37,78.51,1.47,2.21,0.49,1.31,2.04,7.43,5.88,11.85,5.15,9.48,0.57,4.58,11.27,4.17,3.1,2.04,8.91,1.8,3.43,3.19,2.86,1.31,2.29,1.88,0.49,3.35,3.76,2.7,6.21,3.02,1.39,1.39,0.57,0,0
Santorum,6, ,0,26.88,31.57,75.87,1.69,1.8,0.11,0.34,0.79,6.76,10.71,6.43,1.69,5.75,0.9,3.49,11.72,5.52,1.13,1.58,5.98,4.06,2.25,1.13,1.58,1.47,1.24,1.13,1.13,5.07,2.25,1.8,7.33,1.92,2.59,3.61,1.13,0,0
Santorum,9, ,0,30,37.3,70.79,0.79,1.27,0,0,0.48,3.17,5.71,3.17,0.95,2.86,0.48,1.59,14.92,5.4,0.79,2.06,7.46,4.76,2.54,1.43,0.95,1.11,2.06,1.27,1.27,4.6,1.9,1.43,9.52,2.7,3.17,2.38,0.32,2.54,0.48
Santorum,5, ,0,18.8,35.75,68.61,0.96,0.87,0.09,0.61,1.05,3.14,7.93,6.45,1.66,6.45,0.17,2.27,13.95,4.71,0.35,1.39,6.19,3.49,2.96,0.52,1.39,0.52,1.48,0.87,1.22,4.1,1.05,1.48,6.19,2.62,4.1,2.88,0.87,0.87,0.26
Santorum,4, ,0,14.48,41.69,66.75,1.02,0,0,0,0.26,3.84,8.7,7.42,0.77,4.86,1.28,1.28,9.72,4.09,1.79,1.28,3.84,2.3,3.07,0.77,2.56,1.53,1.02,0.51,0.77,5.63,1.79,1.02,6.65,1.79,3.07,2.81,0.26,2.3,0
Sarbanes,1,0,1,23.33,31.3,75.45,3.38,0.65,0.26,1.43,0.26,7.53,7.4,7.27,2.34,7.27,0.78,2.73,13.77,5.45,0.65,1.04,5.97,1.95,1.56,3.38,2.6,2.08,1.95,1.04,0.78,3.51,1.95,1.82,3.51,3.77,2.21,3.9,0.13,0,0.65
Sarbanes,1,0,1,18.15,31.16,76.33,1.32,3.73,0.12,0.27,0.35,6.29,8.85,7.06,1.47,6.71,1.32,2.91,12.88,4.15,1.01,1.59,7.53,3.38,2.29,3.03,2.44,1.86,2.13,1.59,0.85,5.74,2.1,2.21,6.79,2.56,2.48,4.62,0.31,0,0.23
Schumer,5, ,1,17.21,26.91,75.84,2.45,3.36,0,0.61,1.22,4.59,7.95,10.09,1.22,8.26,1.83,3.06,12.54,5.2,1.22,2.45,7.65,3.06,2.14,1.22,2.45,1.83,1.83,1.53,2.75,5.5,2.14,3.06,5.81,2.75,3.06,3.06,0.92,0.31,0
Schumer,1,1,1,17.95,28.67,77.28,2.84,3.82,0,0.82,0.71,3.82,6.61,8.57,0.93,7.05,2.46,2.46,11.69,5.57,1.42,2.35,8.41,2.62,5.08,2.89,1.69,2.35,2.13,1.8,1.47,6.23,1.97,1.75,4.42,4.48,2.46,2.84,0.76,0.38,0.82
Sessions,9, ,0,13.42,26.22,78.56,1.29,2.3,0.46,0,2.3,6.81,7.73,9.02,1.93,8.92,0.55,3.4,11.96,5.7,1.1,2.58,8.74,3.31,2.3,1.66,2.39,1.38,1.56,0.92,0.37,5.52,2.12,1.93,8.1,2.3,2.21,2.12,1.01,0.09,0
Sessions,1,1,0,16.71,28.74,76.19,1.12,3.2,0.13,1.79,0.61,4.74,7.01,8.29,1.02,7.36,1.73,2.94,11.07,5.57,1.6,1.82,8.58,4.29,3.42,2.53,3.26,1.5,2.14,2.08,1.6,4.54,2.94,1.76,5.31,3.04,2.66,3.52,0.26,0.26,0.64
Shaheen,7, ,1,19.78,29.96,73.07,2.3,1.93,0.28,0.55,1.1,4.14,6.43,5.42,2.21,6.07,0.55,4.14,15.44,5.24,0.55,1.29,10.11,2.94,2.02,1.56,1.1,0.83,0.83,0.92,0.64,4.32,0.92,2.11,5.51,3.95,2.76,2.76,0.83,0.37,0.55
Shaheen,6, ,1,19.18,36.49,74.88,4.27,2.37,0,0.47,0.95,5.21,4.74,5.69,0.95,8.53,0.95,1.42,15.64,3.79,0.47,2.37,7.11,2.84,2.84,2.37,2.84,0.95,2.84,2.37,1.42,5.21,0.95,2.37,7.58,3.79,2.84,3.32,0,0,0
Shelby,5, ,0,20.83,36.57,68.74,1.02,1.84,0,0.2,1.53,4.49,7.15,5.72,1.12,5.41,1.23,1.43,13.07,4.7,1.02,1.74,6.64,2.35,3.98,1.53,2.25,1.63,1.53,0.61,0.61,4.09,2.04,1.74,4.6,2.35,5.21,4.29,1.53,0.1,0.1
Shelby,1,1,0,20.14,38.16,67.28,0.52,0.78,0,1.52,0.47,3.29,5.28,4.65,1.36,4.29,0.73,2.04,12.75,4.86,1.15,1.83,5.8,1.62,4.44,2.72,3.14,0.63,1.1,1.93,2.98,4.97,1.73,1.31,5.44,4.81,3.61,2.67,0.37,0.16,0.31
"Smith, NH",1,1,0,14.45,25.24,76.4,2.14,2.58,0.25,1.95,0.88,4.85,6.86,9.63,3.46,8.62,1.01,2.83,10.45,4.34,2.14,1.89,8.43,1.64,4.66,1.76,1.64,1.51,2.08,0.88,0.69,5.1,2.83,1.51,6.42,4.22,2.83,2.33,0.38,0.25,1.32
"Smith, OR",6, ,0,19.11,23.4,73.69,1.16,3.34,0.15,0.29,1.89,5.23,9.45,6.83,1.45,8.72,0.58,3.2,12.35,4.65,0.29,2.18,8.28,2.91,1.45,1.89,1.45,1.02,0.58,1.74,1.6,5.09,0.87,2.33,5.96,3.49,1.31,1.45,1.02,0.73,0.44
"Smith, OR",5, ,0,21.23,35.87,72.1,2.54,0.72,0,0.72,1.81,5.43,7.25,6.16,1.09,6.88,0.36,2.17,11.59,3.26,1.81,1.81,7.61,1.45,3.62,0.72,0,1.09,2.17,0,0.36,2.17,2.54,1.09,8.7,5.43,4.71,3.62,0,2.54,1.09
"Smith, OR",1,1,0,19.13,32.06,72.36,2.21,2.01,0.1,1.71,0.3,3.92,6.83,6.23,1.81,5.83,1.31,2.01,11.76,5.03,1.01,1.31,7.44,2.91,5.43,2.61,1.31,1.71,1.01,1.91,1.31,4.32,2.01,1.21,6.63,5.33,2.81,2.51,0.5,0.2,0.8
Snowe,2,1,0,25.85,39.48,66.78,0.68,2.05,0,0.11,0.34,2.96,8.08,1.82,1.14,2.16,0.23,1.25,12.97,4.78,0.34,2.5,5.92,3.64,2.05,1.14,1.71,0.46,1.02,1.93,0.68,4.21,0.8,1.59,5.23,4.21,7.51,2.96,3.3,0.11,0
Snowe,5, ,0,21.67,34.83,70.07,1.82,1.4,0.14,0.14,0.14,3.92,7.27,6.57,2.38,4.9,1.4,2.8,11.89,3.5,1.68,1.82,4.2,4.76,4.2,1.82,1.12,2.1,2.1,0.56,0.84,2.94,2.38,1.4,4.2,3.5,5.17,4.2,1.12,0.42,0.14
Specter,1,1,0,23.41,34.87,62.01,0.58,0.23,0,0.12,0.58,3.46,9.93,5.31,2.42,3.23,0.58,1.15,14.32,3.93,0.23,0.81,3.46,0.92,3,2.31,1.62,1.15,0.92,0.81,0.23,3,0.58,1.85,7.51,3.46,1.85,2.08,0.23,0.12,1.62
Specter,2,1,0,23.69,30.75,72.36,1.21,1.41,0,0.2,0.6,5.23,8.44,7.44,2.01,7.34,0.5,3.52,14.57,4.92,1.01,0.8,4.82,2.31,2.71,2.11,1.11,1.21,1.11,1.01,0.9,4.32,2.21,2.41,6.93,3.22,2.31,2.31,0.1,0,0.6
Specter,1,1,0,24.48,28.71,69.85,1.61,1.27,0,0.52,0.17,3.28,9.49,8.29,1.61,5.41,1.5,3.11,13.69,5.01,1.15,1.67,4.03,1.5,2.65,1.78,2.19,1.96,2.42,0.86,0.98,3.74,2.19,1.44,6.96,4.32,2.24,2.93,0.12,0.35,0.92
Specter,2,1,0,20.45,29.81,72.99,2.84,1.12,0.19,1.44,0.19,4.33,9.32,8.94,2.75,6.99,1.63,3.77,14.07,5.31,0.98,1.4,7.17,1.77,1.16,2.84,1.96,1.77,2.93,0.84,1.07,3.45,2.28,1.54,4.7,3.54,2.1,2.56,0.23,0.05,0.61
Specter,1,1,0,18.65,31.01,71.88,3.77,1.74,0.29,0.29,0.43,4.49,7.97,7.1,2.32,5.65,0.87,2.03,13.48,4.06,1.16,2.61,5.8,1.88,1.88,3.33,1.74,0.87,3.33,1.16,1.16,3.33,2.9,1.74,5.22,4.35,2.17,1.88,0.29,0,0
Specter,1,1,0,28,35.71,76.59,2.38,0,0,0.79,0,3.17,10.32,5.95,0.4,6.75,1.19,2.38,17.46,4.76,0,3.57,5.56,2.78,2.38,5.95,3.97,0.79,1.98,0.79,0.79,2.78,1.98,0.4,4.76,3.17,2.38,3.17,0,0,0
Specter,1,1,0,23.01,29.5,72.42,2.14,1.34,0.1,0.83,0.1,4.89,8.5,8.82,2.52,7.41,1.31,3,12.4,4.25,1.57,1.57,4.67,2.14,2.91,3.68,2.4,1.63,2.27,1.18,1.41,3.07,2.33,1.34,5.31,3.71,2.56,3.55,0.13,0.06,0.74
Specter,1,1,0,21.86,27.66,75.77,3.5,1.86,0,1.22,0.5,5.36,8.43,7.58,2.93,6.93,1.07,3.29,13.22,5.58,1,1.36,6.79,3.22,1.57,2.57,1.64,1.43,1.86,0.86,0.43,4.86,2.22,1.72,5.79,2.86,3.93,2.86,0.43,0.64,0.21
Specter,2,1,0,23,28.62,72.33,1.34,1.42,0,0.32,0.24,4.35,11.7,7.27,2.29,5.14,1.03,3.08,13.28,3.56,1.11,1.98,5.38,1.98,1.5,2.92,2.69,1.26,1.03,0.63,0.63,3.24,1.98,1.26,6.48,3.87,2.69,4.19,0.08,0,0.32
Specter,6, ,0,22.24,28.05,72.3,3.12,0.72,0,1.38,0.97,4.45,7.26,7.66,3.63,5.37,0.97,2.96,14.26,4.8,0.77,1.69,8.23,1.69,2.55,1.84,1.33,1.48,2.04,0.66,0.46,4.24,1.74,1.94,5.42,3.88,3.37,2.61,0.56,1.12,0.31
Specter,1,1,0,18.75,28.24,72.18,1.57,2.51,0,0.73,0.84,3.77,8.05,9.31,2.72,7.53,1.26,4.39,13.39,5.02,0.42,0.84,6.9,1.88,2.09,2.62,1.26,1.57,1.26,1.05,0.73,5.44,0.94,3.03,6.28,2.82,2.93,2.41,0.1,0.1,0.21
Specter,2,1,0,15.85,26.39,75.33,4.4,0.96,0,0,0,4.4,11.66,7.84,3.06,7.65,0.57,3.06,15.11,2.68,1.15,2.29,5.16,1.72,0.76,3.06,2.49,0.38,1.72,0.38,0.19,2.29,1.91,1.34,6.5,3.82,1.91,2.68,0.19,0,0.57
Stabenow,1,0,1,22,34.09,75,3.25,4.22,0,0.97,0,2.92,6.17,5.52,0.65,9.09,0.97,1.95,13.64,3.9,0.65,1.62,8.12,5.19,4.87,1.95,1.95,1.3,0.97,2.27,1.3,5.84,1.62,2.92,9.09,2.92,2.27,2.6,0,0,0
Stevens,1,1,0,15.71,27.13,75.65,1.71,3.25,0.21,1.58,0.81,5.04,6.88,8.76,2.65,7.22,1.5,3.03,11.66,4.7,1.03,1.96,8.63,2.09,4.27,1.96,2.01,1.67,1.84,1.96,0.9,5.08,1.71,1.92,7.22,5,2.39,2.14,0.3,0.09,0.81
Thomas,1,1,0,17.22,25.55,82.19,2.58,3.48,0.13,0.77,0.26,6.45,6.32,12.9,4.39,11.74,0.26,5.03,12.77,4.39,1.94,1.68,6.84,3.1,1.42,2.97,1.68,2.32,1.55,3.23,1.29,5.94,2.84,1.94,4.26,5.68,2.84,2.32,0.13,0,0.39
Thomas,1,1,0,11.71,28.54,80.11,1.51,4.76,0,0.86,0.32,6.16,7.68,10.38,1.62,10.49,1.95,1.95,10.92,3.57,0.76,2.27,10.27,4,2.59,3.68,2.59,2.49,3.24,2.16,1.95,6.59,1.51,1.62,4.97,4.22,4.11,4.43,0,0.11,0
Thompson,1,1,0,16.26,23.82,79.13,1.35,4.67,0.12,1.56,1.23,6.93,6.31,10.99,3.9,9.68,1.35,4.02,12.26,5,1.72,1.72,11.56,1.8,2.83,2.62,1.44,2.09,2.3,1.85,0.82,6.19,3.08,1.93,5.82,5.25,1.07,1.48,0.49,0.08,0.33
Thurmond,1,1,0,15.41,34.16,74.24,1.53,2.1,0.19,3.82,0,2.86,6.87,6.11,5.15,3.24,0.38,2.29,10.31,6.68,0.57,2.86,11.26,3.44,5.73,2.67,1.53,0.95,0.95,1.53,1.91,5.73,0.38,0.95,4.01,3.63,4.77,3.05,0,0.19,0.76
Udall,6, ,1,18.39,29.91,71.32,0.62,2.84,0,0.12,1.11,3.21,8.28,6.67,0.87,5.69,0.87,2.35,11.37,4.57,1.48,2.72,8.41,1.98,6.55,2.35,0.99,0.87,1.85,0.99,1.36,6.18,1.73,1.36,4.82,4.33,2.22,2.47,0.49,0.12,0.74
Warner,2,1,0,21.95,27.33,75.39,3.53,2.65,0.51,0.15,0.66,5.22,8.38,6.83,1.4,7.27,0.96,2.5,14.77,4.19,0.66,1.76,8.23,3.97,2.06,1.32,1.98,1.98,2.5,1.91,0.44,5,2.06,2.79,6.98,4.7,1.84,2.5,0.22,0,0.07
Warner,1,1,0,23.71,32.23,74.1,3.92,3.31,0,0.9,0,4.22,8.43,5.42,1.2,3.92,0.6,3.31,12.65,6.33,0,1.81,7.83,4.52,1.51,2.71,2.41,0.6,1.2,1.2,0.6,6.63,0.3,2.41,5.72,2.71,7.83,7.83,0,0,0
Warner,2,1,0,15.69,25.25,78.8,4.04,2.7,0,0.61,0.86,7.6,7.6,8.21,2.33,7.48,1.1,2.45,12.87,5.02,1.47,2.08,9.8,2.45,0.61,2.94,1.1,2.21,2.57,1.47,1.23,5.15,2.57,1.72,5.02,3.19,3.19,2.82,0.25,0,0
Warner,1,1,0,20.33,28.77,74.86,3.87,1.78,0.24,0.97,0.36,4.8,8.05,6.72,1.95,6.39,0.78,3.52,13.02,5.3,0.78,1.62,6.94,3.06,1.52,2.9,1.57,1.19,2.09,1.31,0.74,4.63,1.83,1.57,6.96,4.04,3.99,2.73,0.19,0.1,0.14
Warner,1,1,0,21.92,26.51,76.82,2.51,2.33,0.41,1.23,0.23,6.48,7.44,7.71,1.92,6.43,1.46,2.69,12.27,5.11,1.51,1.55,8.17,2.51,1.64,2.01,1.46,1.14,2.24,1.78,0.96,5.02,2.65,1.64,6.93,4.7,3.01,2.65,0.36,0.14,0.05
Warner,1,1,0,20.38,29.81,72.08,5.66,0.75,0,1.13,0,6.42,7.92,4.15,0.38,4.15,0.75,1.51,14.72,1.89,0.75,0.75,6.42,4.15,1.51,3.4,0.38,0.75,1.89,1.51,0.38,3.4,0.75,0.38,7.55,3.4,1.89,1.51,0,0,0
Warner,1,1,0,19.19,30.74,73.29,2.79,1.5,0.05,0.81,0.48,5.48,8.97,6.66,2.26,5.27,1.02,2.1,13.65,4.3,1.24,1.67,5.7,2.36,2.26,2.63,1.88,1.13,1.34,1.29,1.02,3.39,1.67,1.5,5.1,4.73,3.39,4.19,0.27,0,0.59
Warner,2,1,0,18.94,25.92,74.56,3.84,1.76,0.48,0.48,0.64,4,9.12,8,3.84,6.88,0.8,2.4,12.96,5.12,0.64,1.6,6.88,2.56,1.44,1.76,2.4,1.28,1.76,0.64,0.64,4.64,1.6,1.76,8.48,5.12,3.36,2.56,0.16,0,0.48
Warner,2,1,0,23.36,29.11,75,2.74,1.37,0,0,0.34,5.65,7.53,6.68,1.88,4.97,0.68,4.11,13.7,6.16,0.68,2.4,4.97,1.03,1.2,1.03,2.91,1.54,1.37,1.71,1.54,4.79,1.88,1.54,9.42,4.97,2.57,2.74,0.86,0.17,0
Warner,2,1,0,20.31,30.47,73.93,3.95,1.21,0.36,0.12,0.85,6.21,7.47,7.43,1.78,7.75,1.01,3.03,12.79,5.53,0.73,2.06,5.49,1.82,1.82,1.69,2.34,1.69,1.29,1.37,0.81,5.17,1.57,2.66,6.78,3.47,2.5,2.62,0.28,0,0.16
Warner,2,1,0,18.82,29.36,75.3,3,1.26,0.41,0.49,0.85,5.19,7.99,8.31,1.38,7.7,1.34,3.08,12.25,3.89,1.78,2.15,6.12,2.23,1.78,2.07,2.8,1.74,1.54,1.18,1.38,4.87,2.31,1.95,7.42,4.26,2.72,2.68,0.04,0.04,0.2
Warner,2,1,0,21.3,30.26,75.86,3.02,1.26,0,0,0.67,5.7,7.96,7.54,1.76,7.88,0.75,3.77,13.33,5.45,0.92,2.26,5.53,3.69,2.43,1.51,1.51,0.92,2.18,1.51,1.26,5.62,1.93,2.18,6.37,3.19,3.1,2.43,0,0.34,0.17
Wellstone,7, ,1,18.98,37.81,69.21,0.83,0,0.1,0.31,1.34,4.34,6.71,5.48,2.07,3.93,1.14,2.27,13.22,4.75,0.62,1.55,8.99,1.34,3.41,1.14,3.31,1.34,0.72,1.86,1.45,3.51,0.72,1.65,6.2,4.86,2.69,2.69,0.31,0,1.24
Wellstone,7, ,1,18.71,39.35,70.18,1.63,1.16,0.08,0.08,0.54,4.49,7.59,5.73,1.01,4.49,1.86,1.39,13.01,3.56,0.7,1.39,7.98,2.4,3.64,2.09,2.87,2.01,0.77,1.47,1.32,3.72,0.77,1.63,6.74,3.64,3.64,2.48,0.15,0,0.7
Wellstone,7, ,1,22.79,40.88,69.4,1.85,1.15,0,0.12,0,3.7,7.74,5.54,0.69,3.93,2.19,2.31,11.66,5.54,0.69,1.04,6.93,2.19,3.12,0.92,1.27,1.62,1.5,2.08,1.27,6.24,1.62,1.73,7.39,3.35,4.16,3.7,1.15,0.23,1.73
Wellstone,7, ,1,16.26,34.2,71.74,2.16,1.19,0,0.22,0.32,3.78,7.98,4.53,1.83,5.18,0.43,2.59,13.92,2.91,0.86,2.59,9.17,2.37,3.02,1.29,0.54,0.86,1.19,0.97,0.97,4.21,1.19,1.29,7.12,4.85,4.31,2.37,0.54,0.32,1.29
Wellstone,1,0,1,20.83,31.48,71.78,1.84,2.25,0,0.36,0.3,3.97,7.17,7.59,1.24,4.92,2.02,2.19,13.93,4.27,0.71,1.07,5.33,2.79,4.62,2.49,2.31,2.55,1.42,1.19,0.95,4.86,1.07,1.66,6.94,3.26,3.02,3.44,0.47,0,0.83
Wellstone,2,1,1,19.25,32.93,72.04,2.14,2.06,0,0.84,0.99,4.05,5.81,6.95,1.6,6.42,1.91,3.13,12.76,5.5,1.45,1.38,7.56,2.06,2.6,1.91,2.14,2.9,1.76,1.38,1.76,5.5,2.14,1.91,5.5,5.12,1.68,1.6,0.23,0.08,0.76
Wellstone,2,1,1,23.03,37.34,69.32,2.39,1.37,0,0.14,0.58,3.84,5.86,4.92,0.94,5.57,0.94,2.53,12.88,4.56,0.65,1.81,7.38,2.53,1.59,2.1,2.68,1.01,1.88,1.3,1.59,5.21,1.37,2.53,6.01,4.78,3.55,3.26,0.14,0,0.36
Wellstone,1,0,1,13.16,28.18,78.11,4.06,3.54,0,0.39,1.05,5.64,7.47,8.52,1.44,7.6,2.75,2.62,9.96,3.54,1.57,1.31,10.22,2.49,3.41,2.36,2.23,3.8,1.83,1.31,0.52,5.5,2.88,2.36,6.95,3.01,2.36,2.49,0.13,0,0.52
Wicker,7, ,0,15.3,33.88,70.28,2.53,0.89,0,2.08,0.37,3.19,7.06,6.24,3.42,3.94,0.67,2.75,11.74,4.61,0.59,1.34,8.62,1.86,1.71,1.86,1.19,0.97,1.26,1.63,0.82,3.94,1.04,1.49,5.5,5.94,3.71,1.78,1.26,0.22,0.59
Wicker,7, ,0,18.76,31.62,67.21,2.44,1.72,0,0.54,0.09,4.79,7.68,3.88,2.53,3.25,0.81,1.81,12.74,3.07,0.63,1.99,5.6,2.17,1.9,1.72,1.54,1.72,1.08,1.99,1.08,4.07,1.26,1.26,6.14,6.96,2.71,2.26,0.45,0.72,0.09
Wyden,1,0,1,27.66,30.47,73.5,3.56,1.48,0,0.89,0.36,4.45,8,7.05,2.13,6.99,0.65,2.61,11.91,4.27,1.48,1.96,5.16,3.44,4.03,3.08,1.3,0.89,1.96,1.6,1.96,3.14,2.31,0.77,5.45,4.09,2.31,2.85,0.36,0.3,0.47
