IDNO,Name,Regions,OpposeSupport,PartyAffliation,Dic,WPS,Sixltr,i,we,you,shehe,they,ipron,article,verb,auxverb,past,present,future,adverb,preps,conj,negate,quant,social,posemo,negemo,insight,cause,discrep,tentat,certain,inhib,incl,excl,motion,space,time,work,achieve,money,relig,death
314,Miller,1,1,2,80.65,14.79,17.72,9.09,.47,1.63,0,1.86,5.59,8.16,13.75,8.39,4.43,6.76,.47,3.26,8.39,5.36,1.4,3.5,8.86,2.1,3.03,2.56,.7,1.63,2.8,1.63,.7,3.03,2.33,1.17,4.2,4.66,1.17,.93,.23,0,1.63
429,Feingold,1,0,2,68.31,23.67,42.96,4.93,0,0,0,0,3.52,4.23,6.34,4.23,.7,4.93,.7,.7,14.08,2.82,3.52,2.82,6.34,4.23,2.82,5.63,1.41,1.41,3.52,.7,3.52,1.41,3.52,1.41,7.75,.7,4.23,3.52,0,0,0
463,Gramm,1,1,1,84.01,14.32,18.57,3.31,4.78,1.84,1.1,1.29,5.88,6.99,18.01,11.95,1.1,13.97,1.47,2.39,10.85,6.25,1.65,1.29,14.71,2.39,3.12,2.57,1.47,2.02,1.84,.37,2.21,7.72,2.76,2.76,5.33,2.02,2.39,2.57,0,0,.18
90,Domenici,1,1,1,80.73,14.14,20.73,2.44,3.17,.24,2.93,4.15,6.34,5.61,17.8,9.51,4.39,10.49,1.46,2.93,9.27,5.37,1.71,3.66,13.9,2.68,2.68,2.44,.49,2.44,4.15,1.95,.49,5.12,3.66,1.46,6.83,3.66,.49,1.46,.24,0,.24
94,Biden,1,1,2,71.77,24.8,25.81,1.61,2.42,0,0,0,5.65,7.26,9.68,3.23,2.42,3.23,.81,1.61,14.52,6.45,.81,.81,8.06,0,1.61,.81,1.61,1.61,.81,0,2.42,6.45,2.42,3.23,2.42,7.26,4.84,5.65,2.42,0,.81
434,Reid,1,1,2,75.83,12.21,23.59,3.31,2.34,.19,2.14,1.95,7.6,7.41,16.18,11.5,6.43,7.41,1.36,2.34,11.11,1.56,2.92,2.73,10.92,1.95,.78,1.95,.97,1.95,2.14,1.17,0,4.09,2.14,.58,2.92,7.21,1.56,2.73,.39,0,0
375,Specter,1,1,1,76.59,28,35.71,2.38,0,0,.79,0,3.17,10.32,10.32,5.95,.4,6.75,1.19,2.38,17.46,4.76,0,3.57,5.56,2.78,2.38,5.95,3.97,.79,1.98,.79,.79,2.78,1.98,.4,4.76,3.17,2.38,3.17,0,0,0
372,Reid,1,1,2,75.45,16.6,25.23,2.95,2.39,1.59,.34,.8,4.32,6.93,12.05,7.27,2.27,6.93,1.59,2.39,12.39,5.57,1.59,1.36,10.45,3.64,1.82,2.95,3.86,1.59,1.59,1.02,1.48,4.09,3.07,1.36,5.45,2.61,2.84,4.2,.45,.34,.45
4,Bayh,1,1,2,79.38,18.06,29.54,3.38,3.38,0,.92,.62,4.31,6.77,12.62,8,.31,10.46,.92,1.85,12.62,4.62,1.54,1.54,7.38,3.38,3.69,.92,4.92,2.77,2.46,1.85,1.85,5.23,3.08,2.15,4.62,1.23,4.62,4,.31,0,.31
282,Warner,1,1,1,74.1,23.71,32.23,3.92,3.31,0,.9,0,4.22,8.43,6.93,5.42,1.2,3.92,.6,3.31,12.65,6.33,0,1.81,7.83,4.52,1.51,2.71,2.41,.6,1.2,1.2,.6,6.63,.3,2.41,5.72,2.71,7.83,7.83,0,0,0
505,Reid,1,1,2,79.4,15.98,24.38,6.13,1.17,1.3,1.83,.52,6,6.13,14.86,9.52,2.35,10.04,.65,3.65,11.21,7.04,2.22,2.22,11.99,2.74,.52,3,.91,1.69,2.74,1.04,.26,3.26,4.56,1.56,5.74,2.09,3.39,2.09,.65,0,.26
442,Thomas,1,1,1,82.19,17.22,25.55,2.58,3.48,.13,.77,.26,6.45,6.32,18.84,12.9,4.39,11.74,.26,5.03,12.77,4.39,1.94,1.68,6.84,3.1,1.42,2.97,1.68,2.32,1.55,3.23,1.29,5.94,2.84,1.94,4.26,5.68,2.84,2.32,.13,0,.39
239,Kennedy,1,0,2,67.91,19.55,37.67,3.26,1.4,0,1.4,0,2.33,8.37,6.05,3.26,0,4.65,.47,1.86,12.09,5.58,.93,.93,7.91,3.26,5.58,1.4,.47,.47,0,0,.47,4.19,.93,1.86,6.51,4.19,5.58,.93,.47,0,0
444,Thurmond,1,1,1,74.24,15.41,34.16,1.53,2.1,.19,3.82,0,2.86,6.87,9.92,6.11,5.15,3.24,.38,2.29,10.31,6.68,.57,2.86,11.26,3.44,5.73,2.67,1.53,.95,.95,1.53,1.91,5.73,.38,.95,4.01,3.63,4.77,3.05,0,.19,.76
360,Domenici,1,1,1,80.57,21.88,21.14,5.71,2.86,0,1.14,0,5.14,7.43,16,9.14,1.14,11.43,1.71,3.43,16.57,4.57,1.14,4.57,8.57,.57,4,4.57,2.86,1.14,3.43,.57,.57,5.14,2.86,.57,5.14,2.29,1.14,1.71,0,0,1.71
412,Nickles,1,1,1,75.93,14.12,24.96,3.19,2.65,.35,.35,.35,6.73,8.32,14.69,7.61,5.13,4.96,.71,2.48,12.04,4.25,1.77,2.48,8.32,1.77,.53,3.72,3.01,1.06,1.42,2.12,.35,5.49,2.3,3.89,5.84,3.72,1.06,1.77,.35,0,0
319,Byrd,1,0,2,78.47,13.1,23.29,4.7,4.31,0,.78,0,4.7,8.22,17.42,11.35,.2,14.09,2.54,2.35,12.72,4.7,1.57,1.37,10.37,1.57,1.37,3.72,1.37,3.13,4.11,.78,.78,5.48,2.94,1.57,7.24,2.15,1.76,1.37,.2,.2,.78
21,Bond,1,1,1,74.71,15.96,32.02,1.16,2.32,.23,3.48,.93,3.71,7.89,10.67,8.12,.46,7.19,2.09,1.86,10.44,6.5,.93,2.09,11.14,3.25,4.41,2.32,2.78,1.39,2.32,1.39,.23,6.96,2.09,1.86,4.64,2.09,2.32,3.25,0,.23,0
432,Jeffords,1,0,1,72.95,16.39,34.26,.69,2.91,0,0,0,3.19,10.4,7.35,4.58,.42,5.69,.69,2.22,11.1,4.58,.14,2.22,6.1,5.13,3.74,2.77,1.66,2.5,1.66,.69,1.66,5.13,.83,1.94,7.49,3.33,4.16,6.66,.42,0,.83
380,Warner,1,1,1,72.08,20.38,29.81,5.66,.75,0,1.13,0,6.42,7.92,7.17,4.15,.38,4.15,.75,1.51,14.72,1.89,.75,.75,6.42,4.15,1.51,3.4,.38,.75,1.89,1.51,.38,3.4,.75,.38,7.55,3.4,1.89,1.51,0,0,0
430,Corzine,1,0,2,67.04,19.89,41.06,1.96,2.79,.28,0,.28,1.68,8.66,4.75,1.96,.56,3.63,0,2.79,12.29,7.82,1.12,1.12,6.42,4.19,3.35,1.4,.84,1.4,2.79,.56,1.96,6.15,2.79,2.79,7.82,3.63,1.96,2.23,.56,0,.28
262,Santorum,1,1,1,78.51,17.74,27.37,1.47,2.21,.49,1.31,2.04,7.43,5.88,16.01,11.85,5.15,9.48,.57,4.58,11.27,4.17,3.1,2.04,8.91,1.8,3.43,3.19,2.86,1.31,2.29,1.88,.49,3.35,3.76,2.7,6.21,3.02,1.39,1.39,.57,0,0
517,Biden,1,1,2,80.29,16.54,20.93,3.34,2.56,1.62,2.31,.88,5.26,7.57,15.82,9.58,2.31,10.12,1.67,3.05,12.19,4.86,2.01,1.28,13.12,2.06,2.31,2.11,2.01,2.21,2.7,1.13,.84,4.42,2.75,1.62,5.9,3.69,1.97,1.77,.2,.1,.84
489,Lincoln,1,1,1,78.84,17.18,31.57,4.76,2.65,0,2.82,.71,3.35,5.64,13.4,7.94,.71,10.05,1.06,1.59,10.93,5.29,2.12,1.41,10.76,4.23,4.41,4.76,2.65,2.29,2.12,2.47,1.41,4.94,2.29,2.29,3.35,3.7,2.47,3.88,.35,0,.53
10,Biden,1,1,2,77.71,14.82,21.68,.61,4.7,.2,1.02,1.23,3.89,7.98,11.66,9.41,.41,6.75,3.07,2.86,12.07,7.77,2.04,2.66,11.45,2.04,2.45,.82,2.86,2.86,1.84,1.23,.61,6.54,4.09,1.84,6.13,4.29,3.68,2.25,1.84,0,.82
263,Kyl,1,1,1,77.32,27.71,28.87,3.61,1.29,0,.52,0,4.9,9.28,12.89,7.99,2.06,6.44,2.58,1.8,12.89,4.12,2.32,1.8,7.22,1.8,1.55,3.09,.77,3.35,2.06,.52,.77,3.87,2.84,1.8,5.67,3.87,2.32,4.38,0,0,0
435,Cochran,1,1,1,68.37,24.5,41.33,2.55,4.08,0,.51,0,2.55,10.2,11.22,8.16,.51,7.14,1.53,2.04,11.73,4.08,.51,1.02,8.67,4.59,3.57,3.06,.51,1.53,0,1.53,1.53,5.61,0,.51,6.12,1.02,2.04,1.53,0,0,0
189,Hutchison,1,1,1,81.43,16.76,25.33,1.19,3.98,1.06,.8,1.06,7.69,8.62,15.78,11.01,1.19,11.01,1.72,3.58,12.07,4.64,.8,1.33,12.73,2.52,3.32,2.25,2.12,2.65,3.58,1.19,1.06,4.77,2.79,1.46,5.31,1.59,2.52,2.92,.13,0,.66
383,Nickles,1,1,1,78.62,22.31,28.3,2.69,3.07,.13,.9,1.28,5.38,7.04,12.68,7.94,4.99,4.87,1.15,3.07,13.19,4.74,1.92,2.69,10.24,2.56,1.41,1.41,2.05,2.43,2.69,1.02,1.79,5.51,3.71,2.18,3.46,2.3,4.87,1.28,.26,0,0
521,Stabenow,1,0,2,75,22,34.09,3.25,4.22,0,.97,0,2.92,6.17,11.04,5.52,.65,9.09,.97,1.95,13.64,3.9,.65,1.62,8.12,5.19,4.87,1.95,1.95,1.3,.97,2.27,1.3,5.84,1.62,2.92,9.09,2.92,2.27,2.6,0,0,0
482,Baucus,1,1,2,76.03,15.52,33.76,1.55,3.09,0,2.32,0,4.64,9.79,10.05,6.7,.26,7.99,.26,.77,12.37,2.84,1.29,1.55,10.31,3.61,3.09,2.32,1.8,1.03,.77,.77,1.8,5.15,1.29,3.09,4.64,4.12,3.35,3.09,.77,0,.26
409,Lott,1,1,1,78.84,15.31,22.54,2.39,2.85,.46,1.38,.83,4.32,6.53,17.2,9.94,4.78,8.74,1.29,3.68,11.22,5.34,.64,2.12,9.02,3.22,1.75,2.39,2.58,1.29,1.84,2.21,.46,6.99,1.56,3.04,5.52,4.6,2.39,3.68,0,.09,0
443,Thomas,1,1,1,80.11,11.71,28.54,1.51,4.76,0,.86,.32,6.16,7.68,16.11,10.38,1.62,10.49,1.95,1.95,10.92,3.57,.76,2.27,10.27,4,2.59,3.68,2.59,2.49,3.24,2.16,1.95,6.59,1.51,1.62,4.97,4.22,4.11,4.43,0,.11,0
558,Bennett,1,1,1,75.6,19.73,26.69,2.23,1.84,0,1.89,.78,6.96,7.13,12.92,9.42,4.85,5.79,1.11,2.56,12.09,4.79,2.9,1.62,8.19,1.84,2.17,1.73,2.17,1.23,2.12,1,.89,4.96,4.23,2.67,6.63,4.23,2.34,2.06,0,0,.5
506,Wellstone,1,0,2,78.11,13.16,28.18,4.06,3.54,0,.39,1.05,5.64,7.47,13.5,8.52,1.44,7.6,2.75,2.62,9.96,3.54,1.57,1.31,10.22,2.49,3.41,2.36,2.23,3.8,1.83,1.31,.52,5.5,2.88,2.36,6.95,3.01,2.36,2.49,.13,0,.52
3,Ashcroft,1, ,1,68.88,15.97,30.17,.38,2.09,0,1.52,0,2.47,9.3,8.54,6.83,1.14,5.5,.57,1.52,13.66,4.17,1.52,1.52,5.69,4.93,3.8,.57,1.33,.95,1.9,.95,.38,4.55,1.9,.95,6.07,2.85,4.36,3.98,.57,.57,.57
242,Kennedy,1,0,2,70.51,19.43,37.25,.31,2.3,.08,.31,.15,4.61,7.37,7.6,5.38,2.07,3.15,1.38,3.3,11.67,5.15,.92,1.84,4.69,2.53,5.76,1.77,1.61,1.38,1.69,1.15,3.69,3.99,2,1.77,6.99,4.38,2.61,2.69,0,.31,1.31
391,Nickles,1,1,1,73.74,17.63,33.19,2.73,2.52,0,.63,1.26,5.25,6.09,13.03,6.93,1.89,8.4,1.05,1.89,10.71,3.57,1.89,1.26,8.19,2.1,2.94,5.25,1.26,1.47,1.68,1.05,.63,5.25,2.73,2.1,5.88,3.99,5.88,3.99,0,0,0
389,Nickles,1,1,1,76.71,12.49,26.58,.9,4.45,.68,.6,2.78,5.01,5.39,15.5,8.9,3.3,6.93,1.16,3.55,11.04,4.62,1.46,2.18,11.39,1.76,2.1,1.58,3.08,1.24,1.58,1.24,1.2,6.25,1.88,1.88,5.57,5.44,3.64,2.61,1.11,0,.56
33,Brownback,1,1,1,75.06,15.32,25.64,1.86,1.4,0,.47,.7,5.59,8.39,12.82,7.93,2.1,7.69,.23,4.43,14.69,3.5,.23,1.63,7.46,2.33,3.03,.23,1.63,0,.47,.23,.7,4.9,1.86,2.8,8.62,3.5,1.4,1.63,0,.7,.47
209,Helms,1,1,1,69.66,16.48,30.87,1.58,1.85,0,1.58,.53,4.49,7.39,12.14,7.65,2.11,6.6,.79,2.11,10.55,5.54,.53,1.32,10.82,.53,5.28,2.11,.79,1.85,1.85,1.06,0,5.54,1.58,.53,4.49,2.9,2.37,1.58,.53,.26,1.32
283,Lott,1,1,1,75.46,16.3,32.25,1.96,.52,0,3,1.04,6.14,7.44,13.45,9.27,2.74,8.22,1.04,2.22,10.31,4.31,1.31,2.09,10.31,2.74,1.96,2.87,1.17,1.31,2.48,1.83,1.04,4.31,1.57,1.83,4.18,3.26,4.31,1.83,.39,0,.13
321,Murkowski,1,1,1,74.25,13.66,23.2,.88,3.15,.81,1.41,.85,6.12,7.89,14.61,9.66,2.51,8.95,.85,3.86,12.63,3.96,1.06,1.91,9.76,1.17,1.2,1.8,1.87,1.27,1.73,.96,.64,4.56,1.17,1.31,8.17,3.61,1.17,1.27,.53,.07,.18
386,Byrd,1,0,2,77.41,14.56,26.35,2.34,.78,.42,.64,.64,5.52,10.2,12.68,9.56,1.49,7.65,1.27,2.41,12.68,4.46,1.84,2.41,6.23,2.27,1.2,.78,.42,.85,1.35,2.2,1.27,4.11,1.91,1.91,4.89,4.53,4.18,3.12,1.7,0,.64
105,Edwards,1,1,2,74.12,20.31,32.97,.58,3.01,0,.92,1.09,3.92,8.1,10.27,7.1,.83,5.43,2.25,1.59,11.85,5.01,.83,2.67,8.6,4.84,4.92,2,1.59,2.67,1.67,3.34,2,6.51,1.09,1.34,5.59,2.84,2.67,2.75,.33,.08,.33
27,Brownback,1,1,1,69.89,16,26.7,.57,1.42,0,1.99,.85,3.98,7.1,10.8,7.67,2.27,6.82,0,1.42,13.92,3.69,1.42,2.56,6.25,2.84,3.98,1.42,1.14,0,.28,.85,1.14,5.4,1.14,2.27,9.38,5.68,1.99,3.12,.28,0,1.14
318,Murkowski,1,1,1,75.05,18.49,26.66,.85,3.51,.09,1.71,.28,5.79,8.06,11.67,7.97,1.71,7.5,.95,3.32,14.14,4.17,1.14,.95,7.5,1.42,2.37,3.61,1.9,1.99,2.28,.57,.66,5.98,2.37,2.37,5.79,2.75,1.61,1.61,1.23,0,.28
1,Bennett,1,1,1,79.37,16.1,23.7,2.64,1.78,0,2.21,.79,6.64,7.14,15.56,10.35,2.64,8.85,2.14,3.35,11.49,5.42,2.43,1.43,7.78,2.07,1.78,3.71,2.21,2.07,3.07,1.86,.64,5.07,3,2.64,7.28,4.21,2.78,2.28,.29,.29,.14
479,Shelby,1,1,1,67.28,20.14,38.16,.52,.78,0,1.52,.47,3.29,5.28,9.36,4.65,1.36,4.29,.73,2.04,12.75,4.86,1.15,1.83,5.8,1.62,4.44,2.72,3.14,.63,1.1,1.93,2.98,4.97,1.73,1.31,5.44,4.81,3.61,2.67,.37,.16,.31
206,Specter,1,1,1,62.01,23.41,34.87,.58,.23,0,.12,.58,3.46,9.93,12.47,5.31,2.42,3.23,.58,1.15,14.32,3.93,.23,.81,3.46,.92,3,2.31,1.62,1.15,.92,.81,.23,3,.58,1.85,7.51,3.46,1.85,2.08,.23,.12,1.62
285,Helms,1,1,1,70.93,18.92,31.71,1.42,1.22,0,.61,1.22,5.69,8.74,9.35,6.5,.61,6.1,1.63,3.05,10.77,3.86,.81,.81,8.74,2.03,2.64,.61,1.83,1.42,2.24,1.42,1.63,3.05,2.24,2.03,5.08,3.25,4.07,3.86,1.02,1.22,.2
187,Daschle,1,1,2,74.54,22.42,34.85,.46,1.77,0,1.21,.84,4.09,5.95,8.55,6.41,.84,5.48,1.21,2.23,14.13,4.83,1.12,2.42,9.11,3.25,3.53,2.7,2.79,1.49,1.02,2.79,1.39,5.39,1.12,1.95,5.86,3.07,4.18,4.46,.09,.46,0
508,Brownback,1,1,1,79.43,13.61,22,1.35,3.83,.7,1.78,.91,6.74,6.57,13.52,9.52,1.61,9.87,.74,3,12.83,4.57,1.74,2.13,10.17,2.35,3.65,1.7,1.26,1.48,2.43,.96,.57,7.09,3,2.52,6.87,4.35,1.87,1.83,.22,.22,.43
503,Jeffords,1,0,1,75.15,20.42,34.06,1.68,2.41,0,.88,0,4.39,7.09,8.92,6.43,1.02,5.7,1.61,2.7,13.08,5.04,1.39,2.12,5.41,3.14,5.04,1.68,1.75,2.85,2.12,1.17,1.83,5.48,3,2.34,6.07,3.95,3.95,4.97,.51,.07,.51
436,Kyl,1,1,1,76.11,18.51,27.01,1.92,3.36,0,1.32,1.08,7.08,5.52,15.97,10.32,3.84,10.2,.84,3.36,12,5.76,2.52,1.32,9.12,2.52,3.36,3.36,1.44,1.32,2.04,1.44,.72,4.08,3.6,1.56,3.48,5.16,2.04,2.28,.48,0,.36
475,Mikulski,1,0,2,73.34,16.84,33.76,3.84,1.63,0,.47,.7,3.73,8.96,10.59,6.75,.7,6.98,2.21,1.63,9.55,5.59,1.16,1.16,7.22,2.68,4.42,2.44,3.14,2.44,1.4,1.16,1.63,4.42,2.21,1.63,5.82,1.51,3.14,2.91,.58,0,.7
365,Specter,1,1,1,71.88,18.65,31.01,3.77,1.74,.29,.29,.43,4.49,7.97,11.01,7.1,2.32,5.65,.87,2.03,13.48,4.06,1.16,2.61,5.8,1.88,1.88,3.33,1.74,.87,3.33,1.16,1.16,3.33,2.9,1.74,5.22,4.35,2.17,1.88,.29,0,0
511,Nickles,1,1,1,75.92,14.03,27.6,1.82,2.07,.21,2.82,1.12,5.51,6.55,15.54,9.61,3.94,7.21,1.57,2.74,10.94,4.14,1.57,1.99,9.7,2.45,2.49,3.03,3.23,1.82,1.91,1.41,.46,4.48,2.07,2.49,4.72,3.11,2.98,2.9,.29,0,.29
358,Bennett,1,1,1,79.61,22.93,24.9,2.64,2.23,.05,1.52,.41,6.59,8.22,13.13,9.13,3.6,5.73,2.03,4.11,11.26,5.58,.91,2.38,8.62,2.28,1.47,3.5,2.48,1.37,2.54,2.13,.91,5.12,2.03,1.32,6.29,4.01,3.25,2.94,.15,.05,.3
284,Lott,1,1,1,70.03,16.22,33.73,1.54,2.91,0,0,.86,2.57,8.56,12.84,6.85,.34,7.19,1.37,2.91,11.47,3.08,1.37,2.4,7.19,3.77,1.37,2.57,1.03,.86,1.37,.68,1.88,4.28,1.88,2.57,6.16,3.6,3.42,2.57,.34,.34,.68
374,Hutchison,1,1,1,74.98,13.32,28.43,2.12,4.02,.23,.68,.15,4.62,7.2,14.1,9.17,2.88,7.66,.76,2.12,10.31,4.47,1.29,2.12,9.78,2.27,5.08,2.43,1.97,1.36,1.82,.61,1.82,6.14,1.52,1.59,5.61,3.79,2.73,3.11,.23,0,1.21
5,McCain,1,1,1,75.47,27.48,34.15,2.11,2.11,0,2,.35,2.46,8.8,9.86,6.57,2.11,5.87,1.29,2.35,13.03,4.34,.82,1.64,8.69,3.64,3.52,2.46,2.23,.7,1.06,2.35,2.35,5.05,1.29,1.76,5.63,2.82,5.28,5.05,.23,.12,.94
413,Levin,1,0,2,74.68,24.71,31.45,1.85,2.31,0,1.04,.23,4.74,6.36,11.79,7.75,1.5,6.47,1.5,2.54,13.41,4.62,1.39,1.39,6.24,2.31,3.82,2.89,3.47,1.27,1.97,1.39,.69,3.47,2.89,1.85,5.55,4.74,4.51,5.9,.46,.12,.69
252,Kerrey,1, ,2,72.88,17.27,32.24,1.16,2.03,.1,1.64,1.16,3.76,8.2,8.01,5.21,1.16,5.31,.58,1.45,12.74,5.12,.97,1.54,7.72,2.99,3.09,2.22,1.74,1.06,1.25,1.16,2.7,4.63,2.12,1.83,6.18,3.67,3.76,3.38,.68,0,.39
478,Conrad,1,0,2,72.54,16.97,31.66,2.2,3.48,0,1.18,.1,3.43,7.99,10.45,7.02,.87,5.99,2.25,2.1,10.5,4.56,1.33,1.59,6.71,2.61,4.76,2,3.48,2.82,2.15,1.23,1.38,5.02,2.92,1.28,6.3,4.25,2.51,3.18,.82,.1,.61
486,Feinstein,1,1,2,73.68,22.49,33.53,2.28,.48,0,1.32,.48,4.45,8.41,10.58,6.73,.96,7.09,.96,2.16,11.54,6.25,1.2,1.08,5.17,3.85,4.09,3.85,3.12,2.16,2.16,1.08,1.68,4.09,2.4,1.32,5.17,3.25,3,3.37,0,.12,.24
355,Byrd,1,0,2,76.97,15.63,27.98,.22,2.95,0,1.22,.67,4.17,8.4,12.24,8.29,.89,7.12,2.39,3.67,13.4,4.67,1.28,2.45,9.23,1.39,3.45,2.39,2.95,1.89,2.95,1.33,.89,4.78,2.56,1.5,6.06,4.23,3.73,3.17,1.17,0,1.5
110,Feingold,1,0,2,69.84,22.61,34.05,2.41,2.01,0,0,.27,3.35,8.04,10.59,6.43,.8,5.5,1.47,2.82,13.14,4.56,.54,1.88,4.83,3.35,3.35,4.16,2.82,2.28,2.28,1.34,.67,4.42,1.07,1.47,5.76,3.35,2.28,2.95,0,0,.27
320,Murkowski,1,1,1,73.93,17.52,26.34,2.41,4.54,.14,1.03,.89,6.6,5.91,12.38,7.84,2.06,7.43,.89,2.82,12.38,3.37,.96,2.54,10.39,1.86,1.79,2.13,1.58,1.03,2.06,1.24,.48,4.75,1.93,2.27,6.6,3.71,1.99,1.99,.55,.14,.21
369,Bayh,1,1,2,77.4,19.13,28.62,3.9,4.74,.22,1.02,.22,6.07,6.73,11.79,6.87,1.51,7.4,1.28,2.79,11.7,5.72,1.33,1.68,10.19,4.08,3.63,3.5,2.39,2.04,2.04,1.28,1.2,6.16,2.26,1.64,3.99,2.75,1.86,3.01,.04,.18,.71
16,Johnson,1,1,2,68.35,27.52,35.05,1.06,1.52,0,.12,.7,3.87,6.45,6.57,4.34,1.17,3.4,.7,2.46,14.07,6.1,.94,1.76,5.51,1.76,4.34,1.52,1.76,.82,1.52,1.64,.47,6.1,1.17,1.06,4.92,3.63,4.57,1.76,.7,0,.82
267,Leahy,1,0,2,74,19.61,31.99,1.08,1.4,0,1.21,.64,4.91,6.76,12.11,9.11,2.17,6.69,1.59,3.19,12.11,5.54,1.91,1.91,5.61,2.61,3.44,1.72,3.44,2.04,2.68,1.34,1.53,3.63,2.87,.45,4.65,4.4,4.33,3.25,.51,.06,.89
270,Leahy,1,0,2,72.53,21.48,32.53,.8,2.18,.06,.98,.17,4.66,7.76,11.15,6.67,1.32,6.15,1.21,3.56,10.63,4.6,1.55,2.41,8.97,2.87,4.2,2.41,2.47,2.01,2.99,.63,1.67,3.56,2.59,1.09,4.66,3.16,4.48,2.93,.8,.17,.8
527,Enzi,1,1,1,76.46,15.65,26.85,.87,4.69,0,1.66,.47,4.42,7.89,14.83,9.15,3,7.93,1.18,2.84,11,4.65,1.81,1.97,11.12,2.56,2.17,3.04,1.74,1.81,1.7,1.54,1.34,7.06,2.17,2.21,4.38,3.98,3.04,4.38,.24,0,.35
15,Bingaman,1,0,2,73.64,20.95,32.16,1.02,2.61,0,.91,.91,4.43,8.86,9.66,6.25,1.7,5.91,.8,1.93,12.95,5.45,.8,2.39,6.48,1.82,3.86,1.82,2.27,1.14,2.16,.68,1.7,3.86,2.84,2.27,6.48,5,3.18,2.95,.11,.11,1.02
518,Frist,1,1,1,70.84,17.44,33.95,.65,1.3,0,1.74,.85,2.89,5.68,10.27,6.48,1.69,5.28,1.05,2.29,11.47,5.58,.8,2.34,6.93,2.19,7.13,1.65,2.09,1.3,1.25,1,.95,4.89,1.65,.9,5.83,3.14,3.99,2.59,.6,.1,1.4
275,Levin,1,0,2,75.19,24.57,32.82,.58,2,.06,.39,.65,3.55,10.59,11.43,7.04,2.78,5.43,1.68,2.58,12.86,5.68,1.68,1.87,7.3,3.88,3.75,1.94,2.2,2.2,2,.84,1.87,4.84,3.1,1.42,5.94,3.49,2.84,2,.06,0,.58
481,Edwards,1,1,2,73.94,20.62,32.73,.78,2.94,0,1.65,.35,4.94,5.89,10.91,7.1,.69,7.01,2.16,2.77,10.48,5.28,1.21,2.34,8.4,4.42,4.33,3.2,2.25,2.68,2.16,2.34,2.6,5.02,1.73,1.56,4.42,3.64,3.38,3.29,.26,0,.35
427,Boxer,1,0,2,76.26,15.48,27.85,2.18,1.85,.25,1.34,.67,6.29,8.47,14.35,8.31,1.93,8.98,2.01,3.27,10.15,4.11,2.18,.84,8.22,2.18,3.02,3.52,2.01,2.43,2.85,1.17,1.26,3.19,2.85,2.85,4.53,3.19,2.94,2.18,.34,.08,.67
411,Dayton,1,0,2,76.58,18.63,29.11,2.01,2.46,.06,.65,.58,6.73,6.34,13.39,8.47,2.26,6.4,2.46,3.69,12.94,6.02,1.62,1.55,6.47,2.98,2.2,3.82,2.59,1.81,2.72,1.36,.84,4.27,2.98,1.36,4.53,4.92,2.59,2.98,.32,.45,.97
428,Sarbanes,1,0,2,75.45,23.33,31.3,3.38,.65,.26,1.43,.26,7.53,7.4,11.82,7.27,2.34,7.27,.78,2.73,13.77,5.45,.65,1.04,5.97,1.95,1.56,3.38,2.6,2.08,1.95,1.04,.78,3.51,1.95,1.82,3.51,3.77,2.21,3.9,.13,0,.65
473,Ensign,1,1,1,74.93,20.21,28.95,.49,3.67,0,2.1,.74,4.45,6.64,11.55,7.51,1.53,7.3,1.2,1.86,12.58,4.54,1.15,1.57,10.06,2.56,6.72,2.1,1.77,1.28,1.28,1.57,1.24,4.95,1.57,1.69,5.48,4.45,2.31,2.64,.45,.45,1.03
510,Wyden,1,0,2,73.5,27.66,30.47,3.56,1.48,0,.89,.36,4.45,8,11.08,7.05,2.13,6.99,.65,2.61,11.91,4.27,1.48,1.96,5.16,3.44,4.03,3.08,1.3,.89,1.96,1.6,1.96,3.14,2.31,.77,5.45,4.09,2.31,2.85,.36,.3,.47
520,Levin,1,0,2,72.77,25.38,31.84,1.14,3.05,.18,.39,.28,5.18,9.12,10.15,6.53,1.14,6.07,1.56,1.99,11.43,4.69,1.67,1.14,7.14,2.2,3.51,2.84,3.44,2.63,2.56,.99,1.46,4.72,3.62,2.2,6.64,3.12,2.27,2.63,.07,.11,.25
240,Kennedy,1,0,2,74.82,17.57,29.3,.17,3.01,0,.51,1.24,3.72,7.83,10.68,7.15,1.3,5.97,1.52,2.54,12.9,4.34,1.32,2.7,8.54,3.21,4.62,1.77,2.06,1.44,1.8,2.08,1.1,4.42,2.31,1.04,6.62,3.89,2.76,2.59,.73,.59,1.77
512,Helms,1,1,1,67.56,21.75,38.31,1.02,1.53,0,1.15,0,2.94,6.64,8.17,5.87,1.02,4.47,1.4,2.3,11.49,3.7,1.28,1.79,5.62,2.68,4.09,1.28,1.15,1.79,1.53,1.79,1.53,4.09,.89,1.53,5.36,6.13,5.24,3.7,.51,.51,.38
468,Kohl,1,1,2,75.14,18.77,32.38,2.6,2.32,0,1.5,.27,3.83,7.24,11.07,8.33,.27,8.06,1.37,1.37,11.61,4.37,1.64,2.6,6.69,3.42,4.51,2.87,2.46,1.09,1.78,1.09,1.23,4.78,1.91,1.64,5.46,2.87,4.23,5.19,.27,0,.82
469,Schumer,1,1,2,77.28,17.95,28.67,2.84,3.82,0,.82,.71,3.82,6.61,12.07,8.57,.93,7.05,2.46,2.46,11.69,5.57,1.42,2.35,8.41,2.62,5.08,2.89,1.69,2.35,2.13,1.8,1.47,6.23,1.97,1.75,4.42,4.48,2.46,2.84,.76,.38,.82
227,Gregg,1,1,1,76.54,22.42,28.13,.91,3.8,.62,.17,.95,6.15,7.77,11.48,8.34,1.12,7.97,1.24,3.1,12.6,6.57,1.4,1.98,8.22,2.27,2.4,2.48,3.06,1.24,2.35,1.57,.45,5.87,2.48,2.35,6.28,3.1,2.44,2.4,.08,.37,.17
485,McConnell,1,1,1,69.15,20.89,32.82,.68,1.71,0,.77,.43,3.76,7.09,9.32,7.18,.94,5.47,1.11,1.37,11.28,5.04,.77,1.79,6.75,1.79,7.01,1.97,1.88,1.11,1.79,1.11,1.28,4.44,1.88,1.03,4.96,4.96,3.33,2.82,0,0,.77
11,Biden,1,1,2,77.3,24.77,27.43,1.42,3.29,.08,.61,2.23,5.24,7.77,12.45,8.49,1.34,7.07,1.84,2.67,11.84,5.65,1.95,2.09,10.41,2.53,3.17,2.56,2.03,2.31,2.45,1.09,.81,5.21,3.06,1.56,5.35,2.9,2.56,2.14,.81,.42,.67
23,Bond,1,1,1,74.13,18.29,29.55,1.16,3.26,0,.63,.63,4.73,8.2,12.41,8.62,2.52,6.41,1.26,1.58,11.57,5.26,.74,1.16,7.78,2,4.63,2.42,2,1.37,.95,1.16,.84,6.62,1.26,2.84,5.47,4.84,2.52,2.94,0,.11,.42
207,Dorgan,1,1,2,70.84,16.53,31.16,1.33,.67,.12,1.09,1.09,4.6,7.56,11.25,6.23,3.69,3.99,1.33,2.48,11.25,5.02,.91,1.45,8.23,1.51,3.45,1.75,1.27,1.39,1.21,.97,.48,4.54,1.33,2.18,6.35,3.33,2.72,2.12,0,0,1.57
471,Sessions,1,1,1,76.19,16.71,28.74,1.12,3.2,.13,1.79,.61,4.74,7.01,11.36,8.29,1.02,7.36,1.73,2.94,11.07,5.57,1.6,1.82,8.58,4.29,3.42,2.53,3.26,1.5,2.14,2.08,1.6,4.54,2.94,1.76,5.31,3.04,2.66,3.52,.26,.26,.64
42,Kennedy,1,0,2,69.45,18.44,32.27,.82,2.58,.04,.78,.23,4.02,7.22,11.28,7.1,1.4,4.96,2.11,3.24,10.61,4.21,.94,2.18,6.16,3.08,4.64,1.83,1.87,1.21,1.64,1.29,.86,3.86,1.72,1.29,4.84,4.92,3.08,2.73,.27,.23,1.6
474,"Graham, FL",1,0,2,73.84,19.89,32.6,1.86,2.99,.11,.28,.96,4.52,7.4,9.77,6.67,1.13,4.92,1.86,2.37,12.77,4.07,.79,2.03,7.4,1.69,5.59,2.26,2.09,1.81,1.47,1.02,1.19,4.52,1.3,1.98,6.21,4.07,2.49,3.62,0,.06,1.02
488,Murkowski,1,1,1,72.34,16.68,28.3,.32,3.28,0,.88,.4,4.56,7.11,12.63,6.95,1.28,6.55,1.52,1.76,12.07,4,1.68,1.12,7.35,2.08,5.6,2,2.8,1.68,1.44,1.52,2.08,4.64,2.72,1.6,5.36,5.76,2.08,2.16,.64,.08,.32
41,Byrd,1,0,2,72.01,21.27,29.29,1.87,1.13,0,2.38,.57,4.02,9.24,10.25,6.57,1.19,6.8,1.19,1.81,12.58,4.65,.85,1.08,8.22,2.21,3.68,1.93,1.42,1.25,2.15,.91,.96,3.97,1.81,1.42,6.06,3.46,3.46,3.4,.06,.28,1.08
480,Dorgan,1,1,2,72.86,25.93,34.71,1.93,1.79,0,.5,.36,5.71,7.36,9.79,6.14,.79,6.71,1.36,2.71,11.79,4.5,.43,1.57,4.71,2.29,5.36,2.57,3.43,1.71,1.71,.71,1.93,3.93,1.21,1.43,6.93,3.64,3.79,3.29,.29,.07,.43
476,"Smith, NH",1,1,1,76.4,14.45,25.24,2.14,2.58,.25,1.95,.88,4.85,6.86,15.54,9.63,3.46,8.62,1.01,2.83,10.45,4.34,2.14,1.89,8.43,1.64,4.66,1.76,1.64,1.51,2.08,.88,.69,5.1,2.83,1.51,6.42,4.22,2.83,2.33,.38,.25,1.32
439,Specter,1,1,1,72.18,18.75,28.24,1.57,2.51,0,.73,.84,3.77,8.05,12.87,9.31,2.72,7.53,1.26,4.39,13.39,5.02,.42,.84,6.9,1.88,2.09,2.62,1.26,1.57,1.26,1.05,.73,5.44,.94,3.03,6.28,2.82,2.93,2.41,.1,.1,.21
483,"Smith, OR",1,1,1,72.36,19.13,32.06,2.21,2.01,.1,1.71,.3,3.92,6.83,10.35,6.23,1.81,5.83,1.31,2.01,11.76,5.03,1.01,1.31,7.44,2.91,5.43,2.61,1.31,1.71,1.01,1.91,1.31,4.32,2.01,1.21,6.63,5.33,2.81,2.51,.5,.2,.8
414,Bingaman,1,0,2,75.64,23.38,30.97,1.36,3.35,.28,.46,.5,5.36,8.21,11.41,7.72,.99,7.04,1.67,2.73,11.9,5.15,1.89,1.86,7.87,2.05,4.15,3.01,3.07,2.76,2.23,1.49,2.29,4.99,3.22,1.83,5.61,3.13,2.29,2.91,.09,0,.25
525,Thompson,1,1,1,79.13,16.26,23.82,1.35,4.67,.12,1.56,1.23,6.93,6.31,15.83,10.99,3.9,9.68,1.35,4.02,12.26,5,1.72,1.72,11.56,1.8,2.83,2.62,1.44,2.09,2.3,1.85,.82,6.19,3.08,1.93,5.82,5.25,1.07,1.48,.49,.08,.33
484,Harkin,1,1,2,71.76,28.42,34.54,1.57,1.85,0,1.3,.46,3.52,7.22,7.78,4.81,1.48,3.8,.93,1.85,11.76,6.3,.65,1.85,7.04,2.96,4.07,2.69,2.78,.93,1.11,1.76,1.94,6.48,1.39,1.3,6.02,4.26,4.17,3.52,.19,0,.65
230,Hutchinson,1,1,1,78.25,18.66,24.19,1.5,4.57,.08,1.42,1.1,5.99,8.59,14.81,9.38,1.73,9.3,1.34,2.6,11.43,4.41,.79,2.36,12.06,3.23,1.89,1.58,1.73,2.05,1.34,1.34,1.34,6.78,1.58,1.89,5.44,3.23,3.07,3.31,.24,0,.39
509,Burns,1,1,1,78.83,14.71,26.21,1.81,2.98,.13,2.01,.52,4.98,6.86,11.84,7.44,1.36,7.9,1.1,3.88,10.61,6.02,1.94,2.14,10.42,2.52,4.21,2.27,1.94,1.29,1.36,1.42,.97,5.63,1.94,1.36,5.44,4.66,1.68,2.07,.39,.26,.45
501,Gregg,1,1,1,76.69,18.17,27.81,1.12,3.61,.12,1.66,.95,5.98,6.98,13.91,9.7,2.72,8.52,1.24,2.66,11.01,6.63,.95,1.42,10.18,1.89,4.73,2.13,2.66,1.83,2.43,1.01,.71,6.15,2.72,1.72,5.21,2.43,3.2,3.14,.06,.12,1.18
210,Feinstein,1,1,2,71.21,18.04,29.98,1.4,2.96,0,.43,.59,4.2,7.1,10.39,7,1.13,5.54,1.83,3.39,11.95,5.27,1.08,2.15,6.57,1.51,4.25,2.48,1.61,1.29,2.15,.97,.7,5.81,1.88,1.94,7.64,3.93,2.1,2.37,.38,.32,1.08
523,Chafee,1,0,1,67.62,20.07,35.94,1.78,1.78,.18,0,.71,3.38,8.72,7.83,4.8,1.6,5.34,.89,1.25,12.46,4.45,.53,1.25,8.36,4.09,3.02,3.02,1.78,1.25,.89,1.42,1.6,4.98,.53,1.78,6.94,1.78,2.49,2.85,0,.53,.18
581,Feinstein,1,1, ,71.29,17.85,29.99,1.39,2.93,0,.43,.59,4.22,7.15,10.41,7.04,1.12,5.6,1.81,3.36,12.06,5.23,1.12,2.13,6.56,1.49,4.32,2.45,1.6,1.28,2.13,.96,.69,5.76,1.92,1.92,7.68,3.9,2.08,2.4,.37,.32,1.12
515,Dodd,1,1,2,77.29,19.87,29.5,2.97,1.88,.03,.49,.49,6.06,7.4,11.95,7.85,1.64,6.94,1.61,2.91,12.4,5.06,1.52,2.03,6.55,3.49,3.24,3.85,1.82,2.58,2.88,2.18,1,3.79,2.94,1.46,5.18,3.52,2.3,3.46,.15,0,.27
7,Bennett,1,1,1,75.87,22.02,28.96,.99,2.91,0,.64,1.06,6.32,8.02,11.07,8.59,2.56,5.46,1.77,2.98,13.63,4.54,1.77,1.77,8.45,2.7,3.19,1.63,1.49,1.49,2.34,1.49,.92,5.04,2.7,2.77,6.03,4.76,2.48,3.69,.5,.21,.92
507,Kennedy,1,0,2,74.04,19.72,32.06,.99,2.91,.14,1.1,.78,3.26,8.01,11.45,7.94,1.38,6.63,1.6,2.59,12.02,4.65,1.31,1.99,8.12,2.59,4.65,2.52,2.34,1.42,2.2,1.06,2.06,4.54,2.55,1.31,5.85,3.55,3.65,3.33,.32,.11,1.81
514,Hagel,1,1,1,71.2,18.89,32.92,.67,3.12,0,.11,.17,3.45,8.64,9.03,6.52,.61,5.07,1.95,2.23,11.87,5.79,1.67,2.56,5.96,3.29,2.28,2.84,2.45,1.67,1.78,1.78,1.39,6.18,1.95,1.95,6.57,3.9,3.9,3.51,.5,.17,.45
526,Murray,1,0,2,76.97,16.56,29.87,1.85,4.49,.08,.17,.71,4.7,7.13,12.21,8.01,1.89,7.59,1.38,2.22,11.95,4.61,1.51,1.68,9.44,2.39,4.07,3.4,1.8,1.38,2.1,1.55,.8,5.79,2.22,1.8,6.71,4.74,3.65,3.27,.59,.04,.88
256,Kyl,1,1,1,75.3,22.46,29.79,.94,1.76,.3,1.28,.56,5.09,8.26,11.04,8.09,2.27,5.95,1.33,2.91,13.36,6.21,1.46,2.44,6.68,2.61,2.05,1.46,2.48,2.27,2.53,.98,1.16,4.62,3,1.24,5.69,4.02,3.9,2.44,.26,.09,.09
464,"Clinton, H.",1,1,2,73.43,21.52,32.57,1.4,2.03,0,1.49,.32,4.19,6.59,10.46,6.27,1.62,5.73,1.53,3.02,11.59,6.45,.95,2.17,6.63,3.7,4.24,2.07,2.93,2.17,2.44,1.58,1.94,5.59,1.62,1.85,6.27,3.61,3.38,4.1,.27,.32,.54
528,Reed,1,0,2,69.4,20.23,36.1,.33,2.19,0,.72,.85,3.35,8,8.5,6.14,.83,4.59,1.7,1.47,12.16,4.84,.89,2.05,5.62,2.19,5.09,2.4,2.96,1.39,2.67,1.24,1.3,3.85,2.3,1.18,5.96,2.67,3.04,3.66,.66,.25,.83
186,Lott,1,1,1,76.95,17.7,26.54,1.97,3.05,.25,.84,.84,5.5,7.08,14.99,10.32,1.97,9.43,1.52,4.13,10.96,5.6,1.52,1.92,8.8,1.87,2.36,2.8,2.85,2.21,1.72,1.97,.54,6.49,2.11,2.75,4.77,4.08,2.31,2.46,.25,.05,.2
370,Craig,1,1,1,75.35,23.23,28.66,1.59,3.18,.06,.53,.24,4.95,8.02,11.32,6.84,2.24,5.9,1.24,1.95,13.86,5.72,.71,1.42,6.43,2.89,2.71,1.95,2.36,1.42,.94,2.06,1.89,6.54,1.06,1.42,7.25,5.66,2.59,2.83,.24,.06,.12
296,McCain,1,1,1,71.2,23.21,34.58,1.36,2.15,0,.34,0,4.76,7.82,9.18,6.58,.68,5.56,2.15,2.38,13.27,4.99,1.59,1.7,5.33,2.83,2.95,2.15,2.27,2.27,1.7,2.38,1.59,5.1,2.38,1.13,6.12,2.38,2.72,2.49,.23,.34,.11
208,Murkowski,1,1,1,70.97,20.71,33.5,1.59,.86,0,.98,.31,4.77,7.52,9.78,5.44,.79,4.89,1.04,1.96,13.81,2.87,.61,2.63,5.2,2.63,1.53,2.87,2.81,1.1,.92,1.71,1.53,3.24,.73,2.02,5.99,3.36,4.52,3.24,1.34,0,.43
455,Wellstone,1,0,2,71.78,20.83,31.48,1.84,2.25,0,.36,.3,3.97,7.17,10.37,7.59,1.24,4.92,2.02,2.19,13.93,4.27,.71,1.07,5.33,2.79,4.62,2.49,2.31,2.55,1.42,1.19,.95,4.86,1.07,1.66,6.94,3.26,3.02,3.44,.47,0,.83
184,Feingold,1,0,2,75.29,19.85,30.7,1.23,2.11,0,.2,.48,5.51,7.96,10.62,7.9,.75,6.88,1.84,2.31,12.32,4.15,1.43,2.59,6.26,2.93,3.88,2.31,2.59,1.7,3.27,1.36,1.84,4.08,2.79,1.84,7.22,2.18,2.79,3,.07,.07,.14
519,Domenici,1,1,1,79.63,18.85,26.98,2.54,3.67,.28,1.07,.34,5.98,6.55,12.92,8.13,1.75,8.52,1.3,4.12,12.92,5.25,1.35,2.03,9.59,2.37,3.16,3.22,2.2,2.14,2.2,1.81,1.19,4.63,2.37,1.69,5.53,3.22,3.16,4.68,.23,0,.45
404,McCain,1,1,1,72.2,20.63,31.75,.88,2.22,.03,1.67,.81,4.01,6.96,9.88,7,1.56,5.12,1.77,2.1,12.46,4.74,1.6,1.7,8.3,3.54,4.52,2.36,2.27,1.79,1.91,1.03,2.23,3.68,2.66,1.29,5.74,3.49,2.99,3.2,.34,.24,.52
357,Cleland,1,1,2,75.91,21.7,28.63,2.37,3.14,0,.77,1.12,5.59,7.82,10.82,5.8,1.33,7.4,.56,2.65,12.5,5.1,.84,1.12,8.1,2.86,3.28,2.44,2.65,.98,1.68,1.4,1.75,5.52,1.68,1.47,6.56,2.37,3.14,1.89,1.33,0,.56
530,Inhofe,1,1,1,75.99,16.92,26.21,1.77,2.89,.23,1.97,.95,5.42,7.91,15.21,8.6,3.58,7.62,1.08,2.73,11.43,2.92,1.58,1.81,10.61,2.59,2.23,2.56,1.48,1.35,1.54,1.05,1.22,4.4,1.9,1.54,6.34,4.89,2.76,2.1,.23,.16,.3
281,Lieberman,1,1,2,73.6,28.6,30.24,1.57,1.05,0,1.05,.52,4.02,8.92,8.74,5.77,1.05,5.59,1.05,1.75,15.38,6.29,.87,1.75,5.77,4.9,2.45,3.15,1.57,1.22,1.57,1.57,1.75,4.37,1.4,1.57,8.04,4.02,1.75,2.62,0,0,.52
218,Frist,1,1,1,73.69,18.54,30.54,.58,2.49,.25,1.08,.83,4.48,7.55,10.62,6.72,2.16,4.32,1.58,2.57,11.37,5.56,1.91,1.99,8.13,3.4,4.07,1.16,2.16,1.99,2.32,1.41,1,4.65,2.82,1.91,5.89,5.73,2.57,3.07,.33,.25,.66
17,Akaka,1,0,2,65.28,19.53,39.68,.32,2.24,0,0,.32,2.4,7.36,8,4.96,1.44,3.68,.96,1.12,12.32,5.6,.48,1.92,4.96,2.56,3.84,2.08,2.4,1.44,1.92,1.28,1.76,5.76,1.76,.96,7.2,4,4.96,3.68,.16,.16,.48
487,Landrieu,1,1,2,69.2,20.45,34.16,.58,1.62,.23,1.68,.1,3.92,7.55,9.42,5.63,1.65,4.79,1.2,1.98,12.34,4.7,1.26,1.3,7.12,2.62,3.69,3.17,2.85,1.94,1.49,1.42,1.17,4.27,1.85,1.39,5.15,2.91,4.08,3.63,.19,.19,.97
470,Rockefeller,1,1,2,75.17,20.37,30.03,1.32,3.18,0,1.11,.37,5.12,7.26,11.92,8.33,1.32,6.89,2.02,2.76,11.59,5.53,1.44,2.56,7.76,2.35,5.36,2.97,2.27,1.98,2.72,1.86,.87,4.87,3.01,1.49,5.2,3.55,1.98,3.18,.29,.25,.45
212,Feinstein,1,1,2,74.89,16.15,27.96,1.11,2.71,.15,.97,.44,5.47,6.43,11.8,8.22,1.06,6.82,2.23,2.9,11.9,6.19,1.94,1.98,7.79,2.56,3.82,2.08,2.32,2.52,2.61,1.89,1.26,5.76,2.71,1.79,7.01,3.63,2.52,2.66,.19,.24,1.26
382,Murkowski,1,1,1,70.77,22.35,35.21,1.51,.87,.06,.64,.46,4.47,7.61,9.99,5.93,1.51,4.82,1.16,2.09,12.55,3.54,.58,2.44,5.23,2.15,1.51,2.56,3.02,1.05,.99,1.22,1.63,2.91,1.34,2.09,5.46,3.95,4.82,3.02,1.57,0,.17
366,Lieberman,1,1,2,76.89,20.88,27.66,1.54,2.38,.45,1.33,.31,6.08,8.15,11.82,7.73,2.38,8.04,.56,3.04,12.66,4.65,.98,1.96,8.29,2.73,3.39,2.59,2.2,.94,2.13,1.05,1.57,4.76,1.92,1.22,5.28,4.51,3.08,3.32,.45,.17,.77
368,Warner,1,1,1,76.82,21.92,26.51,2.51,2.33,.41,1.23,.23,6.48,7.44,12.04,7.71,1.92,6.43,1.46,2.69,12.27,5.11,1.51,1.55,8.17,2.51,1.64,2.01,1.46,1.14,2.24,1.78,.96,5.02,2.65,1.64,6.93,4.7,3.01,2.65,.36,.14,.05
376,Lieberman,1,1,2,71.82,33.17,34.67,2.14,1.51,.42,.92,.38,4.56,9.72,9.51,5.82,1.26,6.37,.67,2.18,13.61,4.61,.84,2.3,7.29,2.51,2.51,3.43,1.76,1.21,2.14,1.55,1.3,3.6,2.22,1.34,5.9,2.43,2.55,2.76,.34,.13,.25
408,Specter,1,1,1,72.42,23.01,29.5,2.14,1.34,.1,.83,.1,4.89,8.5,13.61,8.82,2.52,7.41,1.31,3,12.4,4.25,1.57,1.57,4.67,2.14,2.91,3.68,2.4,1.63,2.27,1.18,1.41,3.07,2.33,1.34,5.31,3.71,2.56,3.55,.13,.06,.74
44,Byrd,1,0,2,72.6,15.17,30.18,.98,.98,.26,.98,.43,5.27,9.03,12.76,7.71,1.84,6.93,1.46,2.14,11.86,3.68,.98,1.63,6.89,1.58,2.53,2.44,1.88,1.63,2.14,1.41,.86,3.08,2.01,1.11,5.65,3.68,4.15,3.08,.47,0,.56
371,Byrd,1,0,2,78.03,13.74,22.68,3.13,2.12,.3,.91,1.28,8.76,6.74,14.99,10.01,1.45,9.97,1.45,2.83,11.79,4.21,1.52,2.29,8.69,2.26,1.58,2.9,.91,1.72,2.63,1.11,.64,4.01,2.39,1.85,5.59,4.41,1.99,1.55,.57,.07,.27
45,Byrd,1,0,2,69.94,18.95,34.56,1.11,1.31,.1,.48,.39,4.02,9.49,10.5,6.78,2.61,4.89,1.06,2.61,11.33,4.4,1.16,1.4,5.66,1.31,3.44,2.71,1.4,1.21,1.98,.73,1.31,4.65,1.65,1.26,4.21,4.07,5.32,2.08,.19,.24,.68
500,Mikulski,1,0,2,74.72,14.38,31.51,3.04,2.43,.28,.5,.77,3.7,8.61,12.47,7.73,.94,9.05,1.43,2.59,10.6,5.96,1.16,1.27,8.17,3.59,4.25,3.04,2.54,1.66,1.82,.99,1.43,4.58,1.93,1.38,5.41,2.1,3.2,2.92,.33,.22,.83
373,Feingold,1,0,2,76.9,20.65,30.41,2.54,2.97,.03,.33,.63,4.84,6.79,11.6,7.05,1.38,7.15,.76,3.16,13.61,5.44,1.68,2.44,8.37,2.44,4.28,2.5,1.78,1.55,2.64,1.48,1.12,5.3,2.57,1.45,6.66,4.12,2.9,2.67,.23,.1,.36
261,Kyl,1,1,1,77.07,21.61,27.35,1.2,1.7,.39,1.36,1.07,6.25,7.61,13.31,9.2,2.64,8.08,1.2,2.95,12.21,5.59,1.83,2.04,7.66,2.88,1.96,2.75,2.35,2.3,2.67,1.44,.78,4.31,2.98,2.09,6.04,3.58,2.3,2.54,.24,.18,.13
188,Biden,1,1,2,72.76,19.1,36.55,.72,1.89,0,.61,.22,4.12,7.41,10.31,6.96,1.34,5.57,1.56,1.45,12.7,4.18,.95,1.89,6.91,3.29,3.29,3.29,3.06,1.73,2.12,1.67,2.34,3.79,1.84,1.56,6.41,3.62,4.57,3.34,.39,.06,.45
251,Kerrey,1, ,2,70.95,19.56,31.63,1.53,2.64,.11,.37,.58,3.58,7.17,10.7,6.85,3.16,5.01,.9,2.16,12.65,4.69,.63,1.9,8.38,2.79,3.06,1.27,2.06,1.27,1.21,.79,1.42,4.69,1.27,1.58,6.27,4.06,2.79,2.37,1.37,.79,.58
43,McCain,1,1,1,72.79,25.25,30.91,2.21,2.01,.13,.84,.45,4.09,8.57,11.3,6.95,2.86,4.74,1.62,2.14,11.75,5.58,1.23,2.21,7.86,2.99,3.12,2.4,2.08,1.49,2.21,.91,1.23,4.42,1.82,1.23,4.74,4.35,2.99,2.4,.32,.13,.26
250,Kerrey,1, ,2,73.18,17.85,31.5,.46,3.55,.15,.77,.51,3.34,8.38,9.51,6.63,1.18,5.19,1.85,2,12.13,4.47,.87,1.8,8.68,3.6,3.19,1.64,2.06,2.47,1.9,1.44,1.03,5.81,1.85,1.28,4.78,3.44,3.75,3.44,1.49,.05,.67
524,Hutchinson,1,1,1,72.55,15.33,32.32,1.17,2.02,.04,1.21,.7,4.84,6.82,11.95,8.06,2.57,6.52,.81,2.64,12.28,3.37,1.06,2.09,7.55,1.98,5.28,2.42,1.5,1.03,1.1,1.65,.88,4.4,1.25,1.47,5.35,3.74,2.71,2.38,.4,.11,.88
529,Corzine,1,0,2,71.97,18.65,34.88,1.66,2.93,.06,.5,.39,4.48,8.07,10.06,6.63,1.38,4.64,1.82,1.82,11.5,4.59,.88,1.44,7.63,2.87,3.76,3.1,1.66,1.44,1.93,1.49,1.44,4.59,1.6,1.88,6.36,3.7,2.6,2.54,.5,.22,.55
425,Specter,1,1,1,75.77,21.86,27.66,3.5,1.86,0,1.22,.5,5.36,8.43,12.79,7.58,2.93,6.93,1.07,3.29,13.22,5.58,1,1.36,6.79,3.22,1.57,2.57,1.64,1.43,1.86,.86,.43,4.86,2.22,1.72,5.79,2.86,3.93,2.86,.43,.64,.21
280,Lieberman,1,1,2,71.36,24.03,31.14,1.32,1.87,0,1.6,.55,3.26,6.52,9.15,5.55,1.8,3.95,1.39,1.53,13.52,6.03,.83,1.53,7.28,3.47,3.68,2.01,2.01,1.04,1.6,1.8,1.46,5.27,1.8,2.08,6.93,5.89,2.91,4.02,.28,.21,.42
78,Dayton,1,0,2,76.56,26,30.77,1.23,3.56,.07,1.31,.94,6.39,7.69,10.89,7.84,2.76,5.73,1.16,2.54,10.96,5.22,1.6,2.18,8.78,1.6,3.92,1.96,2.25,1.74,2.39,1.09,1.16,5.37,2.47,1.31,6.6,5.3,2.39,3.05,.44,.07,.36
379,"Graham, FL",1,0,2,75.29,21.53,30.24,2.07,2.55,.33,.81,.63,5.38,8.81,12.17,7.85,1.77,7.52,.86,1.77,13.35,3.94,1.01,1.54,8.28,1.92,4.06,1.92,2.3,1.03,1.41,.61,1.16,4.47,1.56,1.77,5.86,3.74,2.88,4.11,.15,.15,.5
85,Dodd,1,1,2,76.77,18.83,28.85,2.56,3.25,.04,.31,.73,5.2,7.22,13.03,8.02,2.29,7.37,1.72,3.29,12.04,4.81,1.76,1.76,8.33,3.36,2.67,2.87,1.57,2.37,2.29,1.53,.92,5.27,2.37,1.72,5.2,4.28,4.05,4.39,.38,.15,.04
190,Lieberman,1,1,2,76.04,27.94,28.32,1.5,2.96,.36,.83,.36,7.05,7.99,10.11,7.16,1.66,6.59,1.24,2.54,13.07,5.34,1.35,2.13,7.52,3.27,3.32,2.02,2.7,1.19,2.7,1.4,.73,5.24,2.49,1.92,7.11,2.18,3.01,3.16,.26,.05,.47
522,Sarbanes,1,0,2,76.33,18.15,31.16,1.32,3.73,.12,.27,.35,6.29,8.85,10.28,7.06,1.47,6.71,1.32,2.91,12.88,4.15,1.01,1.59,7.53,3.38,2.29,3.03,2.44,1.86,2.13,1.59,.85,5.74,2.1,2.21,6.79,2.56,2.48,4.62,.31,0,.23
410,Daschle,1,1,2,74.38,19.71,31.71,.98,3.07,0,.85,.77,4.65,7.5,11.08,7.25,1.32,7.12,1.49,2.09,12.28,4.73,1.62,2,8.1,2.9,4.13,3.2,2.6,2.47,2.13,1.28,1.15,5.46,2.05,1.83,5.29,2.51,3.84,4.01,.34,.21,.68
466,Collins,1,1,1,68.67,22.91,39.04,1.36,1.16,0,.97,.34,2.81,8.39,7.57,5.58,.97,4.12,.87,2.33,12.27,5.63,.53,2.09,4.46,3.3,4.9,2.62,2.47,1.16,1.45,1.41,1.36,3.98,1.45,.73,4.22,3.25,4.66,3.64,.48,.19,.63
385,Nelson,1,1,2,75.26,22.42,28.5,1.81,2.44,0,.21,.49,5.02,9.69,11.43,8.57,1.46,5.92,1.67,3.21,14.22,5.44,.35,1.18,6.13,2.44,2.37,1.88,1.67,1.46,1.95,1.39,1.6,4.25,1.05,2.23,6.34,2.79,2.72,2.44,.56,.07,.7
367,McCain,1,1,1,72.12,25.73,33.53,1.58,1.63,0,1.13,.27,5.92,7.77,9.53,6.37,1.49,5.51,1.31,2.35,12.52,3.84,1.13,1.94,7.23,3.62,3.16,3.25,1.67,1.04,1.54,1.67,2.21,3.57,1.49,1.17,4.97,4.25,3.21,3.43,.27,.14,.14
241,Specter,1,1,1,69.85,24.48,28.71,1.61,1.27,0,.52,.17,3.28,9.49,11.39,8.29,1.61,5.41,1.5,3.11,13.69,5.01,1.15,1.67,4.03,1.5,2.65,1.78,2.19,1.96,2.42,.86,.98,3.74,2.19,1.44,6.96,4.32,2.24,2.93,.12,.35,.92
405,Biden,1,1,2,84.19,19.97,21.96,2.23,2.24,.22,1.82,.75,6.06,8.73,14.16,9.35,2.41,7.82,2.01,2.6,14.05,5.75,1.91,1.97,9.03,2.41,3.82,2.41,2.68,2.73,2.3,1.88,1.02,5.18,3.02,1.77,5.61,3.74,3.44,3.07,.61,.26,.61
273,Levin,1,0,2,70.8,26.81,34.83,.56,2.25,.07,.07,.91,3.66,9.29,9.92,4.93,1.69,4.86,.77,2.18,13.65,4.29,1.27,1.76,6.19,2.46,2.32,2.81,1.9,1.13,1.55,1.48,1.34,4.86,2.04,1.27,6.69,5.91,3.8,2.81,.07,0,.14
431,Akaka,1,0,2,69.14,21.6,35.62,.43,2.06,0,.51,.51,3.81,8.02,9.43,6.56,1.16,4.89,1.46,1.93,12.17,4.71,.94,2.14,5.57,2.49,4.54,1.37,1.89,1.54,1.84,1.71,1.24,3.86,1.93,1.03,5.7,3.43,4.33,3.3,.86,0,1.37
224,Grams,1, ,1,70.04,22.62,33.4,1.22,1.65,0,1.08,.99,3.76,7.53,10.4,7.01,1.98,5.27,1.32,2.49,11.85,5.32,1.03,1.65,6.54,1.98,2.87,2.02,2.45,1.83,1.65,.94,1.79,3.67,2.35,1.65,5.03,3.48,4.84,3.72,.38,0,.47
502,Allard,1,1,1,71.43,18.49,30.01,2.07,2.07,0,1.17,.45,4.91,7.21,11.63,6.62,.77,7.35,1.22,2.57,11.63,4.69,1.04,1.71,7.26,1.98,2.34,2.7,2.21,1.89,1.76,1.04,.99,4.73,1.26,1.89,6.13,4.46,3.15,2.75,.32,.09,.18
433,Durbin,1,0,2,78.15,17.15,25.59,2.04,3.74,.5,.55,.44,6.34,8.36,12.56,8.2,2.5,7.66,.99,2.55,12.48,4.87,1.49,1.59,9.43,2.27,3.69,2.3,1.9,1.65,1.81,1.13,.64,5.4,2.55,2.2,6.82,3.88,2.59,2.76,.21,.05,.78
381,McCain,1,1,1,74.97,21.41,30.76,2.3,2.19,.04,1.53,.4,4.96,7.44,10.73,7.04,1.93,6.06,1.06,2.23,12.7,4.38,1.46,1.64,9.19,2.48,4.01,2.7,1.61,1.39,2.12,1.9,1.5,4.2,2.37,1.35,5.69,4.12,2.59,2.74,.33,.07,.36
51,Cleland,1,1,2,70.84,25.5,35.42,1.62,2.2,.29,.29,.13,3.21,8.2,8,4.41,1.78,4.08,.78,2.27,13.77,4.18,.81,2.37,6.03,3.31,2.53,2.53,1.94,1.17,1.3,1.46,1.46,4.57,1.17,1.49,5.99,4.5,4.02,4.15,.58,.03,.62
477,Cantwell,1,1,2,72.38,22.13,34.51,1.21,2.79,0,.98,.23,3.91,7.69,10.71,6.47,2.1,5.26,1.54,2,10.85,5.26,1.21,1.16,7.27,3.26,4.15,2.33,2.05,2.33,1.72,1.82,1.63,5.96,2.24,1.91,5.68,3.21,3.59,4.24,.47,.09,.37
361,Allen,1,1,1,72.59,22.39,35.46,1.66,2.15,0,.74,.48,3.77,8.1,9.41,6.39,.48,6.39,1.23,2.5,11.69,6.61,1.01,2.1,6.79,3.42,2.67,3.37,2.36,1.4,1.49,1.75,1.44,5.47,2.06,1.49,5.56,2.76,3.33,3.81,.22,.13,.26
407,Warner,1,1,1,73.29,19.19,30.74,2.79,1.5,.05,.81,.48,5.48,8.97,10.26,6.66,2.26,5.27,1.02,2.1,13.65,4.3,1.24,1.67,5.7,2.36,2.26,2.63,1.88,1.13,1.34,1.29,1.02,3.39,1.67,1.5,5.1,4.73,3.39,4.19,.27,0,.59
362,Stevens,1,1,1,75.65,15.71,27.13,1.71,3.25,.21,1.58,.81,5.04,6.88,12.6,8.76,2.65,7.22,1.5,3.03,11.66,4.7,1.03,1.96,8.63,2.09,4.27,1.96,2.01,1.67,1.84,1.96,.9,5.08,1.71,1.92,7.22,5,2.39,2.14,.3,.09,.81
99,Durbin,1,0,2,76.38,18.89,25.5,1.72,3.37,.2,.52,1.12,6.78,8.3,12.31,8.1,1.72,7.5,1.48,2.69,12.47,4.13,1.32,1.6,8.46,3.25,2.33,2.69,1.4,1.08,1.76,1.08,1.08,4.93,2.13,1.72,7.26,3.77,2.61,2.89,.2,.2,.32
356,Warner,1,1,1,74.86,20.33,28.77,3.87,1.78,.24,.97,.36,4.8,8.05,11.14,6.72,1.95,6.39,.78,3.52,13.02,5.3,.78,1.62,6.94,3.06,1.52,2.9,1.57,1.19,2.09,1.31,.74,4.63,1.83,1.57,6.96,4.04,3.99,2.73,.19,.1,.14
398,Roberts,1,1,1,71.96,20.51,32.89,.84,1.74,.06,.81,.41,3.86,7.69,10.22,7.75,1.28,5.69,1.71,2.64,12.13,4.91,1.36,1.94,6.82,2.41,3.25,2,2.26,1.1,1.97,1.45,1.54,4.99,2.03,1.83,6.04,4.01,3.28,3.95,.49,.29,.46
402,Kennedy,1,0,2,70.91,22.98,34.38,.75,2.3,0,1.06,.6,3.39,7.19,9.81,6.25,1.39,4.72,1.59,2.36,12.04,5.06,1.36,1.69,6.79,2.94,5.82,1.98,1.98,1.55,2.01,1.3,1.26,4.63,2.22,1.32,6.19,3.68,3.29,3.32,.31,.17,1.21
516,Roberts,1,1,1,74.24,15.61,29.97,1.82,2.77,.19,1,.67,4.68,7.12,11.66,7.65,1.34,6.98,1.34,3.82,11.71,5.83,1.29,2.06,7.79,2.53,3.68,3.39,1.91,1.77,2.82,1.86,.76,4.64,2.63,1.43,4.68,3.82,2.29,2.72,.62,.19,.43
191,Levin,1,0,2,69.65,21.86,37.32,.73,.83,0,1.25,.73,3.74,6.96,11.23,5.51,1.98,4.99,1.14,1.25,13.41,4.78,.83,1.87,6.55,3.33,2.91,2.18,2.39,1.46,1.14,1.46,2.08,4.16,1.25,1.25,6.44,4.16,4.89,3.22,.42,.1,.1
259,Kyl,1,1,1,76.4,29.19,30.37,1.44,1.4,.21,.76,.38,6.85,9.05,12.39,8.59,2.41,7.02,1.35,2.75,13.2,6.05,.93,1.99,6.43,2.58,2.03,2.5,2.33,1.73,2.28,.8,.97,4.23,2.24,1.95,5.16,3.81,3.68,3,.42,0,.3
472,Carper,1,1,2,72.65,19.79,30.96,1.53,3.4,0,1.02,.81,4.71,7.43,9.85,6.58,1.53,5.65,1.66,2.12,11.97,5.01,.98,1.83,8.15,3.18,3.65,2,2.21,1.91,2.12,1.32,.76,5.56,2,1.61,6.16,4.29,2.85,3.61,.47,.08,.72
504,Lieberman,1,1,2,73.91,24.84,28.99,1.86,1.91,0,1.02,.37,5.28,7.84,10.9,6.54,2.88,5.88,.5,3.01,13.52,4.89,1.12,2.07,7.14,2.41,2.88,2.72,2.2,.71,1.62,.94,1.1,4.55,2.12,1.78,5.31,4.68,2.9,3.48,.42,.03,.73
465,Dewine,1,1,1,75.63,16.61,28.91,1.58,2.93,.13,1.26,.44,4.85,6.53,12.36,8.1,2.11,7.09,1.45,3.4,11.76,5.36,1.45,1.99,8.32,2.33,3.5,2.99,2.52,1.77,1.29,1.8,.76,5.64,1.99,2.02,5.42,3.66,3.28,3.72,.82,.28,.88
377,Leahy,1,0,2,74.8,17.59,31.85,1.83,2.39,.1,.76,.8,5.62,7.35,12.1,7.85,2.26,7.38,1.16,3.03,11.54,5.09,1.46,1.86,8.11,2.13,2.99,3.32,2.69,1.96,2.33,.83,.96,4.32,2.63,1.8,4.69,4.06,4.16,3.59,.63,.03,.6
406,Byrd,1,0,2,83.77,16.09,20.47,2.87,2.12,.31,1.51,.99,7.33,8.55,14.37,8.57,2.44,8.05,1.6,3.51,14.93,4.71,1.54,1.78,9.91,2.57,2.52,2.69,1.55,1.78,1.69,1.21,1.32,4.55,1.95,1.6,6.05,4.07,2.96,2.62,.56,.29,.67
359,Kyl,1,1,1,72.69,19.82,31.49,.72,2.56,.03,.89,.5,4.82,6.8,10.98,7.72,1.25,6.44,1.39,3.12,11.98,4.79,1.37,1.84,6.66,2.15,3.99,2.29,2.93,1.62,2.12,1.51,1.53,4.6,1.92,2.12,5.18,4.52,2.62,2.68,.36,.11,.36
363,Hatch,1,1,1,74.79,21.86,31.73,1.62,2.76,.16,1.07,.65,3.96,7.4,10.71,7.4,1.85,5.55,1.72,2.08,13.08,5.55,1.46,2.11,8.27,2.47,3.57,2.69,2.04,1.82,1.62,1.98,1.3,5.39,1.98,1.14,6,4.64,3.41,2.63,.42,.52,.32
378,Grassley,1,1,1,71.55,20.78,33.21,2.19,1.44,.11,.53,.32,3.96,6.79,10.21,6.26,1.76,5.35,.86,2.57,13.58,5.13,.91,2.25,5.88,2.62,3.9,2.73,1.93,1.07,2.19,1.23,1.82,3.48,1.87,1.18,5.99,4.6,2.94,2.83,.37,.11,.48
490,Fitzgerald,1,1,1,68,20.79,32.33,.8,2,0,.94,.4,3.47,7.95,9.02,5.74,1.07,4.61,1.27,1.34,12.02,4.28,.94,2.14,6.28,2.94,4.34,1.47,1.67,1.34,1.27,.94,1.8,4.54,1.67,1.14,7.01,4.21,3.01,2.87,.27,.67,.6
364,Nelson,1,1,2,71.27,19.87,32.29,1.32,2.01,.04,1.24,.54,4.1,7.55,9.45,6.27,1.63,4.96,1.66,2.05,12.93,5.11,.81,1.59,7.08,3.37,3.56,2.05,1.97,1.7,1.05,1.86,1.7,5.42,1.36,1.82,6.35,3.21,3.45,3.52,.35,.08,.7
295,McCain,1,1,1,69.69,20.13,37.33,.71,1.85,0,.64,.5,4.12,6.39,9.3,6.81,1.35,4.97,1.63,1.99,14.19,4.54,.99,2.2,5.32,2.91,3.26,1.49,2.13,1.7,1.63,1.85,1.06,4.54,1.7,1.92,6.74,2.63,2.63,2.7,.43,.14,.5
22,Bond,1,1,1,73.36,16.45,28.28,1.65,2.27,0,.67,.67,4.22,5.72,11.33,6.9,2.16,6.13,1.29,2.73,13.76,4.33,1.08,3.09,7.01,2.22,3.61,2.06,2.11,1.6,2.01,1.75,.77,5.15,1.91,1.55,6.9,5.15,4.07,2.22,.57,0,.36
513,Kerry,1,1,2,73.46,23.44,31.89,1.19,2.1,.05,1.24,.78,4.57,7.96,10.1,6.56,1.67,5.92,1.23,1.99,12.85,5.17,1.3,1.58,7.22,2.44,4.2,2.38,2.84,1.6,2.08,1.55,1.19,4.82,2.04,1.48,5.87,3.68,3.38,3.48,.37,.11,.85
268,Leahy,1,0,2,72.58,18.65,30.68,1.27,1.99,0,.72,.72,3.76,8.57,9.95,7.41,1.88,5.47,1.11,2.76,11.72,4.59,1.44,2.54,7.08,2.21,3.98,1.82,1.55,1.44,1.49,1.38,1.16,4.7,1.88,1.22,6.03,4.59,2.99,2.16,.44,.17,1
403,Lieberman,1,1,2,72.19,18.97,30.51,1.9,2.39,.21,.93,.26,4.72,8.03,11.35,7.34,1.46,7.01,1.22,2.43,11.96,5.17,.95,1.57,6.96,2.17,3.27,2.38,2.48,1.57,2,1.31,1.4,4.77,2.08,1.77,5,3.65,2.88,2.88,.34,.24,.53
448,Nickles,2,0,1,81.55,12.53,24.19,3.74,3.49,0,1.25,2.24,3.99,6.98,13.22,8.48,3.49,7.73,.75,3.24,13.97,7.23,1.5,2.24,12.47,2.99,.5,2.24,.75,1.75,3.49,1,1.5,8.48,2,2.24,3.99,3.99,4.49,4.24,1,0,0
293,Domenici,2,0,1,80.12,14.84,20.3,2.63,3.37,1.15,.58,1.15,8.13,7.23,15.78,9.94,1.56,10.35,1.89,3.94,11.67,5.75,3.78,1.07,11.5,1.81,1.64,2.22,1.81,1.48,2.71,.82,.49,4.35,4.6,1.81,6.24,3.45,2.3,2.79,.58,0,.66
89,Hutchison,2,0,1,78.85,15.22,25.48,1.6,6.09,.32,.64,.8,4.81,8.65,17.95,12.98,4.65,10.42,.64,2.88,11.06,4.49,2.08,.8,13.14,1.28,1.28,1.92,1.76,1.6,1.76,1.12,1.76,8.33,2.72,1.92,5.29,4.49,3.69,3.53,.48,0,0
390,Nickles,2,0,1,79.27,11.35,21.28,5.32,2.39,0,1.47,1.65,3.67,6.24,17.8,11.19,2.2,11.74,.92,5.5,12.11,4.95,2.02,1.65,9.72,1.1,.37,2.02,.92,1.83,2.75,.92,0,4.22,3.67,1.1,5.87,5.14,2.57,2.02,1.65,0,0
288,Gorton,2,0,1,75.66,20.66,24.48,1.24,2.35,.28,.14,.41,6.09,10.1,9.27,6.22,.55,5.95,1.24,1.94,15.35,3.18,2.49,2.07,5.67,2.63,2.49,1.8,3.73,1.8,1.66,.97,.41,4.56,3.04,1.52,6.78,3.18,3.46,2.9,1.24,0,1.66
231,Hutchinson,2,0,1,79.76,24.39,26.06,2.38,4.1,.13,.13,0,7.8,8.07,14.55,9.92,.66,11.11,1.46,3.84,11.24,5.56,.93,2.12,8.86,4.1,.4,3.31,1.06,2.38,3.44,2.12,.53,6.61,2.91,2.51,4.37,3.97,2.25,3.31,.26,0,.13
316,Murkowski,2,0,1,78.71,20.48,26.95,2.34,6.25,0,0,.2,4.69,7.23,11.33,7.42,.98,7.62,1.37,2.15,14.65,6.25,1.76,1.37,10.94,2.54,1.76,3.12,.78,1.95,2.15,1.56,.78,7.03,3.52,2.34,6.05,6.45,1.76,2.73,.2,0,.39
226,Grams,2,0,1,69.16,18.04,33.49,2.65,1.93,0,.48,.96,4.1,6.75,10.36,6.51,.96,7.71,.96,2.89,11.33,5.78,2.65,2.41,8.19,3.86,1.69,1.2,3.37,1.2,1.2,1.45,1.93,4.58,3.13,1.93,4.58,3.37,4.1,4.58,0,0,.24
291,Brownback,2,0,1,78.49,16.27,25.14,3.07,2.79,.28,0,.56,5.73,6.7,15.22,10.34,2.09,10.75,.98,3.77,12.15,5.59,1.96,1.12,9.78,3.35,2.37,2.37,.42,2.37,3.63,0,.84,5.59,3.91,1.82,7.96,4.33,1.54,2.23,0,0,.28
246,Dorgan,2,1,2,76.69,16.47,29.68,4.8,1.47,.29,.69,0,6.27,7.25,12.54,9.21,3.04,6.95,1.57,4.51,12.63,4.51,.98,1.96,9.3,2.35,1.18,2.25,.78,1.67,2.35,2.06,1.37,3.43,2.25,.98,5.97,3.33,2.55,1.96,0,0,.2
440,Specter,2,1,1,75.33,15.85,26.39,4.4,.96,0,0,0,4.4,11.66,12.62,7.84,3.06,7.65,.57,3.06,15.11,2.68,1.15,2.29,5.16,1.72,.76,3.06,2.49,.38,1.72,.38,.19,2.29,1.91,1.34,6.5,3.82,1.91,2.68,.19,0,.57
287,Nickles,2,0,1,76.35,14.02,27.03,3.59,2.94,.64,.89,1.37,5.08,6,15.51,10.8,2.42,8.66,1.97,3.79,10.52,4.43,1.65,2.46,10.07,3.75,2.58,1.85,2.22,2.26,3.14,.44,.73,4.67,2.22,1.89,5.92,2.94,2.74,1.93,0,.04,.6
53,Bennett,2,0,1,76.28,21.62,28.71,2.02,2.49,.42,2.25,.59,5.52,9.37,11.33,7.53,3.2,6.23,1.01,1.96,13.29,3.2,1.9,1.42,9.61,2.14,3.2,1.72,1.84,1.07,1.3,1.25,.77,4.69,2.25,3.14,5.16,2.55,4.21,3.26,0,.06,1.72
286,Inhofe,2,0,1,74.79,19.7,27.45,1.58,3,.33,.25,1.25,3.83,5.32,13.89,9.4,2.25,7.74,1,3.99,11.56,3.99,2.33,2.5,10.73,3.08,4.24,1.33,1.16,1.41,2,1.66,1.41,5.99,2,1.83,8.24,3.24,2.5,1.75,.17,.33,1.16
111,Feingold,2,0,2,69.16,19.66,32.11,1.75,.32,0,0,1.11,4.29,7.63,10.02,6.52,3.18,4.13,.64,2.54,13.67,4.29,.16,2.7,6.52,2.23,3.34,1.27,2.07,.64,1.75,.64,.95,3.66,.64,1.75,6.2,6.04,2.7,2.86,.64,0,1.75
446,Warner,2,1,1,75,23.36,29.11,2.74,1.37,0,0,.34,5.65,7.53,9.76,6.68,1.88,4.97,.68,4.11,13.7,6.16,.68,2.4,4.97,1.03,1.2,1.03,2.91,1.54,1.37,1.71,1.54,4.79,1.88,1.54,9.42,4.97,2.57,2.74,.86,.17,0
249,Warner,2,1,1,75.39,21.95,27.33,3.53,2.65,.51,.15,.66,5.22,8.38,11.09,6.83,1.4,7.27,.96,2.5,14.77,4.19,.66,1.76,8.23,3.97,2.06,1.32,1.98,1.98,2.5,1.91,.44,5,2.06,2.79,6.98,4.7,1.84,2.5,.22,0,.07
202,Snowe,2,1,1,66.78,25.85,39.48,.68,2.05,0,.11,.34,2.96,8.08,6.14,1.82,1.14,2.16,.23,1.25,12.97,4.78,.34,2.5,5.92,3.64,2.05,1.14,1.71,.46,1.02,1.93,.68,4.21,.8,1.59,5.23,4.21,7.51,2.96,3.3,.11,0
245,Hutchison,2,0,1,77.67,17.91,24.17,2.1,4.96,.16,.69,.56,5.98,7.16,15.83,10.8,1.48,10.94,1.77,4.2,10.11,6.17,2.3,1.61,9.62,3.09,1.15,2.2,1.81,2.43,2.2,1.9,.82,7.22,3.91,2.66,6.04,4.14,1.9,2.73,.36,.03,.26
55,Biden,2,1,2,58.95,17.59,43.58,.21,1.05,0,.21,.84,2.53,6.95,6.53,4,1.68,2.74,.63,1.26,12.21,3.37,0,1.47,5.47,1.47,2.95,.42,2.74,1.68,.21,1.05,1.68,4,.21,2.32,4,5.47,3.58,2.53,.42,.42,.84
426,Specter,2,1,1,72.33,23,28.62,1.34,1.42,0,.32,.24,4.35,11.7,10.59,7.27,2.29,5.14,1.03,3.08,13.28,3.56,1.11,1.98,5.38,1.98,1.5,2.92,2.69,1.26,1.03,.63,.63,3.24,1.98,1.26,6.48,3.87,2.69,4.19,.08,0,.32
228,Gregg,2,0,1,78.83,19.1,26.4,1.68,2.46,.09,.09,.91,6.78,7.28,13.2,8.92,2.28,8.74,.86,4.28,13.02,5.83,1.73,1.87,6.65,1.46,2.41,3.05,3.46,1.37,2.87,1.46,.5,4.69,2.82,2.18,7.28,3.32,1.91,2.32,.5,.18,.68
222,Gorton,2,0,1,73.31,25.65,28.79,1.35,2.7,.3,0,.6,4.5,7.8,9.6,6.6,1.05,5.4,1.5,2.7,13.19,5.55,1.8,2.4,7.05,2.85,1.8,1.8,2.55,1.8,1.95,1.65,.9,6.3,2.55,1.05,8.55,2.85,2.85,3,.75,.15,1.2
290,Bunning,2,0,1,77.02,15.7,21.84,1.02,2.84,.68,0,.91,6.03,7.96,16.04,11.38,2.96,8.08,1.71,2.96,14.33,4.89,1.59,2.96,8.08,1.93,2.28,1.59,1.93,1.82,2.16,1.59,.91,5.46,3.07,1.93,6.94,2.62,2.05,1.25,.46,.23,.68
441,Warner,2,1,1,74.56,18.94,25.92,3.84,1.76,.48,.48,.64,4,9.12,12.8,8,3.84,6.88,.8,2.4,12.96,5.12,.64,1.6,6.88,2.56,1.44,1.76,2.4,1.28,1.76,.64,.64,4.64,1.6,1.76,8.48,5.12,3.36,2.56,.16,0,.48
450,Warner,2,1,1,75.86,21.3,30.26,3.02,1.26,0,0,.67,5.7,7.96,11.23,7.54,1.76,7.88,.75,3.77,13.33,5.45,.92,2.26,5.53,3.69,2.43,1.51,1.51,.92,2.18,1.51,1.26,5.62,1.93,2.18,6.37,3.19,3.1,2.43,0,.34,.17
456,Wellstone,2,1,2,72.04,19.25,32.93,2.14,2.06,0,.84,.99,4.05,5.81,11.15,6.95,1.6,6.42,1.91,3.13,12.76,5.5,1.45,1.38,7.56,2.06,2.6,1.91,2.14,2.9,1.76,1.38,1.76,5.5,2.14,1.91,5.5,5.12,1.68,1.6,.23,.08,.76
211,Feinstein,2,1,2,72.16,22.32,30.4,1.76,1.44,0,.64,.8,4.16,7.68,10.72,5.92,2.24,5.76,.96,1.76,12.8,4.64,1.44,1.92,6.4,3.36,1.92,2.08,2.4,1.44,1.44,1.44,1.92,6.4,2.24,1.44,6.56,4,2.88,2.72,.16,.48,.8
317,Bunning,2,0,1,72.59,16.42,29.82,1.4,3.3,.38,.51,1.14,4.31,4.57,13.58,8.76,1.78,8.63,1.14,4.06,11.68,6.47,2.41,3.05,9.52,3.43,1.9,2.54,1.4,1.4,3.17,1.4,.63,5.46,3.43,1.65,5.71,3.93,2.54,2.79,.89,.25,.13
292,Warner,2,1,1,78.8,15.69,25.25,4.04,2.7,0,.61,.86,7.6,7.6,12.01,8.21,2.33,7.48,1.1,2.45,12.87,5.02,1.47,2.08,9.8,2.45,.61,2.94,1.1,2.21,2.57,1.47,1.23,5.15,2.57,1.72,5.02,3.19,3.19,2.82,.25,0,0
81,Dewine,2,1,1,70.99,17.7,31.08,.55,1.59,0,.76,.69,4.62,6.48,10.75,7.79,2.21,5.24,1.31,2.89,12.34,5.93,1.52,3.1,5.51,2.55,2.69,1.45,1.65,2.14,3.1,1.79,.76,4.55,2.76,1.45,5.58,5.1,3.31,2.69,.07,.07,.48
248,Specter,2,1,1,72.99,20.45,29.81,2.84,1.12,.19,1.44,.19,4.33,9.32,13.6,8.94,2.75,6.99,1.63,3.77,14.07,5.31,.98,1.4,7.17,1.77,1.16,2.84,1.96,1.77,2.93,.84,1.07,3.45,2.28,1.54,4.7,3.54,2.1,2.56,.23,.05,.61
447,Warner,2,1,1,73.93,20.31,30.47,3.95,1.21,.36,.12,.85,6.21,7.47,12.03,7.43,1.78,7.75,1.01,3.03,12.79,5.53,.73,2.06,5.49,1.82,1.82,1.69,2.34,1.69,1.29,1.37,.81,5.17,1.57,2.66,6.78,3.47,2.5,2.62,.28,0,.16
232,Specter,2,1,1,72.36,23.69,30.75,1.21,1.41,0,.2,.6,5.23,8.44,11.86,7.44,2.01,7.34,.5,3.52,14.57,4.92,1.01,.8,4.82,2.31,2.71,2.11,1.11,1.21,1.11,1.01,.9,4.32,2.21,2.41,6.93,3.22,2.31,2.31,.1,0,.6
91,Domenici,2,0,1,74,21.05,32.25,3.25,3,.5,.5,.75,2.5,6,11,6.5,.5,8,1.25,3.25,12.25,5.75,.25,3.25,8,2.75,3.25,2.5,1.75,1.5,1.75,1.25,1,4.75,1.25,2.25,6.25,5,3.5,2.5,1,0,.25
77,Daschle,2,1,2,70.05,17.1,35.56,.6,1.43,0,.72,.36,3.82,7.76,8.71,6.21,1.67,4.3,.95,1.55,13.96,3.58,1.07,1.07,6.21,2.27,2.51,2.03,2.74,1.55,1.79,2.27,1.31,4.42,1.67,2.39,7.16,5.13,2.98,2.74,.24,.36,.95
201,Roberts,2,0,1,76.6,16.62,24.8,2.57,2.79,.29,.44,.37,5.14,8.73,12.47,7.56,1.76,7.92,.81,3.89,12.91,6.02,1.1,2.13,9.17,3.08,1.25,1.83,1.54,1.69,2.13,1.61,1.03,6.16,2.2,1.1,6.16,4.11,3.23,1.25,.81,.07,.07
457,Wellstone,2,1,2,69.32,23.03,37.34,2.39,1.37,0,.14,.58,3.84,5.86,9.12,4.92,.94,5.57,.94,2.53,12.88,4.56,.65,1.81,7.38,2.53,1.59,2.1,2.68,1.01,1.88,1.3,1.59,5.21,1.37,2.53,6.01,4.78,3.55,3.26,.14,0,.36
57,Biden,2,1,2,71.21,20.42,32.63,2.47,1.21,.08,1.02,.51,3.88,7.09,11.79,7.68,2.15,5.64,2.04,1.88,13.36,4.19,1.25,1.84,6.46,2.94,1.41,1.68,2.51,2.35,1.68,1.61,1.25,3.49,1.96,1.53,6.89,4.31,3.13,2.78,.27,.08,.31
88,Domenici,2,0,1,73.72,15.78,33.55,2.14,2.05,.37,.09,1.21,4.29,7.64,12.4,9.23,1.12,7.27,1.68,3.17,11.65,3.54,1.3,2.89,6.8,2.89,2.24,2.98,2.24,1.58,1.49,1.86,1.21,3.36,1.86,1.68,5.59,2.89,2.89,2.7,.93,.09,.19
449,Warner,2,1,1,75.3,18.82,29.36,3,1.26,.41,.49,.85,5.19,7.99,12.12,8.31,1.38,7.7,1.34,3.08,12.25,3.89,1.78,2.15,6.12,2.23,1.78,2.07,2.8,1.74,1.54,1.18,1.38,4.87,2.31,1.95,7.42,4.26,2.72,2.68,.04,.04,.2
313,McConnell,2,1,1,67.35,18.67,36.98,1.03,.88,0,.51,.44,3.08,8.07,6.53,3.89,1.47,3.37,.29,2.05,12.55,4.48,.51,1.32,5.87,2.35,3.67,1.39,2.64,.37,.66,1.17,1.69,5.5,.88,1.39,5.36,4.84,3.67,2.86,.29,.15,.81
289,Biden,2,1,2,75.16,16.39,23.52,2.52,2.96,.38,.31,.57,7.3,7.99,14.15,8.68,2.58,8.93,1.19,3.14,13.02,4.91,1.13,2.26,7.74,2.45,1.32,2.96,2.52,1.95,2.26,1.64,1.38,5.22,2.52,1.95,6.67,3.27,1.45,1.64,.13,.06,.31
399,Roberts,2,0,1,73.76,20.24,29.37,2.37,2.85,.14,.35,.56,4.66,7.03,12.18,8.91,1.88,7.93,.7,4.59,12.73,4.52,1.25,2.02,8.07,2.09,1.95,2.02,1.39,1.39,2.09,1.88,.63,5.78,1.81,1.6,6.96,3.27,2.37,2.02,.63,.07,.07
400,Roberts,2,0,1,74.66,18.1,29.39,1.48,1.77,.07,.32,.32,3.83,9.42,11.84,7.18,1.7,6.21,1.26,3.07,12.6,5.31,1.73,2.09,6.86,2.71,1.55,2.89,2.64,1.7,2.24,1.41,1.52,4.44,2.09,1.62,5.34,4.37,4.4,2.56,.54,.04,.43
401,Roberts,2,0,1,75.44,17.73,26.26,2.1,2.4,.35,.4,.55,5.24,8.84,13.53,9.44,2.3,7.79,1.15,3.1,11.88,5.94,1.25,1.85,8.39,2.4,1.9,1.45,1.5,1.2,1.75,1.2,1,6.29,2.1,2.05,5.79,4.14,2.5,1.55,.3,.15,.35
310,McCain,2,1,1,69.49,23.77,33.26,.5,.95,0,.39,.34,3.98,9.14,8.52,6.67,1.68,4.43,1.4,2.19,13.52,4.15,1.23,1.85,4.32,2.08,2.92,1.35,1.85,1.18,1.01,1.35,1.79,4.15,1.79,1.23,5.72,4.99,2.86,2.69,.39,.11,.79
54,Biden,2,1,2,68.67,21.9,33.32,1.55,.75,.08,.68,.48,3.89,8.1,8.82,6.16,1.27,4.77,1.43,2.22,14.46,5,.95,1.91,5.52,1.75,2.3,1.75,2.42,1.55,1.91,1.71,1.23,4.21,2.18,1.51,5.92,4.29,2.94,2.34,.32,.2,.44
64,Byrd,2,1,2,71.75,19.74,32.14,1.69,2.05,0,.41,.77,4.35,8.09,11.16,7.47,1.64,6.76,1.33,3.12,13.15,4.96,1.64,1.69,7.22,2,2.1,2,1.18,1.48,2.3,1.02,1.38,5.02,2.66,2.25,6.14,3.89,4.4,2.41,.46,0,.56
247,Biden,2,1,2,73.61,16.96,28.28,2.94,1.56,.36,.87,.94,5.31,7.53,13.47,8.55,3.46,6.55,1.07,2.75,11.81,4.99,1.24,1.41,8.35,2.22,1.96,2.15,2.58,1.53,2.22,1.33,.91,4.18,2.25,1.74,5.28,3.92,2.64,2.58,.23,.22,.42
